[2025-11-05 22:44:41] Starting Calling...
[2025-11-05 22:44:43] {"callerName":"ldata","action":"make_call","id_user":20,"id_plan":1,"calledstation":"2002","callerid":"18005318722","starttime":"2025-11-05 22:44:41","stoptime":"2025-11-05 22:44:41","sessiontime":60,"sessionbill":"0.00","buycost":"0.00","uniqueid":"call_690b8601ecdee","callback_method":"softphone","customer_name":"jhone smith","customer_number":"2002","callback_destination":"ldata"}
[2025-11-05 22:44:43] {"success":true,"output":{"success":true,"ami_response":{"response":"Success","actionid":"orig_690b86024888e","message":"Originate successfully queued"},"channel":"SIP\/2002-0000004b","error":null},"channel":"SIP\/2002-0000004b","cdr_uniqueid":"call_690b8601ecdee"}
[2025-11-05 22:44:43] 
[2025-11-05 22:44:43] 200
[2025-11-05 22:44:45] Starting get call stat...
[2025-11-05 22:44:46] {"callChannel":"SIP\/2002-0000004b","action":"status_call"}
[2025-11-05 22:44:46] {"success":true,"channel":"SIP\/2002-0000004b","status":"ringing","status_detail":"Call is ringing at the destination (not yet answered)","dtmf_input":null,"dtmf_updated_at":null,"dtmf_array":[false]}
[2025-11-05 22:44:46] 
[2025-11-05 22:44:46] 200
[2025-11-05 22:44:47] Starting get call stat...
[2025-11-05 22:44:48] {"callChannel":"SIP\/2002-0000004b","action":"status_call"}
[2025-11-05 22:44:48] {"success":false,"error":"Error:x: Read timeout Line: 424 File:\/var\/www\/html\/mbilling\/api\/call\/vendor\/marcelog\/pami\/src\/PAMI\/Client\/Impl\/ClientImpl.php"}
[2025-11-05 22:44:48] 
[2025-11-05 22:44:48] 400
[2025-11-05 22:44:49] Starting get call stat...
[2025-11-05 22:44:50] {"callChannel":"SIP\/2002-0000004b","action":"status_call"}
[2025-11-05 22:44:50] {"success":true,"channel":"SIP\/2002-0000004b","status":"up","status_detail":"Call is active and answered - media is flowing","dtmf_input":null,"dtmf_updated_at":null,"dtmf_array":[false]}
[2025-11-05 22:44:50] 
[2025-11-05 22:44:50] 200
[2025-11-05 22:44:51] Starting get call stat...
[2025-11-05 22:44:52] {"callChannel":"SIP\/2002-0000004b","action":"status_call"}
[2025-11-05 22:44:52] {"success":true,"channel":"SIP\/2002-0000004b","status":"up","status_detail":"Call is active and answered - media is flowing","dtmf_input":null,"dtmf_updated_at":null,"dtmf_array":[false]}
[2025-11-05 22:44:52] 
[2025-11-05 22:44:52] 200
[2025-11-05 22:44:53] Starting get call stat...
[2025-11-05 22:44:54] {"callChannel":"SIP\/2002-0000004b","action":"status_call"}
[2025-11-05 22:44:54] {"success":true,"channel":"SIP\/2002-0000004b","status":"up","status_detail":"Call is active and answered - media is flowing","dtmf_input":null,"dtmf_updated_at":null,"dtmf_array":[false]}
[2025-11-05 22:44:54] 
[2025-11-05 22:44:54] 200
[2025-11-05 22:44:55] Starting get call stat...
[2025-11-05 22:44:56] {"callChannel":"SIP\/2002-0000004b","action":"status_call"}
[2025-11-05 22:44:56] {"success":true,"channel":"SIP\/2002-0000004b","status":"up","status_detail":"Call is active and answered - media is flowing","dtmf_input":null,"dtmf_updated_at":null,"dtmf_array":[false]}
[2025-11-05 22:44:56] 
[2025-11-05 22:44:56] 200
[2025-11-05 22:44:57] Starting get call stat...
[2025-11-05 22:44:58] {"callChannel":"SIP\/2002-0000004b","action":"status_call"}
[2025-11-05 22:44:58] {"success":true,"channel":"SIP\/2002-0000004b","status":"up","status_detail":"Call is active and answered - media is flowing","dtmf_input":null,"dtmf_updated_at":null,"dtmf_array":[false]}
[2025-11-05 22:44:58] 
[2025-11-05 22:44:58] 200
[2025-11-05 22:44:59] Starting get call stat...
[2025-11-05 22:45:01] {"callChannel":"SIP\/2002-0000004b","action":"status_call"}
[2025-11-05 22:45:01] {"success":true,"channel":"SIP\/2002-0000004b","status":"up","status_detail":"Call is active and answered - media is flowing","dtmf_input":null,"dtmf_updated_at":null,"dtmf_array":[false]}
[2025-11-05 22:45:01] 
[2025-11-05 22:45:01] 200
[2025-11-05 22:45:01] Starting get call stat...
[2025-11-05 22:45:04] {"callChannel":"SIP\/2002-0000004b","action":"status_call"}
[2025-11-05 22:45:04] {"success":true,"channel":"SIP\/2002-0000004b","status":"up","status_detail":"Call is active and answered - media is flowing","dtmf_input":null,"dtmf_updated_at":null,"dtmf_array":[false]}
[2025-11-05 22:45:04] 
[2025-11-05 22:45:04] 200
[2025-11-05 22:45:04] Starting get call stat...
[2025-11-05 22:45:08] {"callChannel":"SIP\/2002-0000004b","action":"status_call"}
[2025-11-05 22:45:08] {"success":true,"channel":"SIP\/2002-0000004b","status":"up","status_detail":"Call is active and answered - media is flowing","dtmf_input":"2","dtmf_updated_at":"2025-11-05 17:15:07","dtmf_array":{"dtmf_input":"2","updated_at":"2025-11-05 17:15:07"}}
[2025-11-05 22:45:08] 
[2025-11-05 22:45:08] 200
[2025-11-05 22:45:08] Starting get call stat...
[2025-11-05 22:45:09] {"callChannel":"SIP\/2002-0000004b","action":"status_call"}
[2025-11-05 22:45:09] {"success":true,"channel":"SIP\/2002-0000004b","status":"up","status_detail":"Call is active and answered - media is flowing","dtmf_input":"2","dtmf_updated_at":"2025-11-05 17:15:07","dtmf_array":{"dtmf_input":"2","updated_at":"2025-11-05 17:15:07"}}
[2025-11-05 22:45:09] 
[2025-11-05 22:45:09] 200
[2025-11-05 22:45:10] Starting get call stat...
[2025-11-05 22:45:11] {"callChannel":"SIP\/2002-0000004b","action":"status_call"}
[2025-11-05 22:45:11] {"success":true,"channel":"SIP\/2002-0000004b","status":"up","status_detail":"Call is active and answered - media is flowing","dtmf_input":"2","dtmf_updated_at":"2025-11-05 17:15:07","dtmf_array":{"dtmf_input":"2","updated_at":"2025-11-05 17:15:07"}}
[2025-11-05 22:45:11] 
[2025-11-05 22:45:11] 200
[2025-11-05 22:45:11] Starting get call stat...
[2025-11-05 22:45:12] {"callChannel":"SIP\/2002-0000004b","action":"status_call"}
[2025-11-05 22:45:12] {"success":true,"channel":"SIP\/2002-0000004b","status":"up","status_detail":"Call is active and answered - media is flowing","dtmf_input":"2","dtmf_updated_at":"2025-11-05 17:15:07","dtmf_array":{"dtmf_input":"2","updated_at":"2025-11-05 17:15:07"}}
[2025-11-05 22:45:12] 
[2025-11-05 22:45:12] 200
[2025-11-05 22:45:12] Starting get call stat...
[2025-11-05 22:45:13] {"callChannel":"SIP\/2002-0000004b","action":"status_call"}
[2025-11-05 22:45:13] {"success":true,"channel":"SIP\/2002-0000004b","status":"up","status_detail":"Call is active and answered - media is flowing","dtmf_input":"2","dtmf_updated_at":"2025-11-05 17:15:07","dtmf_array":{"dtmf_input":"2","updated_at":"2025-11-05 17:15:07"}}
[2025-11-05 22:45:13] 
[2025-11-05 22:45:13] 200
[2025-11-05 22:45:13] Starting get call stat...
[2025-11-05 22:45:15] {"callChannel":"SIP\/2002-0000004b","action":"status_call"}
[2025-11-05 22:45:15] {"success":true,"channel":"SIP\/2002-0000004b","status":"up","status_detail":"Call is active and answered - media is flowing","dtmf_input":"2","dtmf_updated_at":"2025-11-05 17:15:07","dtmf_array":{"dtmf_input":"2","updated_at":"2025-11-05 17:15:07"}}
[2025-11-05 22:45:15] 
[2025-11-05 22:45:15] 200
[2025-11-05 22:45:15] Starting get call stat...
[2025-11-05 22:45:17] {"callChannel":"SIP\/2002-0000004b","action":"status_call"}
[2025-11-05 22:45:17] {"success":true,"channel":"SIP\/2002-0000004b","status":"up","status_detail":"Call is active and answered - media is flowing","dtmf_input":"2","dtmf_updated_at":"2025-11-05 17:15:07","dtmf_array":{"dtmf_input":"2","updated_at":"2025-11-05 17:15:07"}}
[2025-11-05 22:45:17] 
[2025-11-05 22:45:17] 200
[2025-11-05 22:45:17] Starting get call stat...
[2025-11-05 22:45:18] {"callChannel":"SIP\/2002-0000004b","action":"status_call"}
[2025-11-05 22:45:18] {"success":true,"channel":"SIP\/2002-0000004b","status":"up","status_detail":"Call is active and answered - media is flowing","dtmf_input":"2","dtmf_updated_at":"2025-11-05 17:15:07","dtmf_array":{"dtmf_input":"2","updated_at":"2025-11-05 17:15:07"}}
[2025-11-05 22:45:18] 
[2025-11-05 22:45:18] 200
[2025-11-05 22:45:19] Starting get call stat...
[2025-11-05 22:45:20] {"callChannel":"SIP\/2002-0000004b","action":"status_call"}
[2025-11-05 22:45:20] {"success":true,"channel":"SIP\/2002-0000004b","status":"up","status_detail":"Call is active and answered - media is flowing","dtmf_input":"2","dtmf_updated_at":"2025-11-05 17:15:07","dtmf_array":{"dtmf_input":"2","updated_at":"2025-11-05 17:15:07"}}
[2025-11-05 22:45:20] 
[2025-11-05 22:45:20] 200
[2025-11-05 22:45:21] Starting get call stat...
[2025-11-05 22:45:22] {"callChannel":"SIP\/2002-0000004b","action":"status_call"}
[2025-11-05 22:45:22] {"success":true,"channel":"SIP\/2002-0000004b","status":"up","status_detail":"Call is active and answered - media is flowing","dtmf_input":"2","dtmf_updated_at":"2025-11-05 17:15:07","dtmf_array":{"dtmf_input":"2","updated_at":"2025-11-05 17:15:07"}}
[2025-11-05 22:45:22] 
[2025-11-05 22:45:22] 200
[2025-11-05 22:45:23] Starting get call stat...
[2025-11-05 22:45:24] {"callChannel":"SIP\/2002-0000004b","action":"status_call"}
[2025-11-05 22:45:24] {"success":true,"channel":"SIP\/2002-0000004b","status":"up","status_detail":"Call is active and answered - media is flowing","dtmf_input":"2","dtmf_updated_at":"2025-11-05 17:15:07","dtmf_array":{"dtmf_input":"2","updated_at":"2025-11-05 17:15:07"}}
[2025-11-05 22:45:24] 
[2025-11-05 22:45:24] 200
[2025-11-05 22:45:25] Starting get call stat...
[2025-11-05 22:45:26] {"callChannel":"SIP\/2002-0000004b","action":"status_call"}
[2025-11-05 22:45:26] {"success":true,"channel":"SIP\/2002-0000004b","status":"up","status_detail":"Call is active and answered - media is flowing","dtmf_input":"2","dtmf_updated_at":"2025-11-05 17:15:07","dtmf_array":{"dtmf_input":"2","updated_at":"2025-11-05 17:15:07"}}
[2025-11-05 22:45:26] 
[2025-11-05 22:45:26] 200
[2025-11-05 22:45:27] Starting get call stat...
[2025-11-05 22:45:28] {"callChannel":"SIP\/2002-0000004b","action":"status_call"}
[2025-11-05 22:45:28] {"success":true,"channel":"SIP\/2002-0000004b","status":"up","status_detail":"Call is active and answered - media is flowing","dtmf_input":"2","dtmf_updated_at":"2025-11-05 17:15:07","dtmf_array":{"dtmf_input":"2","updated_at":"2025-11-05 17:15:07"}}
[2025-11-05 22:45:28] 
[2025-11-05 22:45:28] 200
[2025-11-05 22:45:29] Starting get call stat...
[2025-11-05 22:45:30] {"callChannel":"SIP\/2002-0000004b","action":"status_call"}
[2025-11-05 22:45:30] {"success":false,"error":"Error:x: Read timeout Line: 424 File:\/var\/www\/html\/mbilling\/api\/call\/vendor\/marcelog\/pami\/src\/PAMI\/Client\/Impl\/ClientImpl.php"}
[2025-11-05 22:45:30] 
[2025-11-05 22:45:30] 400
[2025-11-05 22:45:31] Starting get call stat...
[2025-11-05 22:45:32] {"callChannel":"SIP\/2002-0000004b","action":"status_call"}
[2025-11-05 22:45:32] {"success":true,"channel":"SIP\/2002-0000004b","status":"up","status_detail":"Call is active and answered - media is flowing","dtmf_input":"2","dtmf_updated_at":"2025-11-05 17:15:07","dtmf_array":{"dtmf_input":"2","updated_at":"2025-11-05 17:15:07"}}
[2025-11-05 22:45:32] 
[2025-11-05 22:45:32] 200
[2025-11-05 22:45:33] Starting get call stat...
[2025-11-05 22:45:34] {"callChannel":"SIP\/2002-0000004b","action":"status_call"}
[2025-11-05 22:45:34] {"success":true,"channel":"SIP\/2002-0000004b","status":"up","status_detail":"Call is active and answered - media is flowing","dtmf_input":"2","dtmf_updated_at":"2025-11-05 17:15:07","dtmf_array":{"dtmf_input":"2","updated_at":"2025-11-05 17:15:07"}}
[2025-11-05 22:45:34] 
[2025-11-05 22:45:34] 200
[2025-11-05 22:45:35] Starting get call stat...
[2025-11-05 22:45:36] {"callChannel":"SIP\/2002-0000004b","action":"status_call"}
[2025-11-05 22:45:36] {"success":true,"channel":"SIP\/2002-0000004b","status":"up","status_detail":"Call is active and answered - media is flowing","dtmf_input":"2","dtmf_updated_at":"2025-11-05 17:15:07","dtmf_array":{"dtmf_input":"2","updated_at":"2025-11-05 17:15:07"}}
[2025-11-05 22:45:36] 
[2025-11-05 22:45:36] 200
[2025-11-05 22:45:37] Starting get call stat...
[2025-11-05 22:45:38] {"callChannel":"SIP\/2002-0000004b","action":"status_call"}
[2025-11-05 22:45:38] {"success":true,"channel":"SIP\/2002-0000004b","status":"up","status_detail":"Call is active and answered - media is flowing","dtmf_input":"2","dtmf_updated_at":"2025-11-05 17:15:07","dtmf_array":{"dtmf_input":"2","updated_at":"2025-11-05 17:15:07"}}
[2025-11-05 22:45:38] 
[2025-11-05 22:45:38] 200
[2025-11-05 22:45:39] Starting get call stat...
[2025-11-05 22:45:40] {"callChannel":"SIP\/2002-0000004b","action":"status_call"}
[2025-11-05 22:45:40] {"success":true,"channel":"SIP\/2002-0000004b","status":"up","status_detail":"Call is active and answered - media is flowing","dtmf_input":"2","dtmf_updated_at":"2025-11-05 17:15:07","dtmf_array":{"dtmf_input":"2","updated_at":"2025-11-05 17:15:07"}}
[2025-11-05 22:45:40] 
[2025-11-05 22:45:40] 200
[2025-11-05 22:45:41] Starting get call stat...
[2025-11-05 22:45:42] {"callChannel":"SIP\/2002-0000004b","action":"status_call"}
[2025-11-05 22:45:42] {"success":true,"channel":"SIP\/2002-0000004b","status":"up","status_detail":"Call is active and answered - media is flowing","dtmf_input":"2","dtmf_updated_at":"2025-11-05 17:15:07","dtmf_array":{"dtmf_input":"2","updated_at":"2025-11-05 17:15:07"}}
[2025-11-05 22:45:42] 
[2025-11-05 22:45:42] 200
[2025-11-05 22:45:43] Starting get call stat...
[2025-11-05 22:45:44] {"callChannel":"SIP\/2002-0000004b","action":"status_call"}
[2025-11-05 22:45:44] {"success":true,"channel":"SIP\/2002-0000004b","status":"up","status_detail":"Call is active and answered - media is flowing","dtmf_input":"2","dtmf_updated_at":"2025-11-05 17:15:07","dtmf_array":{"dtmf_input":"2","updated_at":"2025-11-05 17:15:07"}}
[2025-11-05 22:45:44] 
[2025-11-05 22:45:44] 200
[2025-11-05 22:45:45] Starting get call stat...
[2025-11-05 22:45:46] {"callChannel":"SIP\/2002-0000004b","action":"status_call"}
[2025-11-05 22:45:46] {"success":true,"channel":"SIP\/2002-0000004b","status":"up","status_detail":"Call is active and answered - media is flowing","dtmf_input":"2","dtmf_updated_at":"2025-11-05 17:15:07","dtmf_array":{"dtmf_input":"2","updated_at":"2025-11-05 17:15:07"}}
[2025-11-05 22:45:46] 
[2025-11-05 22:45:46] 200
[2025-11-05 22:45:47] Starting get call stat...
[2025-11-05 22:45:49] {"callChannel":"SIP\/2002-0000004b","action":"status_call"}
[2025-11-05 22:45:49] {"success":true,"channel":"SIP\/2002-0000004b","status":"up","status_detail":"Call is active and answered - media is flowing","dtmf_input":"2","dtmf_updated_at":"2025-11-05 17:15:07","dtmf_array":{"dtmf_input":"2","updated_at":"2025-11-05 17:15:07"}}
[2025-11-05 22:45:49] 
[2025-11-05 22:45:49] 200
[2025-11-05 22:45:49] Starting get call stat...
[2025-11-05 22:45:50] {"callChannel":"SIP\/2002-0000004b","action":"status_call"}
[2025-11-05 22:45:50] {"success":true,"channel":"SIP\/2002-0000004b","status":"up","status_detail":"Call is active and answered - media is flowing","dtmf_input":"2","dtmf_updated_at":"2025-11-05 17:15:07","dtmf_array":{"dtmf_input":"2","updated_at":"2025-11-05 17:15:07"}}
[2025-11-05 22:45:50] 
[2025-11-05 22:45:50] 200
[2025-11-05 22:45:51] Starting get call stat...
[2025-11-05 22:45:52] {"callChannel":"SIP\/2002-0000004b","action":"status_call"}
[2025-11-05 22:45:52] {"success":true,"channel":"SIP\/2002-0000004b","status":"up","status_detail":"Call is active and answered - media is flowing","dtmf_input":"2","dtmf_updated_at":"2025-11-05 17:15:07","dtmf_array":{"dtmf_input":"2","updated_at":"2025-11-05 17:15:07"}}
[2025-11-05 22:45:52] 
[2025-11-05 22:45:52] 200
[2025-11-05 22:45:53] Starting get call stat...
[2025-11-05 22:45:54] {"callChannel":"SIP\/2002-0000004b","action":"status_call"}
[2025-11-05 22:45:54] {"success":true,"channel":"SIP\/2002-0000004b","status":"up","status_detail":"Call is active and answered - media is flowing","dtmf_input":"2","dtmf_updated_at":"2025-11-05 17:15:07","dtmf_array":{"dtmf_input":"2","updated_at":"2025-11-05 17:15:07"}}
[2025-11-05 22:45:54] 
[2025-11-05 22:45:54] 200
[2025-11-05 22:45:55] Starting get call stat...
[2025-11-05 22:45:56] {"callChannel":"SIP\/2002-0000004b","action":"status_call"}
[2025-11-05 22:45:56] {"success":true,"channel":"SIP\/2002-0000004b","status":"up","status_detail":"Call is active and answered - media is flowing","dtmf_input":"2","dtmf_updated_at":"2025-11-05 17:15:07","dtmf_array":{"dtmf_input":"2","updated_at":"2025-11-05 17:15:07"}}
[2025-11-05 22:45:56] 
[2025-11-05 22:45:56] 200
[2025-11-05 22:45:57] Starting get call stat...
[2025-11-05 22:45:58] {"callChannel":"SIP\/2002-0000004b","action":"status_call"}
[2025-11-05 22:45:58] {"success":true,"channel":"SIP\/2002-0000004b","status":"up","status_detail":"Call is active and answered - media is flowing","dtmf_input":"2","dtmf_updated_at":"2025-11-05 17:15:07","dtmf_array":{"dtmf_input":"2","updated_at":"2025-11-05 17:15:07"}}
[2025-11-05 22:45:58] 
[2025-11-05 22:45:58] 200
[2025-11-05 22:45:59] Starting get call stat...
[2025-11-05 22:46:00] {"callChannel":"SIP\/2002-0000004b","action":"status_call"}
[2025-11-05 22:46:00] {"success":true,"channel":"SIP\/2002-0000004b","status":"up","status_detail":"Call is active and answered - media is flowing","dtmf_input":"2","dtmf_updated_at":"2025-11-05 17:15:07","dtmf_array":{"dtmf_input":"2","updated_at":"2025-11-05 17:15:07"}}
[2025-11-05 22:46:00] 
[2025-11-05 22:46:00] 200
[2025-11-05 22:46:01] Starting get call stat...
[2025-11-05 22:46:03] {"callChannel":"SIP\/2002-0000004b","action":"status_call"}
[2025-11-05 22:46:03] {"success":true,"channel":"SIP\/2002-0000004b","status":"up","status_detail":"Call is active and answered - media is flowing","dtmf_input":"2","dtmf_updated_at":"2025-11-05 17:15:07","dtmf_array":{"dtmf_input":"2","updated_at":"2025-11-05 17:15:07"}}
[2025-11-05 22:46:03] 
[2025-11-05 22:46:03] 200
[2025-11-05 22:46:03] Starting get call stat...
[2025-11-05 22:46:09] {"callChannel":"SIP\/2002-0000004b","action":"status_call"}
[2025-11-05 22:46:09] {"success":true,"channel":"SIP\/2002-0000004b","status":"up","status_detail":"Call is active and answered - media is flowing","dtmf_input":"2","dtmf_updated_at":"2025-11-05 17:15:07","dtmf_array":{"dtmf_input":"2","updated_at":"2025-11-05 17:15:07"}}
[2025-11-05 22:46:09] 
[2025-11-05 22:46:09] 200
[2025-11-05 22:46:09] Starting get call stat...
[2025-11-05 22:46:10] {"callChannel":"SIP\/2002-0000004b","action":"status_call"}
[2025-11-05 22:46:10] {"success":true,"channel":"SIP\/2002-0000004b","status":"up","status_detail":"Call is active and answered - media is flowing","dtmf_input":"2","dtmf_updated_at":"2025-11-05 17:15:07","dtmf_array":{"dtmf_input":"2","updated_at":"2025-11-05 17:15:07"}}
[2025-11-05 22:46:10] 
[2025-11-05 22:46:10] 200
[2025-11-05 22:46:10] Starting get call stat...
[2025-11-05 22:46:12] {"callChannel":"SIP\/2002-0000004b","action":"status_call"}
[2025-11-05 22:46:12] {"success":true,"channel":"SIP\/2002-0000004b","status":"up","status_detail":"Call is active and answered - media is flowing","dtmf_input":"2","dtmf_updated_at":"2025-11-05 17:15:07","dtmf_array":{"dtmf_input":"2","updated_at":"2025-11-05 17:15:07"}}
[2025-11-05 22:46:12] 
[2025-11-05 22:46:12] 200
[2025-11-05 22:46:12] Starting get call stat...
[2025-11-05 22:46:13] {"callChannel":"SIP\/2002-0000004b","action":"status_call"}
[2025-11-05 22:46:13] {"success":true,"channel":"SIP\/2002-0000004b","status":"up","status_detail":"Call is active and answered - media is flowing","dtmf_input":"2","dtmf_updated_at":"2025-11-05 17:15:07","dtmf_array":{"dtmf_input":"2","updated_at":"2025-11-05 17:15:07"}}
[2025-11-05 22:46:13] 
[2025-11-05 22:46:13] 200
[2025-11-05 22:46:13] Starting get call stat...
[2025-11-05 22:46:14] {"callChannel":"SIP\/2002-0000004b","action":"status_call"}
[2025-11-05 22:46:14] {"success":true,"channel":"SIP\/2002-0000004b","status":"up","status_detail":"Call is active and answered - media is flowing","dtmf_input":"2","dtmf_updated_at":"2025-11-05 17:15:07","dtmf_array":{"dtmf_input":"2","updated_at":"2025-11-05 17:15:07"}}
[2025-11-05 22:46:14] 
[2025-11-05 22:46:14] 200
[2025-11-05 22:46:14] Starting get call stat...
[2025-11-05 22:46:16] {"callChannel":"SIP\/2002-0000004b","action":"status_call"}
[2025-11-05 22:46:16] {"success":true,"channel":"SIP\/2002-0000004b","status":"up","status_detail":"Call is active and answered - media is flowing","dtmf_input":"2","dtmf_updated_at":"2025-11-05 17:15:07","dtmf_array":{"dtmf_input":"2","updated_at":"2025-11-05 17:15:07"}}
[2025-11-05 22:46:16] 
[2025-11-05 22:46:16] 200
[2025-11-05 22:46:16] Starting get call stat...
[2025-11-05 22:46:17] {"callChannel":"SIP\/2002-0000004b","action":"status_call"}
[2025-11-05 22:46:17] {"success":true,"channel":"SIP\/2002-0000004b","status":"up","status_detail":"Call is active and answered - media is flowing","dtmf_input":"2","dtmf_updated_at":"2025-11-05 17:15:07","dtmf_array":{"dtmf_input":"2","updated_at":"2025-11-05 17:15:07"}}
[2025-11-05 22:46:17] 
[2025-11-05 22:46:17] 200
[2025-11-05 22:46:17] Starting get call stat...
[2025-11-05 22:46:18] {"callChannel":"SIP\/2002-0000004b","action":"status_call"}
[2025-11-05 22:46:18] {"success":true,"channel":"SIP\/2002-0000004b","status":"up","status_detail":"Call is active and answered - media is flowing","dtmf_input":"2","dtmf_updated_at":"2025-11-05 17:15:07","dtmf_array":{"dtmf_input":"2","updated_at":"2025-11-05 17:15:07"}}
[2025-11-05 22:46:18] 
[2025-11-05 22:46:18] 200
[2025-11-05 22:46:19] Starting get call stat...
[2025-11-05 22:46:20] {"callChannel":"SIP\/2002-0000004b","action":"status_call"}
[2025-11-05 22:46:20] {"success":true,"channel":"SIP\/2002-0000004b","status":"up","status_detail":"Call is active and answered - media is flowing","dtmf_input":"2","dtmf_updated_at":"2025-11-05 17:15:07","dtmf_array":{"dtmf_input":"2","updated_at":"2025-11-05 17:15:07"}}
[2025-11-05 22:46:20] 
[2025-11-05 22:46:20] 200
[2025-11-05 22:46:21] Starting get call stat...
[2025-11-05 22:46:22] {"callChannel":"SIP\/2002-0000004b","action":"status_call"}
[2025-11-05 22:46:22] {"success":true,"channel":"SIP\/2002-0000004b","status":"up","status_detail":"Call is active and answered - media is flowing","dtmf_input":"2","dtmf_updated_at":"2025-11-05 17:15:07","dtmf_array":{"dtmf_input":"2","updated_at":"2025-11-05 17:15:07"}}
[2025-11-05 22:46:22] 
[2025-11-05 22:46:22] 200
[2025-11-05 22:46:23] Starting get call stat...
[2025-11-05 22:46:24] {"callChannel":"SIP\/2002-0000004b","action":"status_call"}
[2025-11-05 22:46:24] {"success":true,"channel":"SIP\/2002-0000004b","status":"up","status_detail":"Call is active and answered - media is flowing","dtmf_input":"2","dtmf_updated_at":"2025-11-05 17:15:07","dtmf_array":{"dtmf_input":"2","updated_at":"2025-11-05 17:15:07"}}
[2025-11-05 22:46:24] 
[2025-11-05 22:46:24] 200
[2025-11-05 22:46:25] Starting get call stat...
[2025-11-05 22:46:26] {"callChannel":"SIP\/2002-0000004b","action":"status_call"}
[2025-11-05 22:46:26] {"success":true,"channel":"SIP\/2002-0000004b","status":"up","status_detail":"Call is active and answered - media is flowing","dtmf_input":"2","dtmf_updated_at":"2025-11-05 17:15:07","dtmf_array":{"dtmf_input":"2","updated_at":"2025-11-05 17:15:07"}}
[2025-11-05 22:46:26] 
[2025-11-05 22:46:26] 200
[2025-11-05 22:46:27] Starting get call stat...
[2025-11-05 22:46:28] {"callChannel":"SIP\/2002-0000004b","action":"status_call"}
[2025-11-05 22:46:28] {"success":true,"channel":"SIP\/2002-0000004b","status":"up","status_detail":"Call is active and answered - media is flowing","dtmf_input":"2","dtmf_updated_at":"2025-11-05 17:15:07","dtmf_array":{"dtmf_input":"2","updated_at":"2025-11-05 17:15:07"}}
[2025-11-05 22:46:28] 
[2025-11-05 22:46:28] 200
[2025-11-05 22:46:29] Starting get call stat...
[2025-11-05 22:46:30] {"callChannel":"SIP\/2002-0000004b","action":"status_call"}
[2025-11-05 22:46:30] {"success":true,"channel":"SIP\/2002-0000004b","status":"up","status_detail":"Call is active and answered - media is flowing","dtmf_input":"2","dtmf_updated_at":"2025-11-05 17:15:07","dtmf_array":{"dtmf_input":"2","updated_at":"2025-11-05 17:15:07"}}
[2025-11-05 22:46:30] 
[2025-11-05 22:46:30] 200
[2025-11-05 22:46:31] Starting get call stat...
[2025-11-05 22:46:32] {"callChannel":"SIP\/2002-0000004b","action":"status_call"}
[2025-11-05 22:46:32] {"success":true,"channel":"SIP\/2002-0000004b","status":"up","status_detail":"Call is active and answered - media is flowing","dtmf_input":"2","dtmf_updated_at":"2025-11-05 17:15:07","dtmf_array":{"dtmf_input":"2","updated_at":"2025-11-05 17:15:07"}}
[2025-11-05 22:46:32] 
[2025-11-05 22:46:32] 200
[2025-11-05 22:46:33] Starting get call stat...
[2025-11-05 22:46:35] {"callChannel":"SIP\/2002-0000004b","action":"status_call"}
[2025-11-05 22:46:35] {"success":true,"channel":"SIP\/2002-0000004b","status":"up","status_detail":"Call is active and answered - media is flowing","dtmf_input":"2","dtmf_updated_at":"2025-11-05 17:15:07","dtmf_array":{"dtmf_input":"2","updated_at":"2025-11-05 17:15:07"}}
[2025-11-05 22:46:35] 
[2025-11-05 22:46:35] 200
[2025-11-05 22:46:35] Starting get call stat...
[2025-11-05 22:46:36] {"callChannel":"SIP\/2002-0000004b","action":"status_call"}
[2025-11-05 22:46:36] {"success":true,"channel":"SIP\/2002-0000004b","status":"up","status_detail":"Call is active and answered - media is flowing","dtmf_input":"2","dtmf_updated_at":"2025-11-05 17:15:07","dtmf_array":{"dtmf_input":"2","updated_at":"2025-11-05 17:15:07"}}
[2025-11-05 22:46:36] 
[2025-11-05 22:46:36] 200
[2025-11-05 22:46:37] Starting get call stat...
[2025-11-05 22:46:38] {"callChannel":"SIP\/2002-0000004b","action":"status_call"}
[2025-11-05 22:46:38] {"success":true,"channel":"SIP\/2002-0000004b","status":"up","status_detail":"Call is active and answered - media is flowing","dtmf_input":"2","dtmf_updated_at":"2025-11-05 17:15:07","dtmf_array":{"dtmf_input":"2","updated_at":"2025-11-05 17:15:07"}}
[2025-11-05 22:46:38] 
[2025-11-05 22:46:38] 200
[2025-11-05 22:46:39] Starting get call stat...
[2025-11-05 22:46:40] {"callChannel":"SIP\/2002-0000004b","action":"status_call"}
[2025-11-05 22:46:40] {"success":true,"channel":"SIP\/2002-0000004b","status":"up","status_detail":"Call is active and answered - media is flowing","dtmf_input":"2","dtmf_updated_at":"2025-11-05 17:15:07","dtmf_array":{"dtmf_input":"2","updated_at":"2025-11-05 17:15:07"}}
[2025-11-05 22:46:40] 
[2025-11-05 22:46:40] 200
[2025-11-05 22:46:41] Starting get call stat...
[2025-11-05 22:46:42] {"callChannel":"SIP\/2002-0000004b","action":"status_call"}
[2025-11-05 22:46:42] {"success":true,"channel":"SIP\/2002-0000004b","status":"up","status_detail":"Call is active and answered - media is flowing","dtmf_input":"2","dtmf_updated_at":"2025-11-05 17:15:07","dtmf_array":{"dtmf_input":"2","updated_at":"2025-11-05 17:15:07"}}
[2025-11-05 22:46:42] 
[2025-11-05 22:46:42] 200
[2025-11-05 22:46:43] Starting get call stat...
[2025-11-05 22:46:44] {"callChannel":"SIP\/2002-0000004b","action":"status_call"}
[2025-11-05 22:46:44] {"success":true,"channel":"SIP\/2002-0000004b","status":"up","status_detail":"Call is active and answered - media is flowing","dtmf_input":"2","dtmf_updated_at":"2025-11-05 17:15:07","dtmf_array":{"dtmf_input":"2","updated_at":"2025-11-05 17:15:07"}}
[2025-11-05 22:46:44] 
[2025-11-05 22:46:44] 200
[2025-11-05 22:46:45] Starting get call stat...
[2025-11-05 22:46:46] {"callChannel":"SIP\/2002-0000004b","action":"status_call"}
[2025-11-05 22:46:46] {"success":true,"channel":"SIP\/2002-0000004b","status":"up","status_detail":"Call is active and answered - media is flowing","dtmf_input":"2","dtmf_updated_at":"2025-11-05 17:15:07","dtmf_array":{"dtmf_input":"2","updated_at":"2025-11-05 17:15:07"}}
[2025-11-05 22:46:46] 
[2025-11-05 22:46:46] 200
[2025-11-05 22:46:47] Starting get call stat...
[2025-11-05 22:46:48] {"callChannel":"SIP\/2002-0000004b","action":"status_call"}
[2025-11-05 22:46:48] {"success":true,"channel":"SIP\/2002-0000004b","status":"up","status_detail":"Call is active and answered - media is flowing","dtmf_input":"2","dtmf_updated_at":"2025-11-05 17:15:07","dtmf_array":{"dtmf_input":"2","updated_at":"2025-11-05 17:15:07"}}
[2025-11-05 22:46:48] 
[2025-11-05 22:46:48] 200
[2025-11-05 22:46:49] Starting get call stat...
[2025-11-05 22:46:50] {"callChannel":"SIP\/2002-0000004b","action":"status_call"}
[2025-11-05 22:46:50] {"success":true,"channel":"SIP\/2002-0000004b","status":"up","status_detail":"Call is active and answered - media is flowing","dtmf_input":"2","dtmf_updated_at":"2025-11-05 17:15:07","dtmf_array":{"dtmf_input":"2","updated_at":"2025-11-05 17:15:07"}}
[2025-11-05 22:46:50] 
[2025-11-05 22:46:50] 200
[2025-11-05 22:46:51] Starting get call stat...
[2025-11-05 22:46:52] {"callChannel":"SIP\/2002-0000004b","action":"status_call"}
[2025-11-05 22:46:52] {"success":true,"channel":"SIP\/2002-0000004b","status":"up","status_detail":"Call is active and answered - media is flowing","dtmf_input":"2","dtmf_updated_at":"2025-11-05 17:15:07","dtmf_array":{"dtmf_input":"2","updated_at":"2025-11-05 17:15:07"}}
[2025-11-05 22:46:52] 
[2025-11-05 22:46:52] 200
[2025-11-05 22:46:53] Starting get call stat...
[2025-11-05 22:46:54] {"callChannel":"SIP\/2002-0000004b","action":"status_call"}
[2025-11-05 22:46:54] {"success":true,"channel":"SIP\/2002-0000004b","status":"up","status_detail":"Call is active and answered - media is flowing","dtmf_input":"2","dtmf_updated_at":"2025-11-05 17:15:07","dtmf_array":{"dtmf_input":"2","updated_at":"2025-11-05 17:15:07"}}
[2025-11-05 22:46:54] 
[2025-11-05 22:46:54] 200
[2025-11-05 22:46:55] Starting get call stat...
[2025-11-05 22:46:56] {"callChannel":"SIP\/2002-0000004b","action":"status_call"}
[2025-11-05 22:46:56] {"success":true,"channel":"SIP\/2002-0000004b","status":"up","status_detail":"Call is active and answered - media is flowing","dtmf_input":"2","dtmf_updated_at":"2025-11-05 17:15:07","dtmf_array":{"dtmf_input":"2","updated_at":"2025-11-05 17:15:07"}}
[2025-11-05 22:46:56] 
[2025-11-05 22:46:56] 200
[2025-11-05 22:46:57] Starting get call stat...
[2025-11-05 22:46:58] {"callChannel":"SIP\/2002-0000004b","action":"status_call"}
[2025-11-05 22:46:58] {"success":true,"channel":"SIP\/2002-0000004b","status":"up","status_detail":"Call is active and answered - media is flowing","dtmf_input":"2","dtmf_updated_at":"2025-11-05 17:15:07","dtmf_array":{"dtmf_input":"2","updated_at":"2025-11-05 17:15:07"}}
[2025-11-05 22:46:58] 
[2025-11-05 22:46:58] 200
[2025-11-05 22:46:59] Starting get call stat...
[2025-11-05 22:47:00] {"callChannel":"SIP\/2002-0000004b","action":"status_call"}
[2025-11-05 22:47:00] {"success":true,"channel":"SIP\/2002-0000004b","status":"up","status_detail":"Call is active and answered - media is flowing","dtmf_input":"2","dtmf_updated_at":"2025-11-05 17:15:07","dtmf_array":{"dtmf_input":"2","updated_at":"2025-11-05 17:15:07"}}
[2025-11-05 22:47:00] 
[2025-11-05 22:47:00] 200
[2025-11-05 22:47:01] Starting get call stat...
[2025-11-05 22:47:04] {"callChannel":"SIP\/2002-0000004b","action":"status_call"}
[2025-11-05 22:47:04] {"success":true,"channel":"SIP\/2002-0000004b","status":"up","status_detail":"Call is active and answered - media is flowing","dtmf_input":"2","dtmf_updated_at":"2025-11-05 17:15:07","dtmf_array":{"dtmf_input":"2","updated_at":"2025-11-05 17:15:07"}}
[2025-11-05 22:47:04] 
[2025-11-05 22:47:04] 200
[2025-11-05 22:47:04] Starting get call stat...
[2025-11-05 22:47:07] {"callChannel":"SIP\/2002-0000004b","action":"status_call"}
[2025-11-05 22:47:07] {"success":true,"channel":"SIP\/2002-0000004b","status":"up","status_detail":"Call is active and answered - media is flowing","dtmf_input":"2","dtmf_updated_at":"2025-11-05 17:15:07","dtmf_array":{"dtmf_input":"2","updated_at":"2025-11-05 17:15:07"}}
[2025-11-05 22:47:07] 
[2025-11-05 22:47:07] 200
[2025-11-05 22:47:07] Starting get call stat...
[2025-11-05 22:47:08] {"callChannel":"SIP\/2002-0000004b","action":"status_call"}
[2025-11-05 22:47:08] {"success":true,"channel":"SIP\/2002-0000004b","status":"up","status_detail":"Call is active and answered - media is flowing","dtmf_input":"2","dtmf_updated_at":"2025-11-05 17:15:07","dtmf_array":{"dtmf_input":"2","updated_at":"2025-11-05 17:15:07"}}
[2025-11-05 22:47:08] 
[2025-11-05 22:47:08] 200
[2025-11-05 22:47:08] Starting get call stat...
[2025-11-05 22:47:10] {"callChannel":"SIP\/2002-0000004b","action":"status_call"}
[2025-11-05 22:47:10] {"success":true,"channel":"SIP\/2002-0000004b","status":"up","status_detail":"Call is active and answered - media is flowing","dtmf_input":"2","dtmf_updated_at":"2025-11-05 17:15:07","dtmf_array":{"dtmf_input":"2","updated_at":"2025-11-05 17:15:07"}}
[2025-11-05 22:47:10] 
[2025-11-05 22:47:10] 200
[2025-11-05 22:47:10] Starting get call stat...
[2025-11-05 22:47:11] {"callChannel":"SIP\/2002-0000004b","action":"status_call"}
[2025-11-05 22:47:11] {"success":true,"channel":"SIP\/2002-0000004b","status":"up","status_detail":"Call is active and answered - media is flowing","dtmf_input":"2","dtmf_updated_at":"2025-11-05 17:15:07","dtmf_array":{"dtmf_input":"2","updated_at":"2025-11-05 17:15:07"}}
[2025-11-05 22:47:11] 
[2025-11-05 22:47:11] 200
[2025-11-05 22:47:12] Starting get call stat...
[2025-11-05 22:47:13] {"callChannel":"SIP\/2002-0000004b","action":"status_call"}
[2025-11-05 22:47:13] {"success":true,"channel":"SIP\/2002-0000004b","status":"up","status_detail":"Call is active and answered - media is flowing","dtmf_input":"2","dtmf_updated_at":"2025-11-05 17:15:07","dtmf_array":{"dtmf_input":"2","updated_at":"2025-11-05 17:15:07"}}
[2025-11-05 22:47:13] 
[2025-11-05 22:47:13] 200
[2025-11-05 22:47:13] Starting get call stat...
[2025-11-05 22:47:14] {"callChannel":"SIP\/2002-0000004b","action":"status_call"}
[2025-11-05 22:47:14] {"success":true,"channel":"SIP\/2002-0000004b","status":"up","status_detail":"Call is active and answered - media is flowing","dtmf_input":"2","dtmf_updated_at":"2025-11-05 17:15:07","dtmf_array":{"dtmf_input":"2","updated_at":"2025-11-05 17:15:07"}}
[2025-11-05 22:47:14] 
[2025-11-05 22:47:14] 200
[2025-11-05 22:47:15] Starting get call stat...
[2025-11-05 22:47:16] {"callChannel":"SIP\/2002-0000004b","action":"status_call"}
[2025-11-05 22:47:16] {"success":true,"channel":"SIP\/2002-0000004b","status":"up","status_detail":"Call is active and answered - media is flowing","dtmf_input":"2","dtmf_updated_at":"2025-11-05 17:15:07","dtmf_array":{"dtmf_input":"2","updated_at":"2025-11-05 17:15:07"}}
[2025-11-05 22:47:16] 
[2025-11-05 22:47:16] 200
[2025-11-05 22:47:18] Starting get call stat...
[2025-11-05 22:47:19] {"callChannel":"SIP\/2002-0000004b","action":"status_call"}
[2025-11-05 22:47:19] {"success":true,"channel":"SIP\/2002-0000004b","status":"up","status_detail":"Call is active and answered - media is flowing","dtmf_input":"2","dtmf_updated_at":"2025-11-05 17:15:07","dtmf_array":{"dtmf_input":"2","updated_at":"2025-11-05 17:15:07"}}
[2025-11-05 22:47:19] 
[2025-11-05 22:47:19] 200
[2025-11-05 22:47:20] Starting get call stat...
[2025-11-05 22:47:21] {"callChannel":"SIP\/2002-0000004b","action":"status_call"}
[2025-11-05 22:47:21] {"success":true,"channel":"SIP\/2002-0000004b","status":"up","status_detail":"Call is active and answered - media is flowing","dtmf_input":"2","dtmf_updated_at":"2025-11-05 17:15:07","dtmf_array":{"dtmf_input":"2","updated_at":"2025-11-05 17:15:07"}}
[2025-11-05 22:47:21] 
[2025-11-05 22:47:21] 200
[2025-11-05 22:47:22] Starting get call stat...
[2025-11-05 22:47:23] {"callChannel":"SIP\/2002-0000004b","action":"status_call"}
[2025-11-05 22:47:23] {"success":true,"channel":"SIP\/2002-0000004b","status":"up","status_detail":"Call is active and answered - media is flowing","dtmf_input":"2","dtmf_updated_at":"2025-11-05 17:15:07","dtmf_array":{"dtmf_input":"2","updated_at":"2025-11-05 17:15:07"}}
[2025-11-05 22:47:23] 
[2025-11-05 22:47:23] 200
[2025-11-05 22:47:24] Starting get call stat...
[2025-11-05 22:47:25] {"callChannel":"SIP\/2002-0000004b","action":"status_call"}
[2025-11-05 22:47:25] {"success":true,"channel":"SIP\/2002-0000004b","status":"up","status_detail":"Call is active and answered - media is flowing","dtmf_input":"2","dtmf_updated_at":"2025-11-05 17:15:07","dtmf_array":{"dtmf_input":"2","updated_at":"2025-11-05 17:15:07"}}
[2025-11-05 22:47:25] 
[2025-11-05 22:47:25] 200
[2025-11-05 22:47:26] Starting get call stat...
[2025-11-05 22:47:27] {"callChannel":"SIP\/2002-0000004b","action":"status_call"}
[2025-11-05 22:47:27] {"success":true,"channel":"SIP\/2002-0000004b","status":"up","status_detail":"Call is active and answered - media is flowing","dtmf_input":"2","dtmf_updated_at":"2025-11-05 17:15:07","dtmf_array":{"dtmf_input":"2","updated_at":"2025-11-05 17:15:07"}}
[2025-11-05 22:47:27] 
[2025-11-05 22:47:27] 200
[2025-11-05 22:47:27] Starting get call stat...
[2025-11-05 22:47:29] {"callChannel":"SIP\/2002-0000004b","action":"status_call"}
[2025-11-05 22:47:29] {"success":true,"channel":"SIP\/2002-0000004b","status":"up","status_detail":"Call is active and answered - media is flowing","dtmf_input":"2","dtmf_updated_at":"2025-11-05 17:15:07","dtmf_array":{"dtmf_input":"2","updated_at":"2025-11-05 17:15:07"}}
[2025-11-05 22:47:29] 
[2025-11-05 22:47:29] 200
[2025-11-05 22:47:29] Starting get call stat...
[2025-11-05 22:47:30] {"callChannel":"SIP\/2002-0000004b","action":"status_call"}
[2025-11-05 22:47:30] {"success":true,"channel":"SIP\/2002-0000004b","status":"up","status_detail":"Call is active and answered - media is flowing","dtmf_input":"2","dtmf_updated_at":"2025-11-05 17:15:07","dtmf_array":{"dtmf_input":"2","updated_at":"2025-11-05 17:15:07"}}
[2025-11-05 22:47:30] 
[2025-11-05 22:47:30] 200
[2025-11-05 22:47:31] Starting get call stat...
[2025-11-05 22:47:32] {"callChannel":"SIP\/2002-0000004b","action":"status_call"}
[2025-11-05 22:47:32] {"success":true,"channel":"SIP\/2002-0000004b","status":"up","status_detail":"Call is active and answered - media is flowing","dtmf_input":"2","dtmf_updated_at":"2025-11-05 17:15:07","dtmf_array":{"dtmf_input":"2","updated_at":"2025-11-05 17:15:07"}}
[2025-11-05 22:47:32] 
[2025-11-05 22:47:32] 200
[2025-11-05 22:47:33] Starting get call stat...
[2025-11-05 22:47:34] {"callChannel":"SIP\/2002-0000004b","action":"status_call"}
[2025-11-05 22:47:34] {"success":true,"channel":"SIP\/2002-0000004b","status":"up","status_detail":"Call is active and answered - media is flowing","dtmf_input":"2","dtmf_updated_at":"2025-11-05 17:15:07","dtmf_array":{"dtmf_input":"2","updated_at":"2025-11-05 17:15:07"}}
[2025-11-05 22:47:34] 
[2025-11-05 22:47:34] 200
[2025-11-05 22:47:35] Starting get call stat...
[2025-11-05 22:47:36] {"callChannel":"SIP\/2002-0000004b","action":"status_call"}
[2025-11-05 22:47:36] {"success":true,"channel":"SIP\/2002-0000004b","status":"up","status_detail":"Call is active and answered - media is flowing","dtmf_input":"2","dtmf_updated_at":"2025-11-05 17:15:07","dtmf_array":{"dtmf_input":"2","updated_at":"2025-11-05 17:15:07"}}
[2025-11-05 22:47:36] 
[2025-11-05 22:47:36] 200
[2025-11-05 22:47:37] Starting get call stat...
[2025-11-05 22:47:38] {"callChannel":"SIP\/2002-0000004b","action":"status_call"}
[2025-11-05 22:47:38] {"success":true,"channel":"SIP\/2002-0000004b","status":"up","status_detail":"Call is active and answered - media is flowing","dtmf_input":"2","dtmf_updated_at":"2025-11-05 17:15:07","dtmf_array":{"dtmf_input":"2","updated_at":"2025-11-05 17:15:07"}}
[2025-11-05 22:47:38] 
[2025-11-05 22:47:38] 200
[2025-11-05 22:47:39] Starting get call stat...
[2025-11-05 22:47:40] {"callChannel":"SIP\/2002-0000004b","action":"status_call"}
[2025-11-05 22:47:40] {"success":true,"channel":"SIP\/2002-0000004b","status":"up","status_detail":"Call is active and answered - media is flowing","dtmf_input":"2","dtmf_updated_at":"2025-11-05 17:15:07","dtmf_array":{"dtmf_input":"2","updated_at":"2025-11-05 17:15:07"}}
[2025-11-05 22:47:40] 
[2025-11-05 22:47:40] 200
[2025-11-05 22:47:41] Starting get call stat...
[2025-11-05 22:47:42] {"callChannel":"SIP\/2002-0000004b","action":"status_call"}
[2025-11-05 22:47:42] {"success":true,"channel":"SIP\/2002-0000004b","status":"up","status_detail":"Call is active and answered - media is flowing","dtmf_input":"2","dtmf_updated_at":"2025-11-05 17:15:07","dtmf_array":{"dtmf_input":"2","updated_at":"2025-11-05 17:15:07"}}
[2025-11-05 22:47:42] 
[2025-11-05 22:47:42] 200
[2025-11-05 22:47:43] Starting get call stat...
[2025-11-05 22:47:44] {"callChannel":"SIP\/2002-0000004b","action":"status_call"}
[2025-11-05 22:47:44] {"success":true,"channel":"SIP\/2002-0000004b","status":"up","status_detail":"Call is active and answered - media is flowing","dtmf_input":"2","dtmf_updated_at":"2025-11-05 17:15:07","dtmf_array":{"dtmf_input":"2","updated_at":"2025-11-05 17:15:07"}}
[2025-11-05 22:47:44] 
[2025-11-05 22:47:44] 200
[2025-11-05 22:47:45] Starting get call stat...
[2025-11-05 22:47:46] {"callChannel":"SIP\/2002-0000004b","action":"status_call"}
[2025-11-05 22:47:46] {"success":true,"channel":"SIP\/2002-0000004b","status":"up","status_detail":"Call is active and answered - media is flowing","dtmf_input":"2","dtmf_updated_at":"2025-11-05 17:15:07","dtmf_array":{"dtmf_input":"2","updated_at":"2025-11-05 17:15:07"}}
[2025-11-05 22:47:46] 
[2025-11-05 22:47:46] 200
[2025-11-05 22:47:47] Starting get call stat...
[2025-11-05 22:47:48] {"callChannel":"SIP\/2002-0000004b","action":"status_call"}
[2025-11-05 22:47:48] {"success":true,"channel":"SIP\/2002-0000004b","status":"up","status_detail":"Call is active and answered - media is flowing","dtmf_input":"2","dtmf_updated_at":"2025-11-05 17:15:07","dtmf_array":{"dtmf_input":"2","updated_at":"2025-11-05 17:15:07"}}
[2025-11-05 22:47:48] 
[2025-11-05 22:47:48] 200
[2025-11-05 22:47:49] Starting get call stat...
[2025-11-05 22:47:50] {"callChannel":"SIP\/2002-0000004b","action":"status_call"}
[2025-11-05 22:47:50] {"success":true,"channel":"SIP\/2002-0000004b","status":"up","status_detail":"Call is active and answered - media is flowing","dtmf_input":"2","dtmf_updated_at":"2025-11-05 17:15:07","dtmf_array":{"dtmf_input":"2","updated_at":"2025-11-05 17:15:07"}}
[2025-11-05 22:47:50] 
[2025-11-05 22:47:50] 200
[2025-11-05 22:47:51] Starting get call stat...
[2025-11-05 22:47:52] {"callChannel":"SIP\/2002-0000004b","action":"status_call"}
[2025-11-05 22:47:52] {"success":true,"channel":"SIP\/2002-0000004b","status":"up","status_detail":"Call is active and answered - media is flowing","dtmf_input":"2","dtmf_updated_at":"2025-11-05 17:15:07","dtmf_array":{"dtmf_input":"2","updated_at":"2025-11-05 17:15:07"}}
[2025-11-05 22:47:52] 
[2025-11-05 22:47:52] 200
[2025-11-05 22:47:53] Starting get call stat...
[2025-11-05 22:47:54] {"callChannel":"SIP\/2002-0000004b","action":"status_call"}
[2025-11-05 22:47:54] {"success":true,"channel":"SIP\/2002-0000004b","status":"up","status_detail":"Call is active and answered - media is flowing","dtmf_input":"2","dtmf_updated_at":"2025-11-05 17:15:07","dtmf_array":{"dtmf_input":"2","updated_at":"2025-11-05 17:15:07"}}
[2025-11-05 22:47:54] 
[2025-11-05 22:47:54] 200
[2025-11-05 22:47:55] Starting get call stat...
[2025-11-05 22:47:56] {"callChannel":"SIP\/2002-0000004b","action":"status_call"}
[2025-11-05 22:47:56] {"success":true,"channel":"SIP\/2002-0000004b","status":"up","status_detail":"Call is active and answered - media is flowing","dtmf_input":"2","dtmf_updated_at":"2025-11-05 17:15:07","dtmf_array":{"dtmf_input":"2","updated_at":"2025-11-05 17:15:07"}}
[2025-11-05 22:47:56] 
[2025-11-05 22:47:56] 200
[2025-11-05 22:47:57] Starting get call stat...
[2025-11-05 22:47:58] {"callChannel":"SIP\/2002-0000004b","action":"status_call"}
[2025-11-05 22:47:58] {"success":true,"channel":"SIP\/2002-0000004b","status":"up","status_detail":"Call is active and answered - media is flowing","dtmf_input":"2","dtmf_updated_at":"2025-11-05 17:15:07","dtmf_array":{"dtmf_input":"2","updated_at":"2025-11-05 17:15:07"}}
[2025-11-05 22:47:58] 
[2025-11-05 22:47:58] 200
[2025-11-05 22:47:59] Starting get call stat...
[2025-11-05 22:48:00] {"callChannel":"SIP\/2002-0000004b","action":"status_call"}
[2025-11-05 22:48:00] {"success":true,"channel":"SIP\/2002-0000004b","status":"up","status_detail":"Call is active and answered - media is flowing","dtmf_input":"2","dtmf_updated_at":"2025-11-05 17:15:07","dtmf_array":{"dtmf_input":"2","updated_at":"2025-11-05 17:15:07"}}
[2025-11-05 22:48:00] 
[2025-11-05 22:48:00] 200
[2025-11-05 22:48:01] Starting get call stat...
[2025-11-05 22:48:08] {"callChannel":"SIP\/2002-0000004b","action":"status_call"}
[2025-11-05 22:48:08] {"success":true,"channel":"SIP\/2002-0000004b","status":"up","status_detail":"Call is active and answered - media is flowing","dtmf_input":"2","dtmf_updated_at":"2025-11-05 17:15:07","dtmf_array":{"dtmf_input":"2","updated_at":"2025-11-05 17:15:07"}}
[2025-11-05 22:48:08] 
[2025-11-05 22:48:08] 200
[2025-11-05 22:48:08] Starting get call stat...
[2025-11-05 22:48:10] {"callChannel":"SIP\/2002-0000004b","action":"status_call"}
[2025-11-05 22:48:10] {"success":true,"channel":"SIP\/2002-0000004b","status":"up","status_detail":"Call is active and answered - media is flowing","dtmf_input":"2","dtmf_updated_at":"2025-11-05 17:15:07","dtmf_array":{"dtmf_input":"2","updated_at":"2025-11-05 17:15:07"}}
[2025-11-05 22:48:10] 
[2025-11-05 22:48:10] 200
[2025-11-05 22:48:10] Starting get call stat...
[2025-11-05 22:48:11] {"callChannel":"SIP\/2002-0000004b","action":"status_call"}
[2025-11-05 22:48:11] {"success":true,"channel":"SIP\/2002-0000004b","status":"up","status_detail":"Call is active and answered - media is flowing","dtmf_input":"2","dtmf_updated_at":"2025-11-05 17:15:07","dtmf_array":{"dtmf_input":"2","updated_at":"2025-11-05 17:15:07"}}
[2025-11-05 22:48:11] 
[2025-11-05 22:48:11] 200
[2025-11-05 22:48:11] Starting get call stat...
[2025-11-05 22:48:13] {"callChannel":"SIP\/2002-0000004b","action":"status_call"}
[2025-11-05 22:48:13] {"success":true,"channel":"SIP\/2002-0000004b","status":"up","status_detail":"Call is active and answered - media is flowing","dtmf_input":"2","dtmf_updated_at":"2025-11-05 17:15:07","dtmf_array":{"dtmf_input":"2","updated_at":"2025-11-05 17:15:07"}}
[2025-11-05 22:48:13] 
[2025-11-05 22:48:13] 200
[2025-11-05 22:48:13] Starting get call stat...
[2025-11-05 22:48:14] {"callChannel":"SIP\/2002-0000004b","action":"status_call"}
[2025-11-05 22:48:14] {"success":true,"channel":"SIP\/2002-0000004b","status":"up","status_detail":"Call is active and answered - media is flowing","dtmf_input":"2","dtmf_updated_at":"2025-11-05 17:15:07","dtmf_array":{"dtmf_input":"2","updated_at":"2025-11-05 17:15:07"}}
[2025-11-05 22:48:14] 
[2025-11-05 22:48:14] 200
[2025-11-05 22:48:14] Starting get call stat...
[2025-11-05 22:48:16] {"callChannel":"SIP\/2002-0000004b","action":"status_call"}
[2025-11-05 22:48:16] {"success":true,"channel":"SIP\/2002-0000004b","status":"up","status_detail":"Call is active and answered - media is flowing","dtmf_input":"2","dtmf_updated_at":"2025-11-05 17:15:07","dtmf_array":{"dtmf_input":"2","updated_at":"2025-11-05 17:15:07"}}
[2025-11-05 22:48:16] 
[2025-11-05 22:48:16] 200
[2025-11-05 22:48:16] Starting get call stat...
[2025-11-05 22:48:17] {"callChannel":"SIP\/2002-0000004b","action":"status_call"}
[2025-11-05 22:48:17] {"success":true,"channel":"SIP\/2002-0000004b","status":"up","status_detail":"Call is active and answered - media is flowing","dtmf_input":"2","dtmf_updated_at":"2025-11-05 17:15:07","dtmf_array":{"dtmf_input":"2","updated_at":"2025-11-05 17:15:07"}}
[2025-11-05 22:48:17] 
[2025-11-05 22:48:17] 200
[2025-11-05 22:48:17] Starting get call stat...
[2025-11-05 22:48:19] {"callChannel":"SIP\/2002-0000004b","action":"status_call"}
[2025-11-05 22:48:19] {"success":false,"error":"Error:x: Read timeout Line: 424 File:\/var\/www\/html\/mbilling\/api\/call\/vendor\/marcelog\/pami\/src\/PAMI\/Client\/Impl\/ClientImpl.php"}
[2025-11-05 22:48:19] 
[2025-11-05 22:48:19] 400
[2025-11-05 22:48:19] Starting get call stat...
[2025-11-05 22:48:20] {"callChannel":"SIP\/2002-0000004b","action":"status_call"}
[2025-11-05 22:48:20] {"success":true,"channel":"SIP\/2002-0000004b","status":"up","status_detail":"Call is active and answered - media is flowing","dtmf_input":"2","dtmf_updated_at":"2025-11-05 17:15:07","dtmf_array":{"dtmf_input":"2","updated_at":"2025-11-05 17:15:07"}}
[2025-11-05 22:48:20] 
[2025-11-05 22:48:20] 200
[2025-11-05 22:48:20] Starting get call stat...
[2025-11-05 22:48:22] {"callChannel":"SIP\/2002-0000004b","action":"status_call"}
[2025-11-05 22:48:22] {"success":true,"channel":"SIP\/2002-0000004b","status":"up","status_detail":"Call is active and answered - media is flowing","dtmf_input":"2","dtmf_updated_at":"2025-11-05 17:15:07","dtmf_array":{"dtmf_input":"2","updated_at":"2025-11-05 17:15:07"}}
[2025-11-05 22:48:22] 
[2025-11-05 22:48:22] 200
[2025-11-05 22:48:22] Starting get call stat...
[2025-11-05 22:48:23] {"callChannel":"SIP\/2002-0000004b","action":"status_call"}
[2025-11-05 22:48:23] {"success":true,"channel":"SIP\/2002-0000004b","status":"up","status_detail":"Call is active and answered - media is flowing","dtmf_input":"2","dtmf_updated_at":"2025-11-05 17:15:07","dtmf_array":{"dtmf_input":"2","updated_at":"2025-11-05 17:15:07"}}
[2025-11-05 22:48:23] 
[2025-11-05 22:48:23] 200
[2025-11-05 22:48:23] Starting get call stat...
[2025-11-05 22:48:26] {"callChannel":"SIP\/2002-0000004b","action":"status_call"}
[2025-11-05 22:48:26] {"success":true,"channel":"SIP\/2002-0000004b","status":"up","status_detail":"Call is active and answered - media is flowing","dtmf_input":"2","dtmf_updated_at":"2025-11-05 17:15:07","dtmf_array":{"dtmf_input":"2","updated_at":"2025-11-05 17:15:07"}}
[2025-11-05 22:48:26] 
[2025-11-05 22:48:26] 200
[2025-11-05 22:48:26] Starting get call stat...
[2025-11-05 22:48:27] {"callChannel":"SIP\/2002-0000004b","action":"status_call"}
[2025-11-05 22:48:27] {"success":true,"channel":"SIP\/2002-0000004b","status":"up","status_detail":"Call is active and answered - media is flowing","dtmf_input":"2","dtmf_updated_at":"2025-11-05 17:15:07","dtmf_array":{"dtmf_input":"2","updated_at":"2025-11-05 17:15:07"}}
[2025-11-05 22:48:27] 
[2025-11-05 22:48:27] 200
[2025-11-05 22:48:27] Starting get call stat...
[2025-11-05 22:48:28] {"callChannel":"SIP\/2002-0000004b","action":"status_call"}
[2025-11-05 22:48:28] {"success":true,"channel":"SIP\/2002-0000004b","status":"up","status_detail":"Call is active and answered - media is flowing","dtmf_input":"2","dtmf_updated_at":"2025-11-05 17:15:07","dtmf_array":{"dtmf_input":"2","updated_at":"2025-11-05 17:15:07"}}
[2025-11-05 22:48:28] 
[2025-11-05 22:48:28] 200
[2025-11-05 22:48:29] Starting get call stat...
[2025-11-05 22:48:30] {"callChannel":"SIP\/2002-0000004b","action":"status_call"}
[2025-11-05 22:48:30] {"success":true,"channel":"SIP\/2002-0000004b","status":"up","status_detail":"Call is active and answered - media is flowing","dtmf_input":"2","dtmf_updated_at":"2025-11-05 17:15:07","dtmf_array":{"dtmf_input":"2","updated_at":"2025-11-05 17:15:07"}}
[2025-11-05 22:48:30] 
[2025-11-05 22:48:30] 200
[2025-11-05 22:48:31] Starting get call stat...
[2025-11-05 22:48:32] {"callChannel":"SIP\/2002-0000004b","action":"status_call"}
[2025-11-05 22:48:32] {"success":true,"channel":"SIP\/2002-0000004b","status":"up","status_detail":"Call is active and answered - media is flowing","dtmf_input":"2","dtmf_updated_at":"2025-11-05 17:15:07","dtmf_array":{"dtmf_input":"2","updated_at":"2025-11-05 17:15:07"}}
[2025-11-05 22:48:32] 
[2025-11-05 22:48:32] 200
[2025-11-05 22:48:33] Starting get call stat...
[2025-11-05 22:48:34] {"callChannel":"SIP\/2002-0000004b","action":"status_call"}
[2025-11-05 22:48:34] {"success":true,"channel":"SIP\/2002-0000004b","status":"up","status_detail":"Call is active and answered - media is flowing","dtmf_input":"2","dtmf_updated_at":"2025-11-05 17:15:07","dtmf_array":{"dtmf_input":"2","updated_at":"2025-11-05 17:15:07"}}
[2025-11-05 22:48:34] 
[2025-11-05 22:48:34] 200
[2025-11-05 22:48:35] Starting get call stat...
[2025-11-05 22:48:36] {"callChannel":"SIP\/2002-0000004b","action":"status_call"}
[2025-11-05 22:48:36] {"success":true,"channel":"SIP\/2002-0000004b","status":"up","status_detail":"Call is active and answered - media is flowing","dtmf_input":"2","dtmf_updated_at":"2025-11-05 17:15:07","dtmf_array":{"dtmf_input":"2","updated_at":"2025-11-05 17:15:07"}}
[2025-11-05 22:48:36] 
[2025-11-05 22:48:36] 200
[2025-11-05 22:48:37] Starting get call stat...
[2025-11-05 22:48:38] {"callChannel":"SIP\/2002-0000004b","action":"status_call"}
[2025-11-05 22:48:38] {"success":true,"channel":"SIP\/2002-0000004b","status":"up","status_detail":"Call is active and answered - media is flowing","dtmf_input":"2","dtmf_updated_at":"2025-11-05 17:15:07","dtmf_array":{"dtmf_input":"2","updated_at":"2025-11-05 17:15:07"}}
[2025-11-05 22:48:38] 
[2025-11-05 22:48:38] 200
[2025-11-05 22:48:39] Starting get call stat...
[2025-11-05 22:48:40] {"callChannel":"SIP\/2002-0000004b","action":"status_call"}
[2025-11-05 22:48:40] {"success":true,"channel":"SIP\/2002-0000004b","status":"up","status_detail":"Call is active and answered - media is flowing","dtmf_input":"2","dtmf_updated_at":"2025-11-05 17:15:07","dtmf_array":{"dtmf_input":"2","updated_at":"2025-11-05 17:15:07"}}
[2025-11-05 22:48:40] 
[2025-11-05 22:48:40] 200
[2025-11-05 22:48:41] Starting get call stat...
[2025-11-05 22:48:42] {"callChannel":"SIP\/2002-0000004b","action":"status_call"}
[2025-11-05 22:48:42] {"success":true,"channel":"SIP\/2002-0000004b","status":"up","status_detail":"Call is active and answered - media is flowing","dtmf_input":"2","dtmf_updated_at":"2025-11-05 17:15:07","dtmf_array":{"dtmf_input":"2","updated_at":"2025-11-05 17:15:07"}}
[2025-11-05 22:48:42] 
[2025-11-05 22:48:42] 200
[2025-11-05 22:48:43] Starting get call stat...
[2025-11-05 22:48:44] {"callChannel":"SIP\/2002-0000004b","action":"status_call"}
[2025-11-05 22:48:44] {"success":true,"channel":"SIP\/2002-0000004b","status":"up","status_detail":"Call is active and answered - media is flowing","dtmf_input":"2","dtmf_updated_at":"2025-11-05 17:15:07","dtmf_array":{"dtmf_input":"2","updated_at":"2025-11-05 17:15:07"}}
[2025-11-05 22:48:44] 
[2025-11-05 22:48:44] 200
[2025-11-05 22:48:45] Starting get call stat...
[2025-11-05 22:48:46] {"callChannel":"SIP\/2002-0000004b","action":"status_call"}
[2025-11-05 22:48:46] {"success":true,"channel":"SIP\/2002-0000004b","status":"up","status_detail":"Call is active and answered - media is flowing","dtmf_input":"2","dtmf_updated_at":"2025-11-05 17:15:07","dtmf_array":{"dtmf_input":"2","updated_at":"2025-11-05 17:15:07"}}
[2025-11-05 22:48:46] 
[2025-11-05 22:48:46] 200
[2025-11-05 22:48:47] Starting get call stat...
[2025-11-05 22:48:48] {"callChannel":"SIP\/2002-0000004b","action":"status_call"}
[2025-11-05 22:48:48] {"success":false,"error":"Error:x: Read timeout Line: 424 File:\/var\/www\/html\/mbilling\/api\/call\/vendor\/marcelog\/pami\/src\/PAMI\/Client\/Impl\/ClientImpl.php"}
[2025-11-05 22:48:48] 
[2025-11-05 22:48:48] 400
[2025-11-05 22:48:49] Starting get call stat...
[2025-11-05 22:48:50] {"callChannel":"SIP\/2002-0000004b","action":"status_call"}
[2025-11-05 22:48:50] {"success":true,"channel":"SIP\/2002-0000004b","status":"up","status_detail":"Call is active and answered - media is flowing","dtmf_input":"2","dtmf_updated_at":"2025-11-05 17:15:07","dtmf_array":{"dtmf_input":"2","updated_at":"2025-11-05 17:15:07"}}
[2025-11-05 22:48:50] 
[2025-11-05 22:48:50] 200
[2025-11-05 22:48:51] Starting get call stat...
[2025-11-05 22:48:52] {"callChannel":"SIP\/2002-0000004b","action":"status_call"}
[2025-11-05 22:48:52] {"success":true,"channel":"SIP\/2002-0000004b","status":"up","status_detail":"Call is active and answered - media is flowing","dtmf_input":"2","dtmf_updated_at":"2025-11-05 17:15:07","dtmf_array":{"dtmf_input":"2","updated_at":"2025-11-05 17:15:07"}}
[2025-11-05 22:48:52] 
[2025-11-05 22:48:52] 200
[2025-11-05 22:48:53] Starting get call stat...
[2025-11-05 22:48:54] {"callChannel":"SIP\/2002-0000004b","action":"status_call"}
[2025-11-05 22:48:54] {"success":true,"channel":"SIP\/2002-0000004b","status":"up","status_detail":"Call is active and answered - media is flowing","dtmf_input":"2","dtmf_updated_at":"2025-11-05 17:15:07","dtmf_array":{"dtmf_input":"2","updated_at":"2025-11-05 17:15:07"}}
[2025-11-05 22:48:54] 
[2025-11-05 22:48:54] 200
[2025-11-05 22:48:55] Starting get call stat...
[2025-11-05 22:48:56] {"callChannel":"SIP\/2002-0000004b","action":"status_call"}
[2025-11-05 22:48:56] {"success":true,"channel":"SIP\/2002-0000004b","status":"up","status_detail":"Call is active and answered - media is flowing","dtmf_input":"2","dtmf_updated_at":"2025-11-05 17:15:07","dtmf_array":{"dtmf_input":"2","updated_at":"2025-11-05 17:15:07"}}
[2025-11-05 22:48:56] 
[2025-11-05 22:48:56] 200
[2025-11-05 22:48:57] Starting get call stat...
[2025-11-05 22:48:59] {"callChannel":"SIP\/2002-0000004b","action":"status_call"}
[2025-11-05 22:48:59] {"success":true,"channel":"SIP\/2002-0000004b","status":"up","status_detail":"Call is active and answered - media is flowing","dtmf_input":"2","dtmf_updated_at":"2025-11-05 17:15:07","dtmf_array":{"dtmf_input":"2","updated_at":"2025-11-05 17:15:07"}}
[2025-11-05 22:48:59] 
[2025-11-05 22:48:59] 200
[2025-11-05 22:48:59] Starting get call stat...
[2025-11-05 22:49:00] {"callChannel":"SIP\/2002-0000004b","action":"status_call"}
[2025-11-05 22:49:00] {"success":true,"channel":"SIP\/2002-0000004b","status":"up","status_detail":"Call is active and answered - media is flowing","dtmf_input":"2","dtmf_updated_at":"2025-11-05 17:15:07","dtmf_array":{"dtmf_input":"2","updated_at":"2025-11-05 17:15:07"}}
[2025-11-05 22:49:00] 
[2025-11-05 22:49:00] 200
[2025-11-05 22:49:01] Starting get call stat...
[2025-11-05 22:49:06] {"callChannel":"SIP\/2002-0000004b","action":"status_call"}
[2025-11-05 22:49:06] {"success":true,"channel":"SIP\/2002-0000004b","status":"up","status_detail":"Call is active and answered - media is flowing","dtmf_input":"2","dtmf_updated_at":"2025-11-05 17:15:07","dtmf_array":{"dtmf_input":"2","updated_at":"2025-11-05 17:15:07"}}
[2025-11-05 22:49:06] 
[2025-11-05 22:49:06] 200
[2025-11-05 22:49:06] Starting get call stat...
[2025-11-05 22:49:07] {"callChannel":"SIP\/2002-0000004b","action":"status_call"}
[2025-11-05 22:49:07] {"success":true,"channel":"SIP\/2002-0000004b","status":"up","status_detail":"Call is active and answered - media is flowing","dtmf_input":"2","dtmf_updated_at":"2025-11-05 17:15:07","dtmf_array":{"dtmf_input":"2","updated_at":"2025-11-05 17:15:07"}}
[2025-11-05 22:49:07] 
[2025-11-05 22:49:07] 200
[2025-11-05 22:49:07] Starting get call stat...
[2025-11-05 22:49:09] {"callChannel":"SIP\/2002-0000004b","action":"status_call"}
[2025-11-05 22:49:09] {"success":true,"channel":"SIP\/2002-0000004b","status":"up","status_detail":"Call is active and answered - media is flowing","dtmf_input":"2","dtmf_updated_at":"2025-11-05 17:15:07","dtmf_array":{"dtmf_input":"2","updated_at":"2025-11-05 17:15:07"}}
[2025-11-05 22:49:09] 
[2025-11-05 22:49:09] 200
[2025-11-05 22:49:09] Starting get call stat...
[2025-11-05 22:49:10] {"callChannel":"SIP\/2002-0000004b","action":"status_call"}
[2025-11-05 22:49:10] {"success":true,"channel":"SIP\/2002-0000004b","status":"up","status_detail":"Call is active and answered - media is flowing","dtmf_input":"2","dtmf_updated_at":"2025-11-05 17:15:07","dtmf_array":{"dtmf_input":"2","updated_at":"2025-11-05 17:15:07"}}
[2025-11-05 22:49:10] 
[2025-11-05 22:49:10] 200
[2025-11-05 22:49:10] Starting get call stat...
[2025-11-05 22:49:11] {"callChannel":"SIP\/2002-0000004b","action":"status_call"}
[2025-11-05 22:49:11] {"success":true,"channel":"SIP\/2002-0000004b","status":"up","status_detail":"Call is active and answered - media is flowing","dtmf_input":"2","dtmf_updated_at":"2025-11-05 17:15:07","dtmf_array":{"dtmf_input":"2","updated_at":"2025-11-05 17:15:07"}}
[2025-11-05 22:49:11] 
[2025-11-05 22:49:11] 200
[2025-11-05 22:49:11] Starting get call stat...
[2025-11-05 22:49:13] {"callChannel":"SIP\/2002-0000004b","action":"status_call"}
[2025-11-05 22:49:13] {"success":true,"channel":"SIP\/2002-0000004b","status":"up","status_detail":"Call is active and answered - media is flowing","dtmf_input":"2","dtmf_updated_at":"2025-11-05 17:15:07","dtmf_array":{"dtmf_input":"2","updated_at":"2025-11-05 17:15:07"}}
[2025-11-05 22:49:13] 
[2025-11-05 22:49:13] 200
[2025-11-05 22:49:13] Starting get call stat...
[2025-11-05 22:49:14] {"callChannel":"SIP\/2002-0000004b","action":"status_call"}
[2025-11-05 22:49:14] {"success":true,"channel":"SIP\/2002-0000004b","status":"up","status_detail":"Call is active and answered - media is flowing","dtmf_input":"2","dtmf_updated_at":"2025-11-05 17:15:07","dtmf_array":{"dtmf_input":"2","updated_at":"2025-11-05 17:15:07"}}
[2025-11-05 22:49:14] 
[2025-11-05 22:49:14] 200
[2025-11-05 22:49:15] Starting get call stat...
[2025-11-05 22:49:16] {"callChannel":"SIP\/2002-0000004b","action":"status_call"}
[2025-11-05 22:49:16] {"success":true,"channel":"SIP\/2002-0000004b","status":"up","status_detail":"Call is active and answered - media is flowing","dtmf_input":"2","dtmf_updated_at":"2025-11-05 17:15:07","dtmf_array":{"dtmf_input":"2","updated_at":"2025-11-05 17:15:07"}}
[2025-11-05 22:49:16] 
[2025-11-05 22:49:16] 200
[2025-11-05 22:49:17] Starting get call stat...
[2025-11-05 22:49:18] {"callChannel":"SIP\/2002-0000004b","action":"status_call"}
[2025-11-05 22:49:18] {"success":true,"channel":"SIP\/2002-0000004b","status":"up","status_detail":"Call is active and answered - media is flowing","dtmf_input":"2","dtmf_updated_at":"2025-11-05 17:15:07","dtmf_array":{"dtmf_input":"2","updated_at":"2025-11-05 17:15:07"}}
[2025-11-05 22:49:18] 
[2025-11-05 22:49:18] 200
[2025-11-05 22:49:19] Starting get call stat...
[2025-11-05 22:49:20] {"callChannel":"SIP\/2002-0000004b","action":"status_call"}
[2025-11-05 22:49:20] {"success":true,"channel":"SIP\/2002-0000004b","status":"up","status_detail":"Call is active and answered - media is flowing","dtmf_input":"2","dtmf_updated_at":"2025-11-05 17:15:07","dtmf_array":{"dtmf_input":"2","updated_at":"2025-11-05 17:15:07"}}
[2025-11-05 22:49:20] 
[2025-11-05 22:49:20] 200
[2025-11-05 22:49:21] Starting get call stat...
[2025-11-05 22:49:22] {"callChannel":"SIP\/2002-0000004b","action":"status_call"}
[2025-11-05 22:49:22] {"success":true,"channel":"SIP\/2002-0000004b","status":"up","status_detail":"Call is active and answered - media is flowing","dtmf_input":"2","dtmf_updated_at":"2025-11-05 17:15:07","dtmf_array":{"dtmf_input":"2","updated_at":"2025-11-05 17:15:07"}}
[2025-11-05 22:49:22] 
[2025-11-05 22:49:22] 200
[2025-11-05 22:49:23] Starting get call stat...
[2025-11-05 22:49:24] {"callChannel":"SIP\/2002-0000004b","action":"status_call"}
[2025-11-05 22:49:24] {"success":true,"channel":"SIP\/2002-0000004b","status":"up","status_detail":"Call is active and answered - media is flowing","dtmf_input":"2","dtmf_updated_at":"2025-11-05 17:15:07","dtmf_array":{"dtmf_input":"2","updated_at":"2025-11-05 17:15:07"}}
[2025-11-05 22:49:24] 
[2025-11-05 22:49:24] 200
[2025-11-05 22:49:25] Starting get call stat...
[2025-11-05 22:49:26] {"callChannel":"SIP\/2002-0000004b","action":"status_call"}
[2025-11-05 22:49:26] {"success":true,"channel":"SIP\/2002-0000004b","status":"up","status_detail":"Call is active and answered - media is flowing","dtmf_input":"2","dtmf_updated_at":"2025-11-05 17:15:07","dtmf_array":{"dtmf_input":"2","updated_at":"2025-11-05 17:15:07"}}
[2025-11-05 22:49:26] 
[2025-11-05 22:49:26] 200
[2025-11-05 22:49:27] Starting get call stat...
[2025-11-05 22:49:28] {"callChannel":"SIP\/2002-0000004b","action":"status_call"}
[2025-11-05 22:49:28] {"success":true,"channel":"SIP\/2002-0000004b","status":"up","status_detail":"Call is active and answered - media is flowing","dtmf_input":"2","dtmf_updated_at":"2025-11-05 17:15:07","dtmf_array":{"dtmf_input":"2","updated_at":"2025-11-05 17:15:07"}}
[2025-11-05 22:49:28] 
[2025-11-05 22:49:28] 200
[2025-11-05 22:49:29] Starting get call stat...
[2025-11-05 22:49:30] {"callChannel":"SIP\/2002-0000004b","action":"status_call"}
[2025-11-05 22:49:30] {"success":true,"channel":"SIP\/2002-0000004b","status":"up","status_detail":"Call is active and answered - media is flowing","dtmf_input":"2","dtmf_updated_at":"2025-11-05 17:15:07","dtmf_array":{"dtmf_input":"2","updated_at":"2025-11-05 17:15:07"}}
[2025-11-05 22:49:30] 
[2025-11-05 22:49:30] 200
[2025-11-05 22:49:31] Starting get call stat...
[2025-11-05 22:49:32] {"callChannel":"SIP\/2002-0000004b","action":"status_call"}
[2025-11-05 22:49:32] {"success":true,"channel":"SIP\/2002-0000004b","status":"up","status_detail":"Call is active and answered - media is flowing","dtmf_input":"2","dtmf_updated_at":"2025-11-05 17:15:07","dtmf_array":{"dtmf_input":"2","updated_at":"2025-11-05 17:15:07"}}
[2025-11-05 22:49:32] 
[2025-11-05 22:49:32] 200
[2025-11-05 22:49:33] Starting get call stat...
[2025-11-05 22:49:35] {"callChannel":"SIP\/2002-0000004b","action":"status_call"}
[2025-11-05 22:49:35] {"success":true,"channel":"SIP\/2002-0000004b","status":"up","status_detail":"Call is active and answered - media is flowing","dtmf_input":"2","dtmf_updated_at":"2025-11-05 17:15:07","dtmf_array":{"dtmf_input":"2","updated_at":"2025-11-05 17:15:07"}}
[2025-11-05 22:49:35] 
[2025-11-05 22:49:35] 200
[2025-11-05 22:49:35] Starting get call stat...
[2025-11-05 22:49:36] {"callChannel":"SIP\/2002-0000004b","action":"status_call"}
[2025-11-05 22:49:36] {"success":true,"channel":"SIP\/2002-0000004b","status":"up","status_detail":"Call is active and answered - media is flowing","dtmf_input":"2","dtmf_updated_at":"2025-11-05 17:15:07","dtmf_array":{"dtmf_input":"2","updated_at":"2025-11-05 17:15:07"}}
[2025-11-05 22:49:36] 
[2025-11-05 22:49:36] 200
[2025-11-05 22:49:37] Starting get call stat...
[2025-11-05 22:49:38] {"callChannel":"SIP\/2002-0000004b","action":"status_call"}
[2025-11-05 22:49:38] {"success":true,"channel":"SIP\/2002-0000004b","status":"up","status_detail":"Call is active and answered - media is flowing","dtmf_input":"2","dtmf_updated_at":"2025-11-05 17:15:07","dtmf_array":{"dtmf_input":"2","updated_at":"2025-11-05 17:15:07"}}
[2025-11-05 22:49:38] 
[2025-11-05 22:49:38] 200
[2025-11-05 22:49:39] Starting get call stat...
[2025-11-05 22:49:40] {"callChannel":"SIP\/2002-0000004b","action":"status_call"}
[2025-11-05 22:49:40] {"success":true,"channel":"SIP\/2002-0000004b","status":"up","status_detail":"Call is active and answered - media is flowing","dtmf_input":"2","dtmf_updated_at":"2025-11-05 17:15:07","dtmf_array":{"dtmf_input":"2","updated_at":"2025-11-05 17:15:07"}}
[2025-11-05 22:49:40] 
[2025-11-05 22:49:40] 200
[2025-11-05 22:49:41] Starting get call stat...
[2025-11-05 22:49:42] {"callChannel":"SIP\/2002-0000004b","action":"status_call"}
[2025-11-05 22:49:42] {"success":true,"channel":"SIP\/2002-0000004b","status":"up","status_detail":"Call is active and answered - media is flowing","dtmf_input":"2","dtmf_updated_at":"2025-11-05 17:15:07","dtmf_array":{"dtmf_input":"2","updated_at":"2025-11-05 17:15:07"}}
[2025-11-05 22:49:42] 
[2025-11-05 22:49:42] 200
[2025-11-05 22:49:43] Starting get call stat...
[2025-11-05 22:49:44] {"callChannel":"SIP\/2002-0000004b","action":"status_call"}
[2025-11-05 22:49:44] {"success":true,"channel":"SIP\/2002-0000004b","status":"up","status_detail":"Call is active and answered - media is flowing","dtmf_input":"2","dtmf_updated_at":"2025-11-05 17:15:07","dtmf_array":{"dtmf_input":"2","updated_at":"2025-11-05 17:15:07"}}
[2025-11-05 22:49:44] 
[2025-11-05 22:49:44] 200
[2025-11-05 22:49:45] Starting get call stat...
[2025-11-05 22:49:46] {"callChannel":"SIP\/2002-0000004b","action":"status_call"}
[2025-11-05 22:49:46] {"success":true,"channel":"SIP\/2002-0000004b","status":"up","status_detail":"Call is active and answered - media is flowing","dtmf_input":"2","dtmf_updated_at":"2025-11-05 17:15:07","dtmf_array":{"dtmf_input":"2","updated_at":"2025-11-05 17:15:07"}}
[2025-11-05 22:49:46] 
[2025-11-05 22:49:46] 200
[2025-11-05 22:49:47] Starting get call stat...
[2025-11-05 22:49:48] {"callChannel":"SIP\/2002-0000004b","action":"status_call"}
[2025-11-05 22:49:48] {"success":true,"channel":"SIP\/2002-0000004b","status":"up","status_detail":"Call is active and answered - media is flowing","dtmf_input":"2","dtmf_updated_at":"2025-11-05 17:15:07","dtmf_array":{"dtmf_input":"2","updated_at":"2025-11-05 17:15:07"}}
[2025-11-05 22:49:48] 
[2025-11-05 22:49:48] 200
[2025-11-05 22:49:49] Starting get call stat...
[2025-11-05 22:49:51] {"callChannel":"SIP\/2002-0000004b","action":"status_call"}
[2025-11-05 22:49:51] {"success":true,"channel":"SIP\/2002-0000004b","status":"up","status_detail":"Call is active and answered - media is flowing","dtmf_input":"2","dtmf_updated_at":"2025-11-05 17:15:07","dtmf_array":{"dtmf_input":"2","updated_at":"2025-11-05 17:15:07"}}
[2025-11-05 22:49:51] 
[2025-11-05 22:49:51] 200
[2025-11-05 22:49:51] Starting get call stat...
[2025-11-05 22:49:52] {"callChannel":"SIP\/2002-0000004b","action":"status_call"}
[2025-11-05 22:49:52] {"success":true,"channel":"SIP\/2002-0000004b","status":"up","status_detail":"Call is active and answered - media is flowing","dtmf_input":"2","dtmf_updated_at":"2025-11-05 17:15:07","dtmf_array":{"dtmf_input":"2","updated_at":"2025-11-05 17:15:07"}}
[2025-11-05 22:49:52] 
[2025-11-05 22:49:52] 200
[2025-11-05 22:49:53] Starting get call stat...
[2025-11-05 22:49:54] {"callChannel":"SIP\/2002-0000004b","action":"status_call"}
[2025-11-05 22:49:54] {"success":true,"channel":"SIP\/2002-0000004b","status":"up","status_detail":"Call is active and answered - media is flowing","dtmf_input":"2","dtmf_updated_at":"2025-11-05 17:15:07","dtmf_array":{"dtmf_input":"2","updated_at":"2025-11-05 17:15:07"}}
[2025-11-05 22:49:54] 
[2025-11-05 22:49:54] 200
[2025-11-05 22:49:55] Starting get call stat...
[2025-11-05 22:49:56] {"callChannel":"SIP\/2002-0000004b","action":"status_call"}
[2025-11-05 22:49:56] {"success":true,"channel":"SIP\/2002-0000004b","status":"up","status_detail":"Call is active and answered - media is flowing","dtmf_input":"2","dtmf_updated_at":"2025-11-05 17:15:07","dtmf_array":{"dtmf_input":"2","updated_at":"2025-11-05 17:15:07"}}
[2025-11-05 22:49:56] 
[2025-11-05 22:49:56] 200
[2025-11-05 22:49:57] Starting get call stat...
[2025-11-05 22:49:58] {"callChannel":"SIP\/2002-0000004b","action":"status_call"}
[2025-11-05 22:49:58] {"success":true,"channel":"SIP\/2002-0000004b","status":"up","status_detail":"Call is active and answered - media is flowing","dtmf_input":"2","dtmf_updated_at":"2025-11-05 17:15:07","dtmf_array":{"dtmf_input":"2","updated_at":"2025-11-05 17:15:07"}}
[2025-11-05 22:49:58] 
[2025-11-05 22:49:58] 200
[2025-11-05 22:49:59] Starting get call stat...
[2025-11-05 22:50:01] {"callChannel":"SIP\/2002-0000004b","action":"status_call"}
[2025-11-05 22:50:01] {"success":true,"channel":"SIP\/2002-0000004b","status":"up","status_detail":"Call is active and answered - media is flowing","dtmf_input":"2","dtmf_updated_at":"2025-11-05 17:15:07","dtmf_array":{"dtmf_input":"2","updated_at":"2025-11-05 17:15:07"}}
[2025-11-05 22:50:01] 
[2025-11-05 22:50:01] 200
[2025-11-05 22:50:01] Starting get call stat...
[2025-11-05 22:50:04] {"callChannel":"SIP\/2002-0000004b","action":"status_call"}
[2025-11-05 22:50:04] {"success":true,"channel":"SIP\/2002-0000004b","status":"up","status_detail":"Call is active and answered - media is flowing","dtmf_input":"2","dtmf_updated_at":"2025-11-05 17:15:07","dtmf_array":{"dtmf_input":"2","updated_at":"2025-11-05 17:15:07"}}
[2025-11-05 22:50:04] 
[2025-11-05 22:50:04] 200
[2025-11-05 22:50:04] Starting get call stat...
[2025-11-05 22:50:08] {"callChannel":"SIP\/2002-0000004b","action":"status_call"}
[2025-11-05 22:50:08] {"success":true,"channel":"SIP\/2002-0000004b","status":"up","status_detail":"Call is active and answered - media is flowing","dtmf_input":"2","dtmf_updated_at":"2025-11-05 17:15:07","dtmf_array":{"dtmf_input":"2","updated_at":"2025-11-05 17:15:07"}}
[2025-11-05 22:50:08] 
[2025-11-05 22:50:08] 200
[2025-11-05 22:50:08] Starting get call stat...
[2025-11-05 22:50:10] {"callChannel":"SIP\/2002-0000004b","action":"status_call"}
[2025-11-05 22:50:10] {"success":true,"channel":"SIP\/2002-0000004b","status":"up","status_detail":"Call is active and answered - media is flowing","dtmf_input":"2","dtmf_updated_at":"2025-11-05 17:15:07","dtmf_array":{"dtmf_input":"2","updated_at":"2025-11-05 17:15:07"}}
[2025-11-05 22:50:10] 
[2025-11-05 22:50:10] 200
[2025-11-05 22:50:10] Starting get call stat...
[2025-11-05 22:50:12] {"callChannel":"SIP\/2002-0000004b","action":"status_call"}
[2025-11-05 22:50:12] {"success":true,"channel":"SIP\/2002-0000004b","status":"up","status_detail":"Call is active and answered - media is flowing","dtmf_input":"2","dtmf_updated_at":"2025-11-05 17:15:07","dtmf_array":{"dtmf_input":"2","updated_at":"2025-11-05 17:15:07"}}
[2025-11-05 22:50:12] 
[2025-11-05 22:50:12] 200
[2025-11-05 22:50:12] Starting get call stat...
[2025-11-05 22:50:13] {"callChannel":"SIP\/2002-0000004b","action":"status_call"}
[2025-11-05 22:50:13] {"success":true,"channel":"SIP\/2002-0000004b","status":"up","status_detail":"Call is active and answered - media is flowing","dtmf_input":"2","dtmf_updated_at":"2025-11-05 17:15:07","dtmf_array":{"dtmf_input":"2","updated_at":"2025-11-05 17:15:07"}}
[2025-11-05 22:50:13] 
[2025-11-05 22:50:13] 200
[2025-11-05 22:50:13] Starting get call stat...
[2025-11-05 22:50:14] {"callChannel":"SIP\/2002-0000004b","action":"status_call"}
[2025-11-05 22:50:14] {"success":true,"channel":"SIP\/2002-0000004b","status":"up","status_detail":"Call is active and answered - media is flowing","dtmf_input":"2","dtmf_updated_at":"2025-11-05 17:15:07","dtmf_array":{"dtmf_input":"2","updated_at":"2025-11-05 17:15:07"}}
[2025-11-05 22:50:14] 
[2025-11-05 22:50:14] 200
[2025-11-05 22:50:14] Starting get call stat...
[2025-11-05 22:50:16] {"callChannel":"SIP\/2002-0000004b","action":"status_call"}
[2025-11-05 22:50:16] {"success":true,"channel":"SIP\/2002-0000004b","status":"up","status_detail":"Call is active and answered - media is flowing","dtmf_input":"2","dtmf_updated_at":"2025-11-05 17:15:07","dtmf_array":{"dtmf_input":"2","updated_at":"2025-11-05 17:15:07"}}
[2025-11-05 22:50:16] 
[2025-11-05 22:50:16] 200
[2025-11-05 22:50:16] Starting get call stat...
[2025-11-05 22:50:17] {"callChannel":"SIP\/2002-0000004b","action":"status_call"}
[2025-11-05 22:50:17] {"success":true,"channel":"SIP\/2002-0000004b","status":"up","status_detail":"Call is active and answered - media is flowing","dtmf_input":"2","dtmf_updated_at":"2025-11-05 17:15:07","dtmf_array":{"dtmf_input":"2","updated_at":"2025-11-05 17:15:07"}}
[2025-11-05 22:50:17] 
[2025-11-05 22:50:17] 200
[2025-11-05 22:50:17] Starting get call stat...
[2025-11-05 22:50:18] {"callChannel":"SIP\/2002-0000004b","action":"status_call"}
[2025-11-05 22:50:18] {"success":true,"channel":"SIP\/2002-0000004b","status":"up","status_detail":"Call is active and answered - media is flowing","dtmf_input":"2","dtmf_updated_at":"2025-11-05 17:15:07","dtmf_array":{"dtmf_input":"2","updated_at":"2025-11-05 17:15:07"}}
[2025-11-05 22:50:18] 
[2025-11-05 22:50:18] 200
[2025-11-05 22:50:19] Starting get call stat...
[2025-11-05 22:50:20] {"callChannel":"SIP\/2002-0000004b","action":"status_call"}
[2025-11-05 22:50:20] {"success":true,"channel":"SIP\/2002-0000004b","status":"up","status_detail":"Call is active and answered - media is flowing","dtmf_input":"2","dtmf_updated_at":"2025-11-05 17:15:07","dtmf_array":{"dtmf_input":"2","updated_at":"2025-11-05 17:15:07"}}
[2025-11-05 22:50:20] 
[2025-11-05 22:50:20] 200
[2025-11-05 22:50:23] Starting get call stat...
[2025-11-05 22:50:24] {"callChannel":"SIP\/2002-0000004b","action":"status_call"}
[2025-11-05 22:50:24] {"success":true,"channel":"SIP\/2002-0000004b","status":"up","status_detail":"Call is active and answered - media is flowing","dtmf_input":"2","dtmf_updated_at":"2025-11-05 17:15:07","dtmf_array":{"dtmf_input":"2","updated_at":"2025-11-05 17:15:07"}}
[2025-11-05 22:50:24] 
[2025-11-05 22:50:24] 200
[2025-11-05 22:50:25] Starting get call stat...
[2025-11-05 22:50:26] {"callChannel":"SIP\/2002-0000004b","action":"status_call"}
[2025-11-05 22:50:26] {"success":true,"channel":"SIP\/2002-0000004b","status":"up","status_detail":"Call is active and answered - media is flowing","dtmf_input":"2","dtmf_updated_at":"2025-11-05 17:15:07","dtmf_array":{"dtmf_input":"2","updated_at":"2025-11-05 17:15:07"}}
[2025-11-05 22:50:26] 
[2025-11-05 22:50:26] 200
[2025-11-05 22:50:27] Starting get call stat...
[2025-11-05 22:50:28] {"callChannel":"SIP\/2002-0000004b","action":"status_call"}
[2025-11-05 22:50:28] {"success":true,"channel":"SIP\/2002-0000004b","status":"up","status_detail":"Call is active and answered - media is flowing","dtmf_input":"2","dtmf_updated_at":"2025-11-05 17:15:07","dtmf_array":{"dtmf_input":"2","updated_at":"2025-11-05 17:15:07"}}
[2025-11-05 22:50:28] 
[2025-11-05 22:50:28] 200
[2025-11-05 22:50:29] Starting get call stat...
[2025-11-05 22:50:30] {"callChannel":"SIP\/2002-0000004b","action":"status_call"}
[2025-11-05 22:50:30] {"success":true,"channel":"SIP\/2002-0000004b","status":"up","status_detail":"Call is active and answered - media is flowing","dtmf_input":"2","dtmf_updated_at":"2025-11-05 17:15:07","dtmf_array":{"dtmf_input":"2","updated_at":"2025-11-05 17:15:07"}}
[2025-11-05 22:50:30] 
[2025-11-05 22:50:30] 200
[2025-11-05 22:50:31] Starting get call stat...
[2025-11-05 22:50:32] {"callChannel":"SIP\/2002-0000004b","action":"status_call"}
[2025-11-05 22:50:32] {"success":true,"channel":"SIP\/2002-0000004b","status":"up","status_detail":"Call is active and answered - media is flowing","dtmf_input":"2","dtmf_updated_at":"2025-11-05 17:15:07","dtmf_array":{"dtmf_input":"2","updated_at":"2025-11-05 17:15:07"}}
[2025-11-05 22:50:32] 
[2025-11-05 22:50:32] 200
[2025-11-05 22:50:33] Starting get call stat...
[2025-11-05 22:50:34] {"callChannel":"SIP\/2002-0000004b","action":"status_call"}
[2025-11-05 22:50:34] {"success":true,"channel":"SIP\/2002-0000004b","status":"up","status_detail":"Call is active and answered - media is flowing","dtmf_input":"2","dtmf_updated_at":"2025-11-05 17:15:07","dtmf_array":{"dtmf_input":"2","updated_at":"2025-11-05 17:15:07"}}
[2025-11-05 22:50:34] 
[2025-11-05 22:50:34] 200
[2025-11-05 22:50:35] Starting get call stat...
[2025-11-05 22:50:36] {"callChannel":"SIP\/2002-0000004b","action":"status_call"}
[2025-11-05 22:50:36] {"success":true,"channel":"SIP\/2002-0000004b","status":"up","status_detail":"Call is active and answered - media is flowing","dtmf_input":"2","dtmf_updated_at":"2025-11-05 17:15:07","dtmf_array":{"dtmf_input":"2","updated_at":"2025-11-05 17:15:07"}}
[2025-11-05 22:50:36] 
[2025-11-05 22:50:36] 200
[2025-11-05 22:50:37] Starting get call stat...
[2025-11-05 22:50:38] {"callChannel":"SIP\/2002-0000004b","action":"status_call"}
[2025-11-05 22:50:38] {"success":true,"channel":"SIP\/2002-0000004b","status":"up","status_detail":"Call is active and answered - media is flowing","dtmf_input":"2","dtmf_updated_at":"2025-11-05 17:15:07","dtmf_array":{"dtmf_input":"2","updated_at":"2025-11-05 17:15:07"}}
[2025-11-05 22:50:38] 
[2025-11-05 22:50:38] 200
[2025-11-05 22:50:39] Starting get call stat...
[2025-11-05 22:50:40] {"callChannel":"SIP\/2002-0000004b","action":"status_call"}
[2025-11-05 22:50:40] {"success":true,"channel":"SIP\/2002-0000004b","status":"up","status_detail":"Call is active and answered - media is flowing","dtmf_input":"2","dtmf_updated_at":"2025-11-05 17:15:07","dtmf_array":{"dtmf_input":"2","updated_at":"2025-11-05 17:15:07"}}
[2025-11-05 22:50:40] 
[2025-11-05 22:50:40] 200
[2025-11-05 22:50:41] Starting get call stat...
[2025-11-05 22:50:42] {"callChannel":"SIP\/2002-0000004b","action":"status_call"}
[2025-11-05 22:50:42] {"success":true,"channel":"SIP\/2002-0000004b","status":"up","status_detail":"Call is active and answered - media is flowing","dtmf_input":"2","dtmf_updated_at":"2025-11-05 17:15:07","dtmf_array":{"dtmf_input":"2","updated_at":"2025-11-05 17:15:07"}}
[2025-11-05 22:50:42] 
[2025-11-05 22:50:42] 200
[2025-11-05 22:50:43] Starting get call stat...
[2025-11-05 22:50:44] {"callChannel":"SIP\/2002-0000004b","action":"status_call"}
[2025-11-05 22:50:44] {"success":true,"channel":"SIP\/2002-0000004b","status":"up","status_detail":"Call is active and answered - media is flowing","dtmf_input":"2","dtmf_updated_at":"2025-11-05 17:15:07","dtmf_array":{"dtmf_input":"2","updated_at":"2025-11-05 17:15:07"}}
[2025-11-05 22:50:44] 
[2025-11-05 22:50:44] 200
[2025-11-05 22:50:45] Starting get call stat...
[2025-11-05 22:50:46] {"callChannel":"SIP\/2002-0000004b","action":"status_call"}
[2025-11-05 22:50:46] {"success":true,"channel":"SIP\/2002-0000004b","status":"up","status_detail":"Call is active and answered - media is flowing","dtmf_input":"2","dtmf_updated_at":"2025-11-05 17:15:07","dtmf_array":{"dtmf_input":"2","updated_at":"2025-11-05 17:15:07"}}
[2025-11-05 22:50:46] 
[2025-11-05 22:50:46] 200
[2025-11-05 22:50:47] Starting get call stat...
[2025-11-05 22:50:48] {"callChannel":"SIP\/2002-0000004b","action":"status_call"}
[2025-11-05 22:50:48] {"success":true,"channel":"SIP\/2002-0000004b","status":"up","status_detail":"Call is active and answered - media is flowing","dtmf_input":"2","dtmf_updated_at":"2025-11-05 17:15:07","dtmf_array":{"dtmf_input":"2","updated_at":"2025-11-05 17:15:07"}}
[2025-11-05 22:50:48] 
[2025-11-05 22:50:48] 200
[2025-11-05 22:50:49] Starting get call stat...
[2025-11-05 22:50:50] {"callChannel":"SIP\/2002-0000004b","action":"status_call"}
[2025-11-05 22:50:50] {"success":true,"channel":"SIP\/2002-0000004b","status":"up","status_detail":"Call is active and answered - media is flowing","dtmf_input":"2","dtmf_updated_at":"2025-11-05 17:15:07","dtmf_array":{"dtmf_input":"2","updated_at":"2025-11-05 17:15:07"}}
[2025-11-05 22:50:50] 
[2025-11-05 22:50:50] 200
[2025-11-05 22:50:54] Starting get call stat...
[2025-11-05 22:50:56] {"callChannel":"SIP\/2002-0000004b","action":"status_call"}
[2025-11-05 22:50:56] {"success":true,"channel":"SIP\/2002-0000004b","status":"up","status_detail":"Call is active and answered - media is flowing","dtmf_input":"2","dtmf_updated_at":"2025-11-05 17:15:07","dtmf_array":{"dtmf_input":"2","updated_at":"2025-11-05 17:15:07"}}
[2025-11-05 22:50:56] 
[2025-11-05 22:50:56] 200
[2025-11-05 22:50:56] Starting get call stat...
[2025-11-05 22:50:57] {"callChannel":"SIP\/2002-0000004b","action":"status_call"}
[2025-11-05 22:50:57] {"success":true,"channel":"SIP\/2002-0000004b","status":"up","status_detail":"Call is active and answered - media is flowing","dtmf_input":"2","dtmf_updated_at":"2025-11-05 17:15:07","dtmf_array":{"dtmf_input":"2","updated_at":"2025-11-05 17:15:07"}}
[2025-11-05 22:50:57] 
[2025-11-05 22:50:57] 200
[2025-11-05 22:50:57] Starting get call stat...
[2025-11-05 22:50:59] {"callChannel":"SIP\/2002-0000004b","action":"status_call"}
[2025-11-05 22:50:59] {"success":true,"channel":"SIP\/2002-0000004b","status":"up","status_detail":"Call is active and answered - media is flowing","dtmf_input":"2","dtmf_updated_at":"2025-11-05 17:15:07","dtmf_array":{"dtmf_input":"2","updated_at":"2025-11-05 17:15:07"}}
[2025-11-05 22:50:59] 
[2025-11-05 22:50:59] 200
[2025-11-05 22:50:59] Starting get call stat...
[2025-11-05 22:51:00] {"callChannel":"SIP\/2002-0000004b","action":"status_call"}
[2025-11-05 22:51:00] {"success":true,"channel":"SIP\/2002-0000004b","status":"up","status_detail":"Call is active and answered - media is flowing","dtmf_input":"2","dtmf_updated_at":"2025-11-05 17:15:07","dtmf_array":{"dtmf_input":"2","updated_at":"2025-11-05 17:15:07"}}
[2025-11-05 22:51:00] 
[2025-11-05 22:51:00] 200
[2025-11-05 22:51:00] Starting get call stat...
[2025-11-05 22:51:02] {"callChannel":"SIP\/2002-0000004b","action":"status_call"}
[2025-11-05 22:51:02] {"success":true,"channel":"SIP\/2002-0000004b","status":"up","status_detail":"Call is active and answered - media is flowing","dtmf_input":"2","dtmf_updated_at":"2025-11-05 17:15:07","dtmf_array":{"dtmf_input":"2","updated_at":"2025-11-05 17:15:07"}}
[2025-11-05 22:51:02] 
[2025-11-05 22:51:02] 200
[2025-11-05 22:51:03] Starting get call stat...
[2025-11-05 22:51:07] {"callChannel":"SIP\/2002-0000004b","action":"status_call"}
[2025-11-05 22:51:07] {"success":true,"channel":"SIP\/2002-0000004b","status":"up","status_detail":"Call is active and answered - media is flowing","dtmf_input":"2","dtmf_updated_at":"2025-11-05 17:15:07","dtmf_array":{"dtmf_input":"2","updated_at":"2025-11-05 17:15:07"}}
[2025-11-05 22:51:07] 
[2025-11-05 22:51:07] 200
[2025-11-05 22:51:07] Starting get call stat...
[2025-11-05 22:51:08] {"callChannel":"SIP\/2002-0000004b","action":"status_call"}
[2025-11-05 22:51:08] {"success":true,"channel":"SIP\/2002-0000004b","status":"up","status_detail":"Call is active and answered - media is flowing","dtmf_input":"2","dtmf_updated_at":"2025-11-05 17:15:07","dtmf_array":{"dtmf_input":"2","updated_at":"2025-11-05 17:15:07"}}
[2025-11-05 22:51:08] 
[2025-11-05 22:51:08] 200
[2025-11-05 22:51:08] Starting get call stat...
[2025-11-05 22:51:10] {"callChannel":"SIP\/2002-0000004b","action":"status_call"}
[2025-11-05 22:51:10] {"success":true,"channel":"SIP\/2002-0000004b","status":"up","status_detail":"Call is active and answered - media is flowing","dtmf_input":"2","dtmf_updated_at":"2025-11-05 17:15:07","dtmf_array":{"dtmf_input":"2","updated_at":"2025-11-05 17:15:07"}}
[2025-11-05 22:51:10] 
[2025-11-05 22:51:10] 200
[2025-11-05 22:51:10] Starting get call stat...
[2025-11-05 22:51:11] {"callChannel":"SIP\/2002-0000004b","action":"status_call"}
[2025-11-05 22:51:11] {"success":true,"channel":"SIP\/2002-0000004b","status":"up","status_detail":"Call is active and answered - media is flowing","dtmf_input":"2","dtmf_updated_at":"2025-11-05 17:15:07","dtmf_array":{"dtmf_input":"2","updated_at":"2025-11-05 17:15:07"}}
[2025-11-05 22:51:11] 
[2025-11-05 22:51:11] 200
[2025-11-05 22:51:11] Starting get call stat...
[2025-11-05 22:51:12] {"callChannel":"SIP\/2002-0000004b","action":"status_call"}
[2025-11-05 22:51:12] {"success":true,"channel":"SIP\/2002-0000004b","status":"up","status_detail":"Call is active and answered - media is flowing","dtmf_input":"2","dtmf_updated_at":"2025-11-05 17:15:07","dtmf_array":{"dtmf_input":"2","updated_at":"2025-11-05 17:15:07"}}
[2025-11-05 22:51:12] 
[2025-11-05 22:51:12] 200
[2025-11-05 22:51:12] Starting get call stat...
[2025-11-05 22:51:14] {"callChannel":"SIP\/2002-0000004b","action":"status_call"}
[2025-11-05 22:51:14] {"success":true,"channel":"SIP\/2002-0000004b","status":"up","status_detail":"Call is active and answered - media is flowing","dtmf_input":"2","dtmf_updated_at":"2025-11-05 17:15:07","dtmf_array":{"dtmf_input":"2","updated_at":"2025-11-05 17:15:07"}}
[2025-11-05 22:51:14] 
[2025-11-05 22:51:14] 200
[2025-11-05 22:51:14] Starting get call stat...
[2025-11-05 22:51:15] {"callChannel":"SIP\/2002-0000004b","action":"status_call"}
[2025-11-05 22:51:15] {"success":true,"channel":"SIP\/2002-0000004b","status":"up","status_detail":"Call is active and answered - media is flowing","dtmf_input":"2","dtmf_updated_at":"2025-11-05 17:15:07","dtmf_array":{"dtmf_input":"2","updated_at":"2025-11-05 17:15:07"}}
[2025-11-05 22:51:15] 
[2025-11-05 22:51:15] 200
[2025-11-05 22:51:15] Starting get call stat...
[2025-11-05 22:51:17] {"callChannel":"SIP\/2002-0000004b","action":"status_call"}
[2025-11-05 22:51:17] {"success":true,"channel":"SIP\/2002-0000004b","status":"up","status_detail":"Call is active and answered - media is flowing","dtmf_input":"2","dtmf_updated_at":"2025-11-05 17:15:07","dtmf_array":{"dtmf_input":"2","updated_at":"2025-11-05 17:15:07"}}
[2025-11-05 22:51:17] 
[2025-11-05 22:51:17] 200
[2025-11-05 22:51:17] Starting get call stat...
[2025-11-05 22:51:19] {"callChannel":"SIP\/2002-0000004b","action":"status_call"}
[2025-11-05 22:51:19] {"success":true,"channel":"SIP\/2002-0000004b","status":"up","status_detail":"Call is active and answered - media is flowing","dtmf_input":"2","dtmf_updated_at":"2025-11-05 17:15:07","dtmf_array":{"dtmf_input":"2","updated_at":"2025-11-05 17:15:07"}}
[2025-11-05 22:51:19] 
[2025-11-05 22:51:19] 200
[2025-11-05 22:51:19] Starting get call stat...
[2025-11-05 22:51:20] {"callChannel":"SIP\/2002-0000004b","action":"status_call"}
[2025-11-05 22:51:20] {"success":true,"channel":"SIP\/2002-0000004b","status":"up","status_detail":"Call is active and answered - media is flowing","dtmf_input":"2","dtmf_updated_at":"2025-11-05 17:15:07","dtmf_array":{"dtmf_input":"2","updated_at":"2025-11-05 17:15:07"}}
[2025-11-05 22:51:20] 
[2025-11-05 22:51:20] 200
[2025-11-05 22:51:21] Starting get call stat...
[2025-11-05 22:51:22] {"callChannel":"SIP\/2002-0000004b","action":"status_call"}
[2025-11-05 22:51:22] {"success":true,"channel":"SIP\/2002-0000004b","status":"up","status_detail":"Call is active and answered - media is flowing","dtmf_input":"2","dtmf_updated_at":"2025-11-05 17:15:07","dtmf_array":{"dtmf_input":"2","updated_at":"2025-11-05 17:15:07"}}
[2025-11-05 22:51:22] 
[2025-11-05 22:51:22] 200
[2025-11-05 22:51:23] Starting get call stat...
[2025-11-05 22:51:25] {"callChannel":"SIP\/2002-0000004b","action":"status_call"}
[2025-11-05 22:51:25] {"success":true,"channel":"SIP\/2002-0000004b","status":"up","status_detail":"Call is active and answered - media is flowing","dtmf_input":"2","dtmf_updated_at":"2025-11-05 17:15:07","dtmf_array":{"dtmf_input":"2","updated_at":"2025-11-05 17:15:07"}}
[2025-11-05 22:51:25] 
[2025-11-05 22:51:25] 200
[2025-11-05 22:51:25] Starting get call stat...
[2025-11-05 22:51:26] {"callChannel":"SIP\/2002-0000004b","action":"status_call"}
[2025-11-05 22:51:26] {"success":true,"channel":"SIP\/2002-0000004b","status":"up","status_detail":"Call is active and answered - media is flowing","dtmf_input":"2","dtmf_updated_at":"2025-11-05 17:15:07","dtmf_array":{"dtmf_input":"2","updated_at":"2025-11-05 17:15:07"}}
[2025-11-05 22:51:26] 
[2025-11-05 22:51:26] 200
[2025-11-05 22:51:27] Starting get call stat...
[2025-11-05 22:51:28] {"callChannel":"SIP\/2002-0000004b","action":"status_call"}
[2025-11-05 22:51:28] {"success":true,"channel":"SIP\/2002-0000004b","status":"up","status_detail":"Call is active and answered - media is flowing","dtmf_input":"2","dtmf_updated_at":"2025-11-05 17:15:07","dtmf_array":{"dtmf_input":"2","updated_at":"2025-11-05 17:15:07"}}
[2025-11-05 22:51:28] 
[2025-11-05 22:51:28] 200
[2025-11-05 22:51:29] Starting get call stat...
[2025-11-05 22:51:30] {"callChannel":"SIP\/2002-0000004b","action":"status_call"}
[2025-11-05 22:51:30] {"success":true,"channel":"SIP\/2002-0000004b","status":"up","status_detail":"Call is active and answered - media is flowing","dtmf_input":"2","dtmf_updated_at":"2025-11-05 17:15:07","dtmf_array":{"dtmf_input":"2","updated_at":"2025-11-05 17:15:07"}}
[2025-11-05 22:51:30] 
[2025-11-05 22:51:30] 200
[2025-11-05 22:51:31] Starting get call stat...
[2025-11-05 22:51:32] {"callChannel":"SIP\/2002-0000004b","action":"status_call"}
[2025-11-05 22:51:32] {"success":true,"channel":"SIP\/2002-0000004b","status":"up","status_detail":"Call is active and answered - media is flowing","dtmf_input":"2","dtmf_updated_at":"2025-11-05 17:15:07","dtmf_array":{"dtmf_input":"2","updated_at":"2025-11-05 17:15:07"}}
[2025-11-05 22:51:32] 
[2025-11-05 22:51:32] 200
[2025-11-05 22:51:33] Starting get call stat...
[2025-11-05 22:51:34] {"callChannel":"SIP\/2002-0000004b","action":"status_call"}
[2025-11-05 22:51:34] {"success":true,"channel":"SIP\/2002-0000004b","status":"up","status_detail":"Call is active and answered - media is flowing","dtmf_input":"2","dtmf_updated_at":"2025-11-05 17:15:07","dtmf_array":{"dtmf_input":"2","updated_at":"2025-11-05 17:15:07"}}
[2025-11-05 22:51:34] 
[2025-11-05 22:51:34] 200
[2025-11-05 22:51:35] Starting get call stat...
[2025-11-05 22:51:36] {"callChannel":"SIP\/2002-0000004b","action":"status_call"}
[2025-11-05 22:51:36] {"success":true,"channel":"SIP\/2002-0000004b","status":"up","status_detail":"Call is active and answered - media is flowing","dtmf_input":"2","dtmf_updated_at":"2025-11-05 17:15:07","dtmf_array":{"dtmf_input":"2","updated_at":"2025-11-05 17:15:07"}}
[2025-11-05 22:51:36] 
[2025-11-05 22:51:36] 200
[2025-11-05 22:51:37] Starting get call stat...
[2025-11-05 22:51:38] {"callChannel":"SIP\/2002-0000004b","action":"status_call"}
[2025-11-05 22:51:38] {"success":true,"channel":"SIP\/2002-0000004b","status":"up","status_detail":"Call is active and answered - media is flowing","dtmf_input":"2","dtmf_updated_at":"2025-11-05 17:15:07","dtmf_array":{"dtmf_input":"2","updated_at":"2025-11-05 17:15:07"}}
[2025-11-05 22:51:38] 
[2025-11-05 22:51:38] 200
[2025-11-05 22:51:39] Starting get call stat...
[2025-11-05 22:51:40] {"callChannel":"SIP\/2002-0000004b","action":"status_call"}
[2025-11-05 22:51:40] {"success":true,"channel":"SIP\/2002-0000004b","status":"up","status_detail":"Call is active and answered - media is flowing","dtmf_input":"2","dtmf_updated_at":"2025-11-05 17:15:07","dtmf_array":{"dtmf_input":"2","updated_at":"2025-11-05 17:15:07"}}
[2025-11-05 22:51:40] 
[2025-11-05 22:51:40] 200
[2025-11-05 22:51:41] Starting get call stat...
[2025-11-05 22:51:42] {"callChannel":"SIP\/2002-0000004b","action":"status_call"}
[2025-11-05 22:51:42] {"success":true,"channel":"SIP\/2002-0000004b","status":"up","status_detail":"Call is active and answered - media is flowing","dtmf_input":"2","dtmf_updated_at":"2025-11-05 17:15:07","dtmf_array":{"dtmf_input":"2","updated_at":"2025-11-05 17:15:07"}}
[2025-11-05 22:51:42] 
[2025-11-05 22:51:42] 200
[2025-11-05 22:51:43] Starting get call stat...
[2025-11-05 22:51:44] {"callChannel":"SIP\/2002-0000004b","action":"status_call"}
[2025-11-05 22:51:44] {"success":true,"channel":"SIP\/2002-0000004b","status":"up","status_detail":"Call is active and answered - media is flowing","dtmf_input":"2","dtmf_updated_at":"2025-11-05 17:15:07","dtmf_array":{"dtmf_input":"2","updated_at":"2025-11-05 17:15:07"}}
[2025-11-05 22:51:44] 
[2025-11-05 22:51:44] 200
[2025-11-05 22:51:45] Starting get call stat...
[2025-11-05 22:51:46] {"callChannel":"SIP\/2002-0000004b","action":"status_call"}
[2025-11-05 22:51:46] {"success":true,"channel":"SIP\/2002-0000004b","status":"up","status_detail":"Call is active and answered - media is flowing","dtmf_input":"2","dtmf_updated_at":"2025-11-05 17:15:07","dtmf_array":{"dtmf_input":"2","updated_at":"2025-11-05 17:15:07"}}
[2025-11-05 22:51:46] 
[2025-11-05 22:51:46] 200
[2025-11-05 22:51:47] Starting get call stat...
[2025-11-05 22:51:48] {"callChannel":"SIP\/2002-0000004b","action":"status_call"}
[2025-11-05 22:51:48] {"success":true,"channel":"SIP\/2002-0000004b","status":"up","status_detail":"Call is active and answered - media is flowing","dtmf_input":"2","dtmf_updated_at":"2025-11-05 17:15:07","dtmf_array":{"dtmf_input":"2","updated_at":"2025-11-05 17:15:07"}}
[2025-11-05 22:51:48] 
[2025-11-05 22:51:48] 200
[2025-11-05 22:51:49] Starting get call stat...
[2025-11-05 22:51:51] {"callChannel":"SIP\/2002-0000004b","action":"status_call"}
[2025-11-05 22:51:51] {"success":true,"channel":"SIP\/2002-0000004b","status":"up","status_detail":"Call is active and answered - media is flowing","dtmf_input":"2","dtmf_updated_at":"2025-11-05 17:15:07","dtmf_array":{"dtmf_input":"2","updated_at":"2025-11-05 17:15:07"}}
[2025-11-05 22:51:51] 
[2025-11-05 22:51:51] 200
[2025-11-05 22:51:51] Starting get call stat...
[2025-11-05 22:51:53] {"callChannel":"SIP\/2002-0000004b","action":"status_call"}
[2025-11-05 22:51:53] {"success":true,"channel":"SIP\/2002-0000004b","status":"up","status_detail":"Call is active and answered - media is flowing","dtmf_input":"2","dtmf_updated_at":"2025-11-05 17:15:07","dtmf_array":{"dtmf_input":"2","updated_at":"2025-11-05 17:15:07"}}
[2025-11-05 22:51:53] 
[2025-11-05 22:51:53] 200
[2025-11-05 22:51:53] Starting get call stat...
[2025-11-05 22:51:54] {"callChannel":"SIP\/2002-0000004b","action":"status_call"}
[2025-11-05 22:51:54] {"success":true,"channel":"SIP\/2002-0000004b","status":"up","status_detail":"Call is active and answered - media is flowing","dtmf_input":"2","dtmf_updated_at":"2025-11-05 17:15:07","dtmf_array":{"dtmf_input":"2","updated_at":"2025-11-05 17:15:07"}}
[2025-11-05 22:51:54] 
[2025-11-05 22:51:54] 200
[2025-11-05 22:51:55] Starting get call stat...
[2025-11-05 22:51:56] {"callChannel":"SIP\/2002-0000004b","action":"status_call"}
[2025-11-05 22:51:56] {"success":true,"channel":"SIP\/2002-0000004b","status":"up","status_detail":"Call is active and answered - media is flowing","dtmf_input":"2","dtmf_updated_at":"2025-11-05 17:15:07","dtmf_array":{"dtmf_input":"2","updated_at":"2025-11-05 17:15:07"}}
[2025-11-05 22:51:56] 
[2025-11-05 22:51:56] 200
[2025-11-05 22:51:57] Starting get call stat...
[2025-11-05 22:51:58] {"callChannel":"SIP\/2002-0000004b","action":"status_call"}
[2025-11-05 22:51:58] {"success":true,"channel":"SIP\/2002-0000004b","status":"up","status_detail":"Call is active and answered - media is flowing","dtmf_input":"2","dtmf_updated_at":"2025-11-05 17:15:07","dtmf_array":{"dtmf_input":"2","updated_at":"2025-11-05 17:15:07"}}
[2025-11-05 22:51:58] 
[2025-11-05 22:51:58] 200
[2025-11-05 22:51:59] Starting get call stat...
[2025-11-05 22:52:00] {"callChannel":"SIP\/2002-0000004b","action":"status_call"}
[2025-11-05 22:52:00] {"success":true,"channel":"SIP\/2002-0000004b","status":"up","status_detail":"Call is active and answered - media is flowing","dtmf_input":"2","dtmf_updated_at":"2025-11-05 17:15:07","dtmf_array":{"dtmf_input":"2","updated_at":"2025-11-05 17:15:07"}}
[2025-11-05 22:52:00] 
[2025-11-05 22:52:00] 200
[2025-11-05 22:52:01] Starting get call stat...
[2025-11-05 22:52:07] {"callChannel":"SIP\/2002-0000004b","action":"status_call"}
[2025-11-05 22:52:07] {"success":true,"channel":"SIP\/2002-0000004b","status":"up","status_detail":"Call is active and answered - media is flowing","dtmf_input":"2","dtmf_updated_at":"2025-11-05 17:15:07","dtmf_array":{"dtmf_input":"2","updated_at":"2025-11-05 17:15:07"}}
[2025-11-05 22:52:07] 
[2025-11-05 22:52:07] 200
[2025-11-05 22:52:07] Starting get call stat...
[2025-11-05 22:52:09] {"callChannel":"SIP\/2002-0000004b","action":"status_call"}
[2025-11-05 22:52:09] {"success":true,"channel":"SIP\/2002-0000004b","status":"up","status_detail":"Call is active and answered - media is flowing","dtmf_input":"2","dtmf_updated_at":"2025-11-05 17:15:07","dtmf_array":{"dtmf_input":"2","updated_at":"2025-11-05 17:15:07"}}
[2025-11-05 22:52:09] 
[2025-11-05 22:52:09] 200
[2025-11-05 22:52:09] Starting get call stat...
[2025-11-05 22:52:10] {"callChannel":"SIP\/2002-0000004b","action":"status_call"}
[2025-11-05 22:52:10] {"success":true,"channel":"SIP\/2002-0000004b","status":"up","status_detail":"Call is active and answered - media is flowing","dtmf_input":"2","dtmf_updated_at":"2025-11-05 17:15:07","dtmf_array":{"dtmf_input":"2","updated_at":"2025-11-05 17:15:07"}}
[2025-11-05 22:52:10] 
[2025-11-05 22:52:10] 200
[2025-11-05 22:52:10] Starting get call stat...
[2025-11-05 22:52:11] {"callChannel":"SIP\/2002-0000004b","action":"status_call"}
[2025-11-05 22:52:11] {"success":true,"channel":"SIP\/2002-0000004b","status":"up","status_detail":"Call is active and answered - media is flowing","dtmf_input":"2","dtmf_updated_at":"2025-11-05 17:15:07","dtmf_array":{"dtmf_input":"2","updated_at":"2025-11-05 17:15:07"}}
[2025-11-05 22:52:11] 
[2025-11-05 22:52:11] 200
[2025-11-05 22:52:11] Starting get call stat...
[2025-11-05 22:52:13] {"callChannel":"SIP\/2002-0000004b","action":"status_call"}
[2025-11-05 22:52:13] {"success":true,"channel":"SIP\/2002-0000004b","status":"up","status_detail":"Call is active and answered - media is flowing","dtmf_input":"2","dtmf_updated_at":"2025-11-05 17:15:07","dtmf_array":{"dtmf_input":"2","updated_at":"2025-11-05 17:15:07"}}
[2025-11-05 22:52:13] 
[2025-11-05 22:52:13] 200
[2025-11-05 22:52:13] Starting get call stat...
[2025-11-05 22:52:14] {"callChannel":"SIP\/2002-0000004b","action":"status_call"}
[2025-11-05 22:52:14] {"success":true,"channel":"SIP\/2002-0000004b","status":"up","status_detail":"Call is active and answered - media is flowing","dtmf_input":"2","dtmf_updated_at":"2025-11-05 17:15:07","dtmf_array":{"dtmf_input":"2","updated_at":"2025-11-05 17:15:07"}}
[2025-11-05 22:52:14] 
[2025-11-05 22:52:14] 200
[2025-11-05 22:52:14] Starting get call stat...
[2025-11-05 22:52:16] {"callChannel":"SIP\/2002-0000004b","action":"status_call"}
[2025-11-05 22:52:16] {"success":true,"channel":"SIP\/2002-0000004b","status":"up","status_detail":"Call is active and answered - media is flowing","dtmf_input":"2","dtmf_updated_at":"2025-11-05 17:15:07","dtmf_array":{"dtmf_input":"2","updated_at":"2025-11-05 17:15:07"}}
[2025-11-05 22:52:16] 
[2025-11-05 22:52:16] 200
[2025-11-05 22:52:16] Starting get call stat...
[2025-11-05 22:52:17] {"callChannel":"SIP\/2002-0000004b","action":"status_call"}
[2025-11-05 22:52:17] {"success":true,"channel":"SIP\/2002-0000004b","status":"up","status_detail":"Call is active and answered - media is flowing","dtmf_input":"2","dtmf_updated_at":"2025-11-05 17:15:07","dtmf_array":{"dtmf_input":"2","updated_at":"2025-11-05 17:15:07"}}
[2025-11-05 22:52:17] 
[2025-11-05 22:52:17] 200
[2025-11-05 22:52:17] Starting get call stat...
[2025-11-05 22:52:18] {"callChannel":"SIP\/2002-0000004b","action":"status_call"}
[2025-11-05 22:52:18] {"success":true,"channel":"SIP\/2002-0000004b","status":"up","status_detail":"Call is active and answered - media is flowing","dtmf_input":"2","dtmf_updated_at":"2025-11-05 17:15:07","dtmf_array":{"dtmf_input":"2","updated_at":"2025-11-05 17:15:07"}}
[2025-11-05 22:52:18] 
[2025-11-05 22:52:18] 200
[2025-11-05 22:52:19] Starting get call stat...
[2025-11-05 22:52:20] {"callChannel":"SIP\/2002-0000004b","action":"status_call"}
[2025-11-05 22:52:20] {"success":true,"channel":"SIP\/2002-0000004b","status":"up","status_detail":"Call is active and answered - media is flowing","dtmf_input":"2","dtmf_updated_at":"2025-11-05 17:15:07","dtmf_array":{"dtmf_input":"2","updated_at":"2025-11-05 17:15:07"}}
[2025-11-05 22:52:20] 
[2025-11-05 22:52:20] 200
[2025-11-05 22:52:21] Starting get call stat...
[2025-11-05 22:52:22] {"callChannel":"SIP\/2002-0000004b","action":"status_call"}
[2025-11-05 22:52:22] {"success":true,"channel":"SIP\/2002-0000004b","status":"up","status_detail":"Call is active and answered - media is flowing","dtmf_input":"2","dtmf_updated_at":"2025-11-05 17:15:07","dtmf_array":{"dtmf_input":"2","updated_at":"2025-11-05 17:15:07"}}
[2025-11-05 22:52:22] 
[2025-11-05 22:52:22] 200
[2025-11-05 22:52:23] Starting get call stat...
[2025-11-05 22:52:25] {"callChannel":"SIP\/2002-0000004b","action":"status_call"}
[2025-11-05 22:52:25] {"success":true,"channel":"SIP\/2002-0000004b","status":"up","status_detail":"Call is active and answered - media is flowing","dtmf_input":"2","dtmf_updated_at":"2025-11-05 17:15:07","dtmf_array":{"dtmf_input":"2","updated_at":"2025-11-05 17:15:07"}}
[2025-11-05 22:52:25] 
[2025-11-05 22:52:25] 200
[2025-11-05 22:52:25] Starting get call stat...
[2025-11-05 22:52:26] {"callChannel":"SIP\/2002-0000004b","action":"status_call"}
[2025-11-05 22:52:26] {"success":true,"channel":"SIP\/2002-0000004b","status":"up","status_detail":"Call is active and answered - media is flowing","dtmf_input":"2","dtmf_updated_at":"2025-11-05 17:15:07","dtmf_array":{"dtmf_input":"2","updated_at":"2025-11-05 17:15:07"}}
[2025-11-05 22:52:26] 
[2025-11-05 22:52:26] 200
[2025-11-05 22:52:27] Starting get call stat...
[2025-11-05 22:52:28] {"callChannel":"SIP\/2002-0000004b","action":"status_call"}
[2025-11-05 22:52:28] {"success":true,"channel":"SIP\/2002-0000004b","status":"up","status_detail":"Call is active and answered - media is flowing","dtmf_input":"2","dtmf_updated_at":"2025-11-05 17:15:07","dtmf_array":{"dtmf_input":"2","updated_at":"2025-11-05 17:15:07"}}
[2025-11-05 22:52:28] 
[2025-11-05 22:52:28] 200
[2025-11-05 22:52:29] Starting get call stat...
[2025-11-05 22:52:30] {"callChannel":"SIP\/2002-0000004b","action":"status_call"}
[2025-11-05 22:52:30] {"success":true,"channel":"SIP\/2002-0000004b","status":"up","status_detail":"Call is active and answered - media is flowing","dtmf_input":"2","dtmf_updated_at":"2025-11-05 17:15:07","dtmf_array":{"dtmf_input":"2","updated_at":"2025-11-05 17:15:07"}}
[2025-11-05 22:52:30] 
[2025-11-05 22:52:30] 200
[2025-11-05 22:52:31] Starting get call stat...
[2025-11-05 22:52:32] {"callChannel":"SIP\/2002-0000004b","action":"status_call"}
[2025-11-05 22:52:32] {"success":true,"channel":"SIP\/2002-0000004b","status":"up","status_detail":"Call is active and answered - media is flowing","dtmf_input":"2","dtmf_updated_at":"2025-11-05 17:15:07","dtmf_array":{"dtmf_input":"2","updated_at":"2025-11-05 17:15:07"}}
[2025-11-05 22:52:32] 
[2025-11-05 22:52:32] 200
[2025-11-05 22:52:33] Starting get call stat...
[2025-11-05 22:52:34] {"callChannel":"SIP\/2002-0000004b","action":"status_call"}
[2025-11-05 22:52:34] {"success":true,"channel":"SIP\/2002-0000004b","status":"up","status_detail":"Call is active and answered - media is flowing","dtmf_input":"2","dtmf_updated_at":"2025-11-05 17:15:07","dtmf_array":{"dtmf_input":"2","updated_at":"2025-11-05 17:15:07"}}
[2025-11-05 22:52:34] 
[2025-11-05 22:52:34] 200
[2025-11-05 22:52:37] Starting get call stat...
[2025-11-05 22:52:38] {"callChannel":"SIP\/2002-0000004b","action":"status_call"}
[2025-11-05 22:52:38] {"success":true,"channel":"SIP\/2002-0000004b","status":"up","status_detail":"Call is active and answered - media is flowing","dtmf_input":"2","dtmf_updated_at":"2025-11-05 17:15:07","dtmf_array":{"dtmf_input":"2","updated_at":"2025-11-05 17:15:07"}}
[2025-11-05 22:52:38] 
[2025-11-05 22:52:38] 200
[2025-11-05 22:52:39] Starting get call stat...
[2025-11-05 22:52:40] {"callChannel":"SIP\/2002-0000004b","action":"status_call"}
[2025-11-05 22:52:40] {"success":true,"channel":"SIP\/2002-0000004b","status":"up","status_detail":"Call is active and answered - media is flowing","dtmf_input":"2","dtmf_updated_at":"2025-11-05 17:15:07","dtmf_array":{"dtmf_input":"2","updated_at":"2025-11-05 17:15:07"}}
[2025-11-05 22:52:40] 
[2025-11-05 22:52:40] 200
[2025-11-05 22:52:41] Starting get call stat...
[2025-11-05 22:52:42] {"callChannel":"SIP\/2002-0000004b","action":"status_call"}
[2025-11-05 22:52:42] {"success":true,"channel":"SIP\/2002-0000004b","status":"up","status_detail":"Call is active and answered - media is flowing","dtmf_input":"2","dtmf_updated_at":"2025-11-05 17:15:07","dtmf_array":{"dtmf_input":"2","updated_at":"2025-11-05 17:15:07"}}
[2025-11-05 22:52:42] 
[2025-11-05 22:52:42] 200
[2025-11-05 22:52:43] Starting get call stat...
[2025-11-05 22:52:44] {"callChannel":"SIP\/2002-0000004b","action":"status_call"}
[2025-11-05 22:52:44] {"success":true,"channel":"SIP\/2002-0000004b","status":"up","status_detail":"Call is active and answered - media is flowing","dtmf_input":"2","dtmf_updated_at":"2025-11-05 17:15:07","dtmf_array":{"dtmf_input":"2","updated_at":"2025-11-05 17:15:07"}}
[2025-11-05 22:52:44] 
[2025-11-05 22:52:44] 200
[2025-11-05 22:52:45] Starting get call stat...
[2025-11-05 22:52:46] {"callChannel":"SIP\/2002-0000004b","action":"status_call"}
[2025-11-05 22:52:46] {"success":true,"channel":"SIP\/2002-0000004b","status":"up","status_detail":"Call is active and answered - media is flowing","dtmf_input":"2","dtmf_updated_at":"2025-11-05 17:15:07","dtmf_array":{"dtmf_input":"2","updated_at":"2025-11-05 17:15:07"}}
[2025-11-05 22:52:46] 
[2025-11-05 22:52:46] 200
[2025-11-05 22:52:47] Starting get call stat...
[2025-11-05 22:52:48] {"callChannel":"SIP\/2002-0000004b","action":"status_call"}
[2025-11-05 22:52:48] {"success":true,"channel":"SIP\/2002-0000004b","status":"up","status_detail":"Call is active and answered - media is flowing","dtmf_input":"2","dtmf_updated_at":"2025-11-05 17:15:07","dtmf_array":{"dtmf_input":"2","updated_at":"2025-11-05 17:15:07"}}
[2025-11-05 22:52:48] 
[2025-11-05 22:52:48] 200
[2025-11-05 22:52:49] Starting get call stat...
[2025-11-05 22:52:50] {"callChannel":"SIP\/2002-0000004b","action":"status_call"}
[2025-11-05 22:52:50] {"success":true,"channel":"SIP\/2002-0000004b","status":"up","status_detail":"Call is active and answered - media is flowing","dtmf_input":"2","dtmf_updated_at":"2025-11-05 17:15:07","dtmf_array":{"dtmf_input":"2","updated_at":"2025-11-05 17:15:07"}}
[2025-11-05 22:52:50] 
[2025-11-05 22:52:50] 200
[2025-11-05 22:52:51] Starting get call stat...
[2025-11-05 22:52:52] {"callChannel":"SIP\/2002-0000004b","action":"status_call"}
[2025-11-05 22:52:52] {"success":true,"channel":"SIP\/2002-0000004b","status":"up","status_detail":"Call is active and answered - media is flowing","dtmf_input":"2","dtmf_updated_at":"2025-11-05 17:15:07","dtmf_array":{"dtmf_input":"2","updated_at":"2025-11-05 17:15:07"}}
[2025-11-05 22:52:52] 
[2025-11-05 22:52:52] 200
[2025-11-05 22:52:53] Starting get call stat...
[2025-11-05 22:52:54] {"callChannel":"SIP\/2002-0000004b","action":"status_call"}
[2025-11-05 22:52:54] {"success":true,"channel":"SIP\/2002-0000004b","status":"up","status_detail":"Call is active and answered - media is flowing","dtmf_input":"2","dtmf_updated_at":"2025-11-05 17:15:07","dtmf_array":{"dtmf_input":"2","updated_at":"2025-11-05 17:15:07"}}
[2025-11-05 22:52:54] 
[2025-11-05 22:52:54] 200
[2025-11-05 22:52:55] Starting get call stat...
[2025-11-05 22:52:56] {"callChannel":"SIP\/2002-0000004b","action":"status_call"}
[2025-11-05 22:52:56] {"success":true,"channel":"SIP\/2002-0000004b","status":"up","status_detail":"Call is active and answered - media is flowing","dtmf_input":"2","dtmf_updated_at":"2025-11-05 17:15:07","dtmf_array":{"dtmf_input":"2","updated_at":"2025-11-05 17:15:07"}}
[2025-11-05 22:52:56] 
[2025-11-05 22:52:56] 200
[2025-11-05 22:52:57] Starting get call stat...
[2025-11-05 22:52:58] {"callChannel":"SIP\/2002-0000004b","action":"status_call"}
[2025-11-05 22:52:58] {"success":true,"channel":"SIP\/2002-0000004b","status":"up","status_detail":"Call is active and answered - media is flowing","dtmf_input":"2","dtmf_updated_at":"2025-11-05 17:15:07","dtmf_array":{"dtmf_input":"2","updated_at":"2025-11-05 17:15:07"}}
[2025-11-05 22:52:58] 
[2025-11-05 22:52:58] 200
[2025-11-05 22:52:59] Starting get call stat...
[2025-11-05 22:53:00] {"callChannel":"SIP\/2002-0000004b","action":"status_call"}
[2025-11-05 22:53:00] {"success":true,"channel":"SIP\/2002-0000004b","status":"up","status_detail":"Call is active and answered - media is flowing","dtmf_input":"2","dtmf_updated_at":"2025-11-05 17:15:07","dtmf_array":{"dtmf_input":"2","updated_at":"2025-11-05 17:15:07"}}
[2025-11-05 22:53:00] 
[2025-11-05 22:53:00] 200
[2025-11-05 22:53:01] Starting get call stat...
[2025-11-05 22:53:04] {"callChannel":"SIP\/2002-0000004b","action":"status_call"}
[2025-11-05 22:53:04] {"success":true,"channel":"SIP\/2002-0000004b","status":"up","status_detail":"Call is active and answered - media is flowing","dtmf_input":"2","dtmf_updated_at":"2025-11-05 17:15:07","dtmf_array":{"dtmf_input":"2","updated_at":"2025-11-05 17:15:07"}}
[2025-11-05 22:53:04] 
[2025-11-05 22:53:04] 200
[2025-11-05 22:53:04] Starting get call stat...
[2025-11-05 22:53:06] {"callChannel":"SIP\/2002-0000004b","action":"status_call"}
[2025-11-05 22:53:06] {"success":true,"channel":"SIP\/2002-0000004b","status":"up","status_detail":"Call is active and answered - media is flowing","dtmf_input":"2","dtmf_updated_at":"2025-11-05 17:15:07","dtmf_array":{"dtmf_input":"2","updated_at":"2025-11-05 17:15:07"}}
[2025-11-05 22:53:06] 
[2025-11-05 22:53:06] 200
[2025-11-05 22:53:06] Starting get call stat...
[2025-11-05 22:53:08] {"callChannel":"SIP\/2002-0000004b","action":"status_call"}
[2025-11-05 22:53:08] {"success":true,"channel":"SIP\/2002-0000004b","status":"up","status_detail":"Call is active and answered - media is flowing","dtmf_input":"2","dtmf_updated_at":"2025-11-05 17:15:07","dtmf_array":{"dtmf_input":"2","updated_at":"2025-11-05 17:15:07"}}
[2025-11-05 22:53:08] 
[2025-11-05 22:53:08] 200
[2025-11-05 22:53:08] Starting get call stat...
[2025-11-05 22:53:09] {"callChannel":"SIP\/2002-0000004b","action":"status_call"}
[2025-11-05 22:53:09] {"success":true,"channel":"SIP\/2002-0000004b","status":"up","status_detail":"Call is active and answered - media is flowing","dtmf_input":"2","dtmf_updated_at":"2025-11-05 17:15:07","dtmf_array":{"dtmf_input":"2","updated_at":"2025-11-05 17:15:07"}}
[2025-11-05 22:53:09] 
[2025-11-05 22:53:09] 200
[2025-11-05 22:53:09] Starting get call stat...
[2025-11-05 22:53:11] {"callChannel":"SIP\/2002-0000004b","action":"status_call"}
[2025-11-05 22:53:11] {"success":true,"channel":"SIP\/2002-0000004b","status":"up","status_detail":"Call is active and answered - media is flowing","dtmf_input":"2","dtmf_updated_at":"2025-11-05 17:15:07","dtmf_array":{"dtmf_input":"2","updated_at":"2025-11-05 17:15:07"}}
[2025-11-05 22:53:11] 
[2025-11-05 22:53:11] 200
[2025-11-05 22:53:13] Starting get call stat...
[2025-11-05 22:53:14] {"callChannel":"SIP\/2002-0000004b","action":"status_call"}
[2025-11-05 22:53:14] {"success":true,"channel":"SIP\/2002-0000004b","status":"up","status_detail":"Call is active and answered - media is flowing","dtmf_input":"2","dtmf_updated_at":"2025-11-05 17:15:07","dtmf_array":{"dtmf_input":"2","updated_at":"2025-11-05 17:15:07"}}
[2025-11-05 22:53:14] 
[2025-11-05 22:53:14] 200
[2025-11-05 22:53:15] Starting get call stat...
[2025-11-05 22:53:16] {"callChannel":"SIP\/2002-0000004b","action":"status_call"}
[2025-11-05 22:53:16] {"success":true,"channel":"SIP\/2002-0000004b","status":"up","status_detail":"Call is active and answered - media is flowing","dtmf_input":"2","dtmf_updated_at":"2025-11-05 17:15:07","dtmf_array":{"dtmf_input":"2","updated_at":"2025-11-05 17:15:07"}}
[2025-11-05 22:53:16] 
[2025-11-05 22:53:16] 200
[2025-11-05 22:53:17] Starting get call stat...
[2025-11-05 22:53:18] {"callChannel":"SIP\/2002-0000004b","action":"status_call"}
[2025-11-05 22:53:18] {"success":true,"channel":"SIP\/2002-0000004b","status":"up","status_detail":"Call is active and answered - media is flowing","dtmf_input":"2","dtmf_updated_at":"2025-11-05 17:15:07","dtmf_array":{"dtmf_input":"2","updated_at":"2025-11-05 17:15:07"}}
[2025-11-05 22:53:18] 
[2025-11-05 22:53:18] 200
[2025-11-05 22:53:19] Starting get call stat...
[2025-11-05 22:53:20] {"callChannel":"SIP\/2002-0000004b","action":"status_call"}
[2025-11-05 22:53:20] {"success":true,"channel":"SIP\/2002-0000004b","status":"up","status_detail":"Call is active and answered - media is flowing","dtmf_input":"2","dtmf_updated_at":"2025-11-05 17:15:07","dtmf_array":{"dtmf_input":"2","updated_at":"2025-11-05 17:15:07"}}
[2025-11-05 22:53:20] 
[2025-11-05 22:53:20] 200
[2025-11-05 22:53:21] Starting get call stat...
[2025-11-05 22:53:22] {"callChannel":"SIP\/2002-0000004b","action":"status_call"}
[2025-11-05 22:53:22] {"success":true,"channel":"SIP\/2002-0000004b","status":"up","status_detail":"Call is active and answered - media is flowing","dtmf_input":"2","dtmf_updated_at":"2025-11-05 17:15:07","dtmf_array":{"dtmf_input":"2","updated_at":"2025-11-05 17:15:07"}}
[2025-11-05 22:53:22] 
[2025-11-05 22:53:22] 200
[2025-11-05 22:53:23] Starting get call stat...
[2025-11-05 22:53:24] {"callChannel":"SIP\/2002-0000004b","action":"status_call"}
[2025-11-05 22:53:24] {"success":true,"channel":"SIP\/2002-0000004b","status":"up","status_detail":"Call is active and answered - media is flowing","dtmf_input":"2","dtmf_updated_at":"2025-11-05 17:15:07","dtmf_array":{"dtmf_input":"2","updated_at":"2025-11-05 17:15:07"}}
[2025-11-05 22:53:24] 
[2025-11-05 22:53:24] 200
[2025-11-05 22:53:27] Starting get call stat...
[2025-11-05 22:53:28] {"callChannel":"SIP\/2002-0000004b","action":"status_call"}
[2025-11-05 22:53:28] {"success":true,"channel":"SIP\/2002-0000004b","status":"up","status_detail":"Call is active and answered - media is flowing","dtmf_input":"2","dtmf_updated_at":"2025-11-05 17:15:07","dtmf_array":{"dtmf_input":"2","updated_at":"2025-11-05 17:15:07"}}
[2025-11-05 22:53:28] 
[2025-11-05 22:53:28] 200
[2025-11-05 22:53:29] Starting get call stat...
[2025-11-05 22:53:30] {"callChannel":"SIP\/2002-0000004b","action":"status_call"}
[2025-11-05 22:53:30] {"success":true,"channel":"SIP\/2002-0000004b","status":"up","status_detail":"Call is active and answered - media is flowing","dtmf_input":"2","dtmf_updated_at":"2025-11-05 17:15:07","dtmf_array":{"dtmf_input":"2","updated_at":"2025-11-05 17:15:07"}}
[2025-11-05 22:53:30] 
[2025-11-05 22:53:30] 200
[2025-11-05 22:53:31] Starting get call stat...
[2025-11-05 22:53:32] {"callChannel":"SIP\/2002-0000004b","action":"status_call"}
[2025-11-05 22:53:32] {"success":true,"channel":"SIP\/2002-0000004b","status":"up","status_detail":"Call is active and answered - media is flowing","dtmf_input":"2","dtmf_updated_at":"2025-11-05 17:15:07","dtmf_array":{"dtmf_input":"2","updated_at":"2025-11-05 17:15:07"}}
[2025-11-05 22:53:32] 
[2025-11-05 22:53:32] 200
[2025-11-05 22:53:33] Starting get call stat...
[2025-11-05 22:53:34] {"callChannel":"SIP\/2002-0000004b","action":"status_call"}
[2025-11-05 22:53:34] {"success":true,"channel":"SIP\/2002-0000004b","status":"up","status_detail":"Call is active and answered - media is flowing","dtmf_input":"2","dtmf_updated_at":"2025-11-05 17:15:07","dtmf_array":{"dtmf_input":"2","updated_at":"2025-11-05 17:15:07"}}
[2025-11-05 22:53:34] 
[2025-11-05 22:53:34] 200
[2025-11-05 22:53:35] Starting get call stat...
[2025-11-05 22:53:37] {"callChannel":"SIP\/2002-0000004b","action":"status_call"}
[2025-11-05 22:53:37] {"success":true,"channel":"SIP\/2002-0000004b","status":"up","status_detail":"Call is active and answered - media is flowing","dtmf_input":"2","dtmf_updated_at":"2025-11-05 17:15:07","dtmf_array":{"dtmf_input":"2","updated_at":"2025-11-05 17:15:07"}}
[2025-11-05 22:53:37] 
[2025-11-05 22:53:37] 200
[2025-11-05 22:53:37] Starting get call stat...
[2025-11-05 22:53:38] {"callChannel":"SIP\/2002-0000004b","action":"status_call"}
[2025-11-05 22:53:38] {"success":true,"channel":"SIP\/2002-0000004b","status":"up","status_detail":"Call is active and answered - media is flowing","dtmf_input":"2","dtmf_updated_at":"2025-11-05 17:15:07","dtmf_array":{"dtmf_input":"2","updated_at":"2025-11-05 17:15:07"}}
[2025-11-05 22:53:38] 
[2025-11-05 22:53:38] 200
[2025-11-05 22:53:39] Starting get call stat...
[2025-11-05 22:53:40] {"callChannel":"SIP\/2002-0000004b","action":"status_call"}
[2025-11-05 22:53:40] {"success":true,"channel":"SIP\/2002-0000004b","status":"up","status_detail":"Call is active and answered - media is flowing","dtmf_input":"2","dtmf_updated_at":"2025-11-05 17:15:07","dtmf_array":{"dtmf_input":"2","updated_at":"2025-11-05 17:15:07"}}
[2025-11-05 22:53:40] 
[2025-11-05 22:53:40] 200
[2025-11-05 22:53:41] Starting get call stat...
[2025-11-05 22:53:42] {"callChannel":"SIP\/2002-0000004b","action":"status_call"}
[2025-11-05 22:53:42] {"success":true,"channel":"SIP\/2002-0000004b","status":"up","status_detail":"Call is active and answered - media is flowing","dtmf_input":"2","dtmf_updated_at":"2025-11-05 17:15:07","dtmf_array":{"dtmf_input":"2","updated_at":"2025-11-05 17:15:07"}}
[2025-11-05 22:53:42] 
[2025-11-05 22:53:42] 200
[2025-11-05 22:53:43] Starting get call stat...
[2025-11-05 22:53:44] {"callChannel":"SIP\/2002-0000004b","action":"status_call"}
[2025-11-05 22:53:44] {"success":true,"channel":"SIP\/2002-0000004b","status":"up","status_detail":"Call is active and answered - media is flowing","dtmf_input":"2","dtmf_updated_at":"2025-11-05 17:15:07","dtmf_array":{"dtmf_input":"2","updated_at":"2025-11-05 17:15:07"}}
[2025-11-05 22:53:44] 
[2025-11-05 22:53:44] 200
[2025-11-05 22:53:45] Starting get call stat...
[2025-11-05 22:53:46] {"callChannel":"SIP\/2002-0000004b","action":"status_call"}
[2025-11-05 22:53:46] {"success":true,"channel":"SIP\/2002-0000004b","status":"up","status_detail":"Call is active and answered - media is flowing","dtmf_input":"2","dtmf_updated_at":"2025-11-05 17:15:07","dtmf_array":{"dtmf_input":"2","updated_at":"2025-11-05 17:15:07"}}
[2025-11-05 22:53:46] 
[2025-11-05 22:53:46] 200
[2025-11-05 22:53:47] Starting get call stat...
[2025-11-05 22:53:48] {"callChannel":"SIP\/2002-0000004b","action":"status_call"}
[2025-11-05 22:53:48] {"success":true,"channel":"SIP\/2002-0000004b","status":"ended","status_detail":"Channel no longer exists","dtmf_input":"2","dtmf_updated_at":"2025-11-05 17:15:07","dtmf_array":{"dtmf_input":"2","updated_at":"2025-11-05 17:15:07"}}
[2025-11-05 22:53:48] 
[2025-11-05 22:53:48] 200
[2025-11-07 16:13:48] Starting Calling...
[2025-11-07 16:13:55] {"callerName":"ldata","action":"make_call","id_user":20,"id_plan":1,"calledstation":"2002","callerid":"18005318722","starttime":"2025-11-07 16:13:48","stoptime":"2025-11-07 16:13:48","sessiontime":60,"sessionbill":"0.00","buycost":"0.00","uniqueid":"call_690dcd643ec73","callback_method":"softphone","customer_name":"jhone smith","customer_number":"2002","callback_destination":"ldata","originate_tech":"sip"}
[2025-11-07 16:13:55] {"success":true,"output":{"success":true,"ami_response":{"response":"Success","actionid":"orig_690dcd63c3ba8","message":"Originate successfully queued"},"channel":"SIP\/2002-0000004d","error":null},"channel":"SIP\/2002-0000004d","cdr_uniqueid":"call_690dcd643ec73"}
[2025-11-07 16:13:55] 
[2025-11-07 16:13:55] 200
[2025-11-07 16:13:57] Starting get call stat...
[2025-11-07 16:13:58] {"callChannel":"SIP\/2002-0000004d","action":"status_call"}
[2025-11-07 16:13:58] {"success":true,"channel":"SIP\/2002-0000004d","status":"ringing","status_detail":"Call is ringing at the destination (not yet answered)","dtmf_input":null,"dtmf_updated_at":null,"dtmf_array":[false]}
[2025-11-07 16:13:58] 
[2025-11-07 16:13:58] 200
[2025-11-07 16:13:59] Starting get call stat...
[2025-11-07 16:14:00] {"callChannel":"SIP\/2002-0000004d","action":"status_call"}
[2025-11-07 16:14:00] {"success":true,"channel":"SIP\/2002-0000004d","status":"up","status_detail":"Call is active and answered - media is flowing","dtmf_input":null,"dtmf_updated_at":null,"dtmf_array":[false]}
[2025-11-07 16:14:00] 
[2025-11-07 16:14:00] 200
[2025-11-07 16:14:01] Starting get call stat...
[2025-11-07 16:14:02] {"callChannel":"SIP\/2002-0000004d","action":"status_call"}
[2025-11-07 16:14:02] {"success":true,"channel":"SIP\/2002-0000004d","status":"up","status_detail":"Call is active and answered - media is flowing","dtmf_input":null,"dtmf_updated_at":null,"dtmf_array":[false]}
[2025-11-07 16:14:02] 
[2025-11-07 16:14:02] 200
[2025-11-07 16:14:03] Starting get call stat...
[2025-11-07 16:14:09] {"callChannel":"SIP\/2002-0000004d","action":"status_call"}
[2025-11-07 16:14:09] {"success":true,"channel":"SIP\/2002-0000004d","status":"up","status_detail":"Call is active and answered - media is flowing","dtmf_input":null,"dtmf_updated_at":null,"dtmf_array":[false]}
[2025-11-07 16:14:09] 
[2025-11-07 16:14:09] 200
[2025-11-07 16:14:09] Starting get call stat...
[2025-11-07 16:14:11] {"callChannel":"SIP\/2002-0000004d","action":"status_call"}
[2025-11-07 16:14:11] {"success":true,"channel":"SIP\/2002-0000004d","status":"up","status_detail":"Call is active and answered - media is flowing","dtmf_input":null,"dtmf_updated_at":null,"dtmf_array":[false]}
[2025-11-07 16:14:11] 
[2025-11-07 16:14:11] 200
[2025-11-07 16:14:11] Starting get call stat...
[2025-11-07 16:14:12] {"callChannel":"SIP\/2002-0000004d","action":"status_call"}
[2025-11-07 16:14:12] {"success":true,"channel":"SIP\/2002-0000004d","status":"up","status_detail":"Call is active and answered - media is flowing","dtmf_input":null,"dtmf_updated_at":null,"dtmf_array":[false]}
[2025-11-07 16:14:12] 
[2025-11-07 16:14:12] 200
[2025-11-07 16:14:12] Starting get call stat...
[2025-11-07 16:14:14] {"callChannel":"SIP\/2002-0000004d","action":"status_call"}
[2025-11-07 16:14:14] {"success":true,"channel":"SIP\/2002-0000004d","status":"up","status_detail":"Call is active and answered - media is flowing","dtmf_input":"2","dtmf_updated_at":"2025-11-07 10:44:10","dtmf_array":{"dtmf_input":"2","updated_at":"2025-11-07 10:44:10"}}
[2025-11-07 16:14:14] 
[2025-11-07 16:14:14] 200
[2025-11-07 16:14:14] Starting get call stat...
[2025-11-07 16:14:15] {"callChannel":"SIP\/2002-0000004d","action":"status_call"}
[2025-11-07 16:14:15] {"success":true,"channel":"SIP\/2002-0000004d","status":"up","status_detail":"Call is active and answered - media is flowing","dtmf_input":"2","dtmf_updated_at":"2025-11-07 10:44:10","dtmf_array":{"dtmf_input":"2","updated_at":"2025-11-07 10:44:10"}}
[2025-11-07 16:14:15] 
[2025-11-07 16:14:15] 200
[2025-11-07 16:14:15] Starting get call stat...
[2025-11-07 16:14:17] {"callChannel":"SIP\/2002-0000004d","action":"status_call"}
[2025-11-07 16:14:17] {"success":true,"channel":"SIP\/2002-0000004d","status":"up","status_detail":"Call is active and answered - media is flowing","dtmf_input":"2","dtmf_updated_at":"2025-11-07 10:44:10","dtmf_array":{"dtmf_input":"2","updated_at":"2025-11-07 10:44:10"}}
[2025-11-07 16:14:17] 
[2025-11-07 16:14:17] 200
[2025-11-07 16:14:17] Starting get call stat...
[2025-11-07 16:14:18] {"callChannel":"SIP\/2002-0000004d","action":"status_call"}
[2025-11-07 16:14:18] {"success":true,"channel":"SIP\/2002-0000004d","status":"up","status_detail":"Call is active and answered - media is flowing","dtmf_input":"2","dtmf_updated_at":"2025-11-07 10:44:10","dtmf_array":{"dtmf_input":"2","updated_at":"2025-11-07 10:44:10"}}
[2025-11-07 16:14:18] 
[2025-11-07 16:14:18] 200
[2025-11-07 16:14:19] Starting get call stat...
[2025-11-07 16:14:20] {"callChannel":"SIP\/2002-0000004d","action":"status_call"}
[2025-11-07 16:14:20] {"success":true,"channel":"SIP\/2002-0000004d","status":"up","status_detail":"Call is active and answered - media is flowing","dtmf_input":"2","dtmf_updated_at":"2025-11-07 10:44:10","dtmf_array":{"dtmf_input":"2","updated_at":"2025-11-07 10:44:10"}}
[2025-11-07 16:14:20] 
[2025-11-07 16:14:20] 200
[2025-11-07 16:14:20] Starting get call stat...
[2025-11-07 16:14:21] {"callChannel":"SIP\/2002-0000004d","action":"status_call"}
[2025-11-07 16:14:21] {"success":true,"channel":"SIP\/2002-0000004d","status":"up","status_detail":"Call is active and answered - media is flowing","dtmf_input":"2","dtmf_updated_at":"2025-11-07 10:44:10","dtmf_array":{"dtmf_input":"2","updated_at":"2025-11-07 10:44:10"}}
[2025-11-07 16:14:21] 
[2025-11-07 16:14:21] 200
[2025-11-07 16:14:21] Starting get call stat...
[2025-11-07 16:14:23] {"callChannel":"SIP\/2002-0000004d","action":"status_call"}
[2025-11-07 16:14:23] {"success":true,"channel":"SIP\/2002-0000004d","status":"up","status_detail":"Call is active and answered - media is flowing","dtmf_input":"2","dtmf_updated_at":"2025-11-07 10:44:10","dtmf_array":{"dtmf_input":"2","updated_at":"2025-11-07 10:44:10"}}
[2025-11-07 16:14:23] 
[2025-11-07 16:14:23] 200
[2025-11-07 16:14:23] Starting get call stat...
[2025-11-07 16:14:24] {"callChannel":"SIP\/2002-0000004d","action":"status_call"}
[2025-11-07 16:14:24] {"success":true,"channel":"SIP\/2002-0000004d","status":"up","status_detail":"Call is active and answered - media is flowing","dtmf_input":"2","dtmf_updated_at":"2025-11-07 10:44:10","dtmf_array":{"dtmf_input":"2","updated_at":"2025-11-07 10:44:10"}}
[2025-11-07 16:14:24] 
[2025-11-07 16:14:24] 200
[2025-11-07 16:14:25] Starting get call stat...
[2025-11-07 16:14:26] {"callChannel":"SIP\/2002-0000004d","action":"status_call"}
[2025-11-07 16:14:26] {"success":true,"channel":"SIP\/2002-0000004d","status":"up","status_detail":"Call is active and answered - media is flowing","dtmf_input":"2","dtmf_updated_at":"2025-11-07 10:44:10","dtmf_array":{"dtmf_input":"2","updated_at":"2025-11-07 10:44:10"}}
[2025-11-07 16:14:26] 
[2025-11-07 16:14:26] 200
[2025-11-07 16:14:27] Starting get call stat...
[2025-11-07 16:14:28] {"callChannel":"SIP\/2002-0000004d","action":"status_call"}
[2025-11-07 16:14:28] {"success":true,"channel":"SIP\/2002-0000004d","status":"up","status_detail":"Call is active and answered - media is flowing","dtmf_input":"2","dtmf_updated_at":"2025-11-07 10:44:10","dtmf_array":{"dtmf_input":"2","updated_at":"2025-11-07 10:44:10"}}
[2025-11-07 16:14:28] 
[2025-11-07 16:14:28] 200
[2025-11-07 16:14:29] Starting get call stat...
[2025-11-07 16:14:30] {"callChannel":"SIP\/2002-0000004d","action":"status_call"}
[2025-11-07 16:14:30] {"success":true,"channel":"SIP\/2002-0000004d","status":"up","status_detail":"Call is active and answered - media is flowing","dtmf_input":"2","dtmf_updated_at":"2025-11-07 10:44:10","dtmf_array":{"dtmf_input":"2","updated_at":"2025-11-07 10:44:10"}}
[2025-11-07 16:14:30] 
[2025-11-07 16:14:30] 200
[2025-11-07 16:14:31] Starting get call stat...
[2025-11-07 16:14:32] {"callChannel":"SIP\/2002-0000004d","action":"status_call"}
[2025-11-07 16:14:32] {"success":true,"channel":"SIP\/2002-0000004d","status":"up","status_detail":"Call is active and answered - media is flowing","dtmf_input":"2","dtmf_updated_at":"2025-11-07 10:44:10","dtmf_array":{"dtmf_input":"2","updated_at":"2025-11-07 10:44:10"}}
[2025-11-07 16:14:32] 
[2025-11-07 16:14:32] 200
[2025-11-07 16:14:33] Starting get call stat...
[2025-11-07 16:14:34] {"callChannel":"SIP\/2002-0000004d","action":"status_call"}
[2025-11-07 16:14:34] {"success":true,"channel":"SIP\/2002-0000004d","status":"up","status_detail":"Call is active and answered - media is flowing","dtmf_input":"2","dtmf_updated_at":"2025-11-07 10:44:10","dtmf_array":{"dtmf_input":"2","updated_at":"2025-11-07 10:44:10"}}
[2025-11-07 16:14:34] 
[2025-11-07 16:14:34] 200
[2025-11-07 16:14:35] Starting get call stat...
[2025-11-07 16:14:36] {"callChannel":"SIP\/2002-0000004d","action":"status_call"}
[2025-11-07 16:14:36] {"success":true,"channel":"SIP\/2002-0000004d","status":"up","status_detail":"Call is active and answered - media is flowing","dtmf_input":"2","dtmf_updated_at":"2025-11-07 10:44:10","dtmf_array":{"dtmf_input":"2","updated_at":"2025-11-07 10:44:10"}}
[2025-11-07 16:14:36] 
[2025-11-07 16:14:36] 200
[2025-11-07 16:14:37] Starting get call stat...
[2025-11-07 16:14:38] {"callChannel":"SIP\/2002-0000004d","action":"status_call"}
[2025-11-07 16:14:38] {"success":true,"channel":"SIP\/2002-0000004d","status":"up","status_detail":"Call is active and answered - media is flowing","dtmf_input":"2","dtmf_updated_at":"2025-11-07 10:44:10","dtmf_array":{"dtmf_input":"2","updated_at":"2025-11-07 10:44:10"}}
[2025-11-07 16:14:38] 
[2025-11-07 16:14:38] 200
[2025-11-07 16:14:39] Starting get call stat...
[2025-11-07 16:14:40] {"callChannel":"SIP\/2002-0000004d","action":"status_call"}
[2025-11-07 16:14:40] {"success":true,"channel":"SIP\/2002-0000004d","status":"up","status_detail":"Call is active and answered - media is flowing","dtmf_input":"2","dtmf_updated_at":"2025-11-07 10:44:10","dtmf_array":{"dtmf_input":"2","updated_at":"2025-11-07 10:44:10"}}
[2025-11-07 16:14:40] 
[2025-11-07 16:14:40] 200
[2025-11-07 16:14:41] Starting get call stat...
[2025-11-07 16:14:42] {"callChannel":"SIP\/2002-0000004d","action":"status_call"}
[2025-11-07 16:14:42] {"success":true,"channel":"SIP\/2002-0000004d","status":"up","status_detail":"Call is active and answered - media is flowing","dtmf_input":"2","dtmf_updated_at":"2025-11-07 10:44:10","dtmf_array":{"dtmf_input":"2","updated_at":"2025-11-07 10:44:10"}}
[2025-11-07 16:14:42] 
[2025-11-07 16:14:42] 200
[2025-11-07 16:14:43] Starting get call stat...
[2025-11-07 16:14:44] {"callChannel":"SIP\/2002-0000004d","action":"status_call"}
[2025-11-07 16:14:44] {"success":true,"channel":"SIP\/2002-0000004d","status":"up","status_detail":"Call is active and answered - media is flowing","dtmf_input":"2","dtmf_updated_at":"2025-11-07 10:44:10","dtmf_array":{"dtmf_input":"2","updated_at":"2025-11-07 10:44:10"}}
[2025-11-07 16:14:44] 
[2025-11-07 16:14:44] 200
[2025-11-07 16:14:45] Starting get call stat...
[2025-11-07 16:14:46] {"callChannel":"SIP\/2002-0000004d","action":"status_call"}
[2025-11-07 16:14:46] {"success":true,"channel":"SIP\/2002-0000004d","status":"up","status_detail":"Call is active and answered - media is flowing","dtmf_input":"2","dtmf_updated_at":"2025-11-07 10:44:10","dtmf_array":{"dtmf_input":"2","updated_at":"2025-11-07 10:44:10"}}
[2025-11-07 16:14:46] 
[2025-11-07 16:14:46] 200
[2025-11-07 16:14:47] Starting get call stat...
[2025-11-07 16:14:48] {"callChannel":"SIP\/2002-0000004d","action":"status_call"}
[2025-11-07 16:14:48] {"success":true,"channel":"SIP\/2002-0000004d","status":"up","status_detail":"Call is active and answered - media is flowing","dtmf_input":"2","dtmf_updated_at":"2025-11-07 10:44:10","dtmf_array":{"dtmf_input":"2","updated_at":"2025-11-07 10:44:10"}}
[2025-11-07 16:14:48] 
[2025-11-07 16:14:48] 200
[2025-11-07 16:14:49] Starting get call stat...
[2025-11-07 16:14:50] {"callChannel":"SIP\/2002-0000004d","action":"status_call"}
[2025-11-07 16:14:50] {"success":true,"channel":"SIP\/2002-0000004d","status":"up","status_detail":"Call is active and answered - media is flowing","dtmf_input":"2","dtmf_updated_at":"2025-11-07 10:44:10","dtmf_array":{"dtmf_input":"2","updated_at":"2025-11-07 10:44:10"}}
[2025-11-07 16:14:50] 
[2025-11-07 16:14:50] 200
[2025-11-07 16:14:51] Starting get call stat...
[2025-11-07 16:14:52] {"callChannel":"SIP\/2002-0000004d","action":"status_call"}
[2025-11-07 16:14:52] {"success":true,"channel":"SIP\/2002-0000004d","status":"up","status_detail":"Call is active and answered - media is flowing","dtmf_input":"2","dtmf_updated_at":"2025-11-07 10:44:10","dtmf_array":{"dtmf_input":"2","updated_at":"2025-11-07 10:44:10"}}
[2025-11-07 16:14:52] 
[2025-11-07 16:14:52] 200
[2025-11-07 16:14:53] Starting get call stat...
[2025-11-07 16:14:54] {"callChannel":"SIP\/2002-0000004d","action":"status_call"}
[2025-11-07 16:14:54] {"success":true,"channel":"SIP\/2002-0000004d","status":"up","status_detail":"Call is active and answered - media is flowing","dtmf_input":"2","dtmf_updated_at":"2025-11-07 10:44:10","dtmf_array":{"dtmf_input":"2","updated_at":"2025-11-07 10:44:10"}}
[2025-11-07 16:14:54] 
[2025-11-07 16:14:54] 200
[2025-11-07 16:14:55] Starting get call stat...
[2025-11-07 16:14:56] {"callChannel":"SIP\/2002-0000004d","action":"status_call"}
[2025-11-07 16:14:56] {"success":true,"channel":"SIP\/2002-0000004d","status":"up","status_detail":"Call is active and answered - media is flowing","dtmf_input":"2","dtmf_updated_at":"2025-11-07 10:44:10","dtmf_array":{"dtmf_input":"2","updated_at":"2025-11-07 10:44:10"}}
[2025-11-07 16:14:56] 
[2025-11-07 16:14:56] 200
[2025-11-07 16:14:57] Starting get call stat...
[2025-11-07 16:14:58] {"callChannel":"SIP\/2002-0000004d","action":"status_call"}
[2025-11-07 16:14:58] {"success":true,"channel":"SIP\/2002-0000004d","status":"up","status_detail":"Call is active and answered - media is flowing","dtmf_input":"2","dtmf_updated_at":"2025-11-07 10:44:10","dtmf_array":{"dtmf_input":"2","updated_at":"2025-11-07 10:44:10"}}
[2025-11-07 16:14:58] 
[2025-11-07 16:14:58] 200
[2025-11-07 16:14:59] Starting get call stat...
[2025-11-07 16:15:00] {"callChannel":"SIP\/2002-0000004d","action":"status_call"}
[2025-11-07 16:15:00] {"success":true,"channel":"SIP\/2002-0000004d","status":"up","status_detail":"Call is active and answered - media is flowing","dtmf_input":"2","dtmf_updated_at":"2025-11-07 10:44:10","dtmf_array":{"dtmf_input":"2","updated_at":"2025-11-07 10:44:10"}}
[2025-11-07 16:15:00] 
[2025-11-07 16:15:00] 200
[2025-11-07 16:15:01] Starting get call stat...
[2025-11-07 16:15:02] {"callChannel":"SIP\/2002-0000004d","action":"status_call"}
[2025-11-07 16:15:02] {"success":true,"channel":"SIP\/2002-0000004d","status":"up","status_detail":"Call is active and answered - media is flowing","dtmf_input":"2","dtmf_updated_at":"2025-11-07 10:44:10","dtmf_array":{"dtmf_input":"2","updated_at":"2025-11-07 10:44:10"}}
[2025-11-07 16:15:02] 
[2025-11-07 16:15:02] 200
[2025-11-07 16:15:03] Starting get call stat...
[2025-11-07 16:15:07] {"callChannel":"SIP\/2002-0000004d","action":"status_call"}
[2025-11-07 16:15:07] {"success":true,"channel":"SIP\/2002-0000004d","status":"up","status_detail":"Call is active and answered - media is flowing","dtmf_input":"2","dtmf_updated_at":"2025-11-07 10:44:10","dtmf_array":{"dtmf_input":"2","updated_at":"2025-11-07 10:44:10"}}
[2025-11-07 16:15:07] 
[2025-11-07 16:15:07] 200
[2025-11-07 16:15:07] Starting get call stat...
[2025-11-07 16:15:09] {"callChannel":"SIP\/2002-0000004d","action":"status_call"}
[2025-11-07 16:15:09] {"success":true,"channel":"SIP\/2002-0000004d","status":"up","status_detail":"Call is active and answered - media is flowing","dtmf_input":"2","dtmf_updated_at":"2025-11-07 10:44:10","dtmf_array":{"dtmf_input":"2","updated_at":"2025-11-07 10:44:10"}}
[2025-11-07 16:15:09] 
[2025-11-07 16:15:09] 200
[2025-11-07 16:15:09] Starting get call stat...
[2025-11-07 16:15:10] {"callChannel":"SIP\/2002-0000004d","action":"status_call"}
[2025-11-07 16:15:10] {"success":true,"channel":"SIP\/2002-0000004d","status":"up","status_detail":"Call is active and answered - media is flowing","dtmf_input":"2","dtmf_updated_at":"2025-11-07 10:44:10","dtmf_array":{"dtmf_input":"2","updated_at":"2025-11-07 10:44:10"}}
[2025-11-07 16:15:10] 
[2025-11-07 16:15:10] 200
[2025-11-07 16:15:10] Starting get call stat...
[2025-11-07 16:15:11] {"callChannel":"SIP\/2002-0000004d","action":"status_call"}
[2025-11-07 16:15:11] {"success":true,"channel":"SIP\/2002-0000004d","status":"up","status_detail":"Call is active and answered - media is flowing","dtmf_input":"2","dtmf_updated_at":"2025-11-07 10:44:10","dtmf_array":{"dtmf_input":"2","updated_at":"2025-11-07 10:44:10"}}
[2025-11-07 16:15:11] 
[2025-11-07 16:15:11] 200
[2025-11-07 16:15:12] Starting get call stat...
[2025-11-07 16:15:13] {"callChannel":"SIP\/2002-0000004d","action":"status_call"}
[2025-11-07 16:15:13] {"success":true,"channel":"SIP\/2002-0000004d","status":"up","status_detail":"Call is active and answered - media is flowing","dtmf_input":"2","dtmf_updated_at":"2025-11-07 10:44:10","dtmf_array":{"dtmf_input":"2","updated_at":"2025-11-07 10:44:10"}}
[2025-11-07 16:15:13] 
[2025-11-07 16:15:13] 200
[2025-11-07 16:15:13] Starting get call stat...
[2025-11-07 16:15:14] {"callChannel":"SIP\/2002-0000004d","action":"status_call"}
[2025-11-07 16:15:14] {"success":true,"channel":"SIP\/2002-0000004d","status":"up","status_detail":"Call is active and answered - media is flowing","dtmf_input":"2","dtmf_updated_at":"2025-11-07 10:44:10","dtmf_array":{"dtmf_input":"2","updated_at":"2025-11-07 10:44:10"}}
[2025-11-07 16:15:14] 
[2025-11-07 16:15:14] 200
[2025-11-07 16:15:15] Starting get call stat...
[2025-11-07 16:15:16] {"callChannel":"SIP\/2002-0000004d","action":"status_call"}
[2025-11-07 16:15:16] {"success":true,"channel":"SIP\/2002-0000004d","status":"up","status_detail":"Call is active and answered - media is flowing","dtmf_input":"2","dtmf_updated_at":"2025-11-07 10:44:10","dtmf_array":{"dtmf_input":"2","updated_at":"2025-11-07 10:44:10"}}
[2025-11-07 16:15:16] 
[2025-11-07 16:15:16] 200
[2025-11-07 16:15:17] Starting get call stat...
[2025-11-07 16:15:18] {"callChannel":"SIP\/2002-0000004d","action":"status_call"}
[2025-11-07 16:15:18] {"success":true,"channel":"SIP\/2002-0000004d","status":"up","status_detail":"Call is active and answered - media is flowing","dtmf_input":"2","dtmf_updated_at":"2025-11-07 10:44:10","dtmf_array":{"dtmf_input":"2","updated_at":"2025-11-07 10:44:10"}}
[2025-11-07 16:15:18] 
[2025-11-07 16:15:18] 200
[2025-11-07 16:15:19] Starting get call stat...
[2025-11-07 16:15:20] {"callChannel":"SIP\/2002-0000004d","action":"status_call"}
[2025-11-07 16:15:20] {"success":true,"channel":"SIP\/2002-0000004d","status":"up","status_detail":"Call is active and answered - media is flowing","dtmf_input":"2","dtmf_updated_at":"2025-11-07 10:44:10","dtmf_array":{"dtmf_input":"2","updated_at":"2025-11-07 10:44:10"}}
[2025-11-07 16:15:20] 
[2025-11-07 16:15:20] 200
[2025-11-07 16:15:21] Starting get call stat...
[2025-11-07 16:15:22] {"callChannel":"SIP\/2002-0000004d","action":"status_call"}
[2025-11-07 16:15:22] {"success":true,"channel":"SIP\/2002-0000004d","status":"up","status_detail":"Call is active and answered - media is flowing","dtmf_input":"2","dtmf_updated_at":"2025-11-07 10:44:10","dtmf_array":{"dtmf_input":"2","updated_at":"2025-11-07 10:44:10"}}
[2025-11-07 16:15:22] 
[2025-11-07 16:15:22] 200
[2025-11-07 16:15:23] Starting get call stat...
[2025-11-07 16:15:24] {"callChannel":"SIP\/2002-0000004d","action":"status_call"}
[2025-11-07 16:15:24] {"success":true,"channel":"SIP\/2002-0000004d","status":"up","status_detail":"Call is active and answered - media is flowing","dtmf_input":"2","dtmf_updated_at":"2025-11-07 10:44:10","dtmf_array":{"dtmf_input":"2","updated_at":"2025-11-07 10:44:10"}}
[2025-11-07 16:15:24] 
[2025-11-07 16:15:24] 200
[2025-11-07 16:15:25] Starting get call stat...
[2025-11-07 16:15:26] {"callChannel":"SIP\/2002-0000004d","action":"status_call"}
[2025-11-07 16:15:26] {"success":true,"channel":"SIP\/2002-0000004d","status":"up","status_detail":"Call is active and answered - media is flowing","dtmf_input":"2","dtmf_updated_at":"2025-11-07 10:44:10","dtmf_array":{"dtmf_input":"2","updated_at":"2025-11-07 10:44:10"}}
[2025-11-07 16:15:26] 
[2025-11-07 16:15:26] 200
[2025-11-07 16:15:27] Starting get call stat...
[2025-11-07 16:15:28] {"callChannel":"SIP\/2002-0000004d","action":"status_call"}
[2025-11-07 16:15:28] {"success":true,"channel":"SIP\/2002-0000004d","status":"up","status_detail":"Call is active and answered - media is flowing","dtmf_input":"2","dtmf_updated_at":"2025-11-07 10:44:10","dtmf_array":{"dtmf_input":"2","updated_at":"2025-11-07 10:44:10"}}
[2025-11-07 16:15:28] 
[2025-11-07 16:15:28] 200
[2025-11-07 16:15:29] Starting get call stat...
[2025-11-07 16:15:30] {"callChannel":"SIP\/2002-0000004d","action":"status_call"}
[2025-11-07 16:15:30] {"success":true,"channel":"SIP\/2002-0000004d","status":"up","status_detail":"Call is active and answered - media is flowing","dtmf_input":"2","dtmf_updated_at":"2025-11-07 10:44:10","dtmf_array":{"dtmf_input":"2","updated_at":"2025-11-07 10:44:10"}}
[2025-11-07 16:15:30] 
[2025-11-07 16:15:30] 200
[2025-11-07 16:15:31] Starting get call stat...
[2025-11-07 16:15:32] {"callChannel":"SIP\/2002-0000004d","action":"status_call"}
[2025-11-07 16:15:32] {"success":true,"channel":"SIP\/2002-0000004d","status":"up","status_detail":"Call is active and answered - media is flowing","dtmf_input":"2","dtmf_updated_at":"2025-11-07 10:44:10","dtmf_array":{"dtmf_input":"2","updated_at":"2025-11-07 10:44:10"}}
[2025-11-07 16:15:32] 
[2025-11-07 16:15:32] 200
[2025-11-07 16:15:33] Starting get call stat...
[2025-11-07 16:15:34] {"callChannel":"SIP\/2002-0000004d","action":"status_call"}
[2025-11-07 16:15:34] {"success":true,"channel":"SIP\/2002-0000004d","status":"up","status_detail":"Call is active and answered - media is flowing","dtmf_input":"2","dtmf_updated_at":"2025-11-07 10:44:10","dtmf_array":{"dtmf_input":"2","updated_at":"2025-11-07 10:44:10"}}
[2025-11-07 16:15:34] 
[2025-11-07 16:15:34] 200
[2025-11-07 16:15:35] Starting get call stat...
[2025-11-07 16:15:36] {"callChannel":"SIP\/2002-0000004d","action":"status_call"}
[2025-11-07 16:15:36] {"success":true,"channel":"SIP\/2002-0000004d","status":"up","status_detail":"Call is active and answered - media is flowing","dtmf_input":"2","dtmf_updated_at":"2025-11-07 10:44:10","dtmf_array":{"dtmf_input":"2","updated_at":"2025-11-07 10:44:10"}}
[2025-11-07 16:15:36] 
[2025-11-07 16:15:36] 200
[2025-11-07 16:15:37] Starting get call stat...
[2025-11-07 16:15:38] {"callChannel":"SIP\/2002-0000004d","action":"status_call"}
[2025-11-07 16:15:38] {"success":true,"channel":"SIP\/2002-0000004d","status":"up","status_detail":"Call is active and answered - media is flowing","dtmf_input":"2","dtmf_updated_at":"2025-11-07 10:44:10","dtmf_array":{"dtmf_input":"2","updated_at":"2025-11-07 10:44:10"}}
[2025-11-07 16:15:38] 
[2025-11-07 16:15:38] 200
[2025-11-07 16:15:39] Starting get call stat...
[2025-11-07 16:15:40] {"callChannel":"SIP\/2002-0000004d","action":"status_call"}
[2025-11-07 16:15:40] {"success":true,"channel":"SIP\/2002-0000004d","status":"up","status_detail":"Call is active and answered - media is flowing","dtmf_input":"2","dtmf_updated_at":"2025-11-07 10:44:10","dtmf_array":{"dtmf_input":"2","updated_at":"2025-11-07 10:44:10"}}
[2025-11-07 16:15:40] 
[2025-11-07 16:15:40] 200
[2025-11-07 16:15:41] Starting get call stat...
[2025-11-07 16:15:42] {"callChannel":"SIP\/2002-0000004d","action":"status_call"}
[2025-11-07 16:15:42] {"success":true,"channel":"SIP\/2002-0000004d","status":"up","status_detail":"Call is active and answered - media is flowing","dtmf_input":"2","dtmf_updated_at":"2025-11-07 10:44:10","dtmf_array":{"dtmf_input":"2","updated_at":"2025-11-07 10:44:10"}}
[2025-11-07 16:15:42] 
[2025-11-07 16:15:42] 200
[2025-11-07 16:15:43] Starting get call stat...
[2025-11-07 16:15:44] {"callChannel":"SIP\/2002-0000004d","action":"status_call"}
[2025-11-07 16:15:44] {"success":true,"channel":"SIP\/2002-0000004d","status":"up","status_detail":"Call is active and answered - media is flowing","dtmf_input":"2","dtmf_updated_at":"2025-11-07 10:44:10","dtmf_array":{"dtmf_input":"2","updated_at":"2025-11-07 10:44:10"}}
[2025-11-07 16:15:44] 
[2025-11-07 16:15:44] 200
[2025-11-07 16:15:45] Starting get call stat...
[2025-11-07 16:15:46] {"callChannel":"SIP\/2002-0000004d","action":"status_call"}
[2025-11-07 16:15:46] {"success":true,"channel":"SIP\/2002-0000004d","status":"up","status_detail":"Call is active and answered - media is flowing","dtmf_input":"2","dtmf_updated_at":"2025-11-07 10:44:10","dtmf_array":{"dtmf_input":"2","updated_at":"2025-11-07 10:44:10"}}
[2025-11-07 16:15:46] 
[2025-11-07 16:15:46] 200
[2025-11-07 16:15:47] Starting get call stat...
[2025-11-07 16:15:48] {"callChannel":"SIP\/2002-0000004d","action":"status_call"}
[2025-11-07 16:15:48] {"success":true,"channel":"SIP\/2002-0000004d","status":"up","status_detail":"Call is active and answered - media is flowing","dtmf_input":"2","dtmf_updated_at":"2025-11-07 10:44:10","dtmf_array":{"dtmf_input":"2","updated_at":"2025-11-07 10:44:10"}}
[2025-11-07 16:15:48] 
[2025-11-07 16:15:48] 200
[2025-11-07 16:15:49] Starting get call stat...
[2025-11-07 16:15:50] {"callChannel":"SIP\/2002-0000004d","action":"status_call"}
[2025-11-07 16:15:50] {"success":true,"channel":"SIP\/2002-0000004d","status":"up","status_detail":"Call is active and answered - media is flowing","dtmf_input":"2","dtmf_updated_at":"2025-11-07 10:44:10","dtmf_array":{"dtmf_input":"2","updated_at":"2025-11-07 10:44:10"}}
[2025-11-07 16:15:50] 
[2025-11-07 16:15:50] 200
[2025-11-07 16:15:51] Starting get call stat...
[2025-11-07 16:15:52] {"callChannel":"SIP\/2002-0000004d","action":"status_call"}
[2025-11-07 16:15:52] {"success":true,"channel":"SIP\/2002-0000004d","status":"up","status_detail":"Call is active and answered - media is flowing","dtmf_input":"2","dtmf_updated_at":"2025-11-07 10:44:10","dtmf_array":{"dtmf_input":"2","updated_at":"2025-11-07 10:44:10"}}
[2025-11-07 16:15:52] 
[2025-11-07 16:15:52] 200
[2025-11-07 16:15:53] Starting get call stat...
[2025-11-07 16:15:54] {"callChannel":"SIP\/2002-0000004d","action":"status_call"}
[2025-11-07 16:15:54] {"success":true,"channel":"SIP\/2002-0000004d","status":"up","status_detail":"Call is active and answered - media is flowing","dtmf_input":"2","dtmf_updated_at":"2025-11-07 10:44:10","dtmf_array":{"dtmf_input":"2","updated_at":"2025-11-07 10:44:10"}}
[2025-11-07 16:15:54] 
[2025-11-07 16:15:54] 200
[2025-11-07 16:15:55] Starting get call stat...
[2025-11-07 16:15:56] {"callChannel":"SIP\/2002-0000004d","action":"status_call"}
[2025-11-07 16:15:56] {"success":true,"channel":"SIP\/2002-0000004d","status":"up","status_detail":"Call is active and answered - media is flowing","dtmf_input":"2","dtmf_updated_at":"2025-11-07 10:44:10","dtmf_array":{"dtmf_input":"2","updated_at":"2025-11-07 10:44:10"}}
[2025-11-07 16:15:56] 
[2025-11-07 16:15:56] 200
[2025-11-07 16:15:57] Starting get call stat...
[2025-11-07 16:15:58] {"callChannel":"SIP\/2002-0000004d","action":"status_call"}
[2025-11-07 16:15:58] {"success":true,"channel":"SIP\/2002-0000004d","status":"ended","status_detail":"Channel no longer exists","dtmf_input":"2","dtmf_updated_at":"2025-11-07 10:44:10","dtmf_array":{"dtmf_input":"2","updated_at":"2025-11-07 10:44:10"}}
[2025-11-07 16:15:58] 
[2025-11-07 16:15:58] 200
[2025-11-07 16:16:21] Starting Call Ending...
[2025-11-07 16:16:23] {"action":"end_call","stoptime":"2025-11-07 16:16:21","sessiontime":153,"sessionbill":"0.00","buycost":"0.00","terminatecauseid":"1","uniqueid":"call_690dcd643ec73","callChannel":"SIP\/2002-0000004d"}
[2025-11-07 16:16:23] {"success":true,"output":"No such channel"}
[2025-11-07 16:16:23] 
[2025-11-07 16:16:23] 200
[2025-11-07 16:16:24] Starting Call Ending...
[2025-11-07 16:16:26] {"action":"end_call","stoptime":"2025-11-07 16:16:24","sessiontime":149503,"sessionbill":"0.00","buycost":"0.00","terminatecauseid":"1","uniqueid":"call_690b8601ecdee","callChannel":"SIP\/2002-0000004b"}
[2025-11-07 16:16:26] {"success":true,"output":"No such channel"}
[2025-11-07 16:16:26] 
[2025-11-07 16:16:26] 200
