[2025-08-25 07:36:14] [NOTICE] Starting synthesis process...
[2025-08-25 07:36:15] [NOTICE] SSML input set.
[2025-08-25 07:36:15] [NOTICE] Voice parameters set: en-US-Wavenet-D.
[2025-08-25 07:36:15] [NOTICE] Audio config set: MP3 encoding.
[2025-08-25 07:36:15] [NOTICE] SynthesizeSpeechRequest built.
[2025-08-25 07:36:17] [ERROR] Synthesis failed: {
    "message": "Empty language code.",
    "code": 3,
    "status": "INVALID_ARGUMENT",
    "details": []
}
[2025-08-25 07:38:02] [NOTICE] Starting synthesis process...
[2025-08-25 07:38:02] [NOTICE] SSML input set.
[2025-08-25 07:38:02] [NOTICE] Voice parameters set: en-US-Wavenet-D.
[2025-08-25 07:38:02] [NOTICE] Audio config set: MP3 encoding.
[2025-08-25 07:38:02] [NOTICE] SynthesizeSpeechRequest built.
[2025-08-25 07:38:04] [NOTICE] Speech synthesized, response received.
[2025-08-25 07:38:04] [NOTICE] Audio content returned from Google TTS.
[2025-08-25 07:38:04] [NOTICE] Write audio file: D:\xampp\htdocs\projects\datacalls_css_adjusted/storage/audio/tts__2025_08_25_07_38_02__68abf6badd0f7.mp3
[2025-08-25 07:46:44] [NOTICE] Starting synthesis process...
[2025-08-25 07:46:44] [NOTICE] SSML input set.
[2025-08-25 07:46:44] [NOTICE] Voice parameters set: en-US-Wavenet-D.
[2025-08-25 07:46:44] [NOTICE] Audio config set: MP3 encoding.
[2025-08-25 07:46:44] [NOTICE] SynthesizeSpeechRequest built.
[2025-08-25 07:46:46] [NOTICE] Speech synthesized, response received.
[2025-08-25 07:46:46] [NOTICE] Audio content returned from Google TTS.
[2025-08-25 07:46:46] [NOTICE] Write audio file: D:\xampp\htdocs\projects\datacalls_css_adjusted/storage/audio/tts__2025_08_25_07_46_44__68abf8c44c829.mp3
[2025-08-25 15:49:09] [NOTICE] Starting synthesis process...
[2025-08-25 15:49:10] [NOTICE] SSML input set.
[2025-08-25 15:49:10] [NOTICE] Voice parameters set, name: en-US-Wavenet-D, lang code: en-US, gender: 1
[2025-08-25 15:49:10] [NOTICE] Audio config set: MP3 encoding.
[2025-08-25 15:49:10] [NOTICE] SynthesizeSpeechRequest built.
[2025-08-25 15:49:12] [NOTICE] Speech synthesized, response received.
[2025-08-25 15:49:12] [NOTICE] Audio content returned from Google TTS.
[2025-08-25 15:49:12] [NOTICE] Write audio file: D:\xampp\htdocs\projects\datacalls_css_adjusted/storage/audio/tts__2025_08_25_15_49_09__68ac69d5e5abd.mp3
[2025-08-25 15:50:07] [NOTICE] Starting synthesis process...
[2025-08-25 15:50:07] [NOTICE] SSML input set.
[2025-08-25 15:50:07] [NOTICE] Voice parameters set, name: en-US-Wavenet-D, lang code: en-US, gender: 2
[2025-08-25 15:50:07] [NOTICE] Audio config set: MP3 encoding.
[2025-08-25 15:50:07] [NOTICE] SynthesizeSpeechRequest built.
[2025-08-25 15:50:09] [NOTICE] Speech synthesized, response received.
[2025-08-25 15:50:09] [NOTICE] Audio content returned from Google TTS.
[2025-08-25 15:50:09] [NOTICE] Write audio file: D:\xampp\htdocs\projects\datacalls_css_adjusted/storage/audio/tts__2025_08_25_15_50_07__68ac6a0f1ca52.mp3
[2025-08-25 15:52:14] [NOTICE] Starting synthesis process...
[2025-08-25 15:52:14] [NOTICE] SSML input set.
[2025-08-25 15:52:14] [NOTICE] Voice parameters set, name: en-US-Wavenet-H, lang code: en-US
[2025-08-25 15:52:14] [NOTICE] Audio config set: MP3 encoding.
[2025-08-25 15:52:14] [NOTICE] SynthesizeSpeechRequest built.
[2025-08-25 15:52:16] [NOTICE] Speech synthesized, response received.
[2025-08-25 15:52:16] [NOTICE] Audio content returned from Google TTS.
[2025-08-25 15:52:16] [NOTICE] Write audio file: D:\xampp\htdocs\projects\datacalls_css_adjusted/storage/audio/tts__2025_08_25_15_52_14__68ac6a8ee9577.mp3
[2025-08-25 18:38:30] [NOTICE] Starting synthesis process...
[2025-08-25 18:38:31] [NOTICE] SSML input set.
[2025-08-25 18:38:31] [NOTICE] Voice parameters set, name: en-US-Wavenet-H, lang code: en-US
[2025-08-25 18:38:31] [NOTICE] Audio config set: WAV encoding.
[2025-08-25 18:38:31] [NOTICE] SynthesizeSpeechRequest built.
[2025-08-25 18:38:33] [NOTICE] Speech synthesized, response received.
[2025-08-25 18:38:33] [NOTICE] Audio content returned from Google TTS.
[2025-08-25 18:38:33] [NOTICE] Write audio file: D:\xampp\htdocs\projects\datacalls_css_adjusted/storage/audio/tts__2025_08_25_18_38_30__68ac9186b9454.wav
[2025-08-28 03:47:58] [NOTICE] Starting synthesis process...
[2025-08-28 03:47:58] [NOTICE] SSML input set.
[2025-08-28 03:47:58] [NOTICE] Voice parameters set, name: en-US-Wavenet-H, lang code: en-US
[2025-08-28 03:47:58] [NOTICE] Audio config set: MP3 encoding.
[2025-08-28 03:47:58] [NOTICE] SynthesizeSpeechRequest built.
[2025-08-28 03:48:00] [NOTICE] Speech synthesized, response received.
[2025-08-28 03:48:00] [NOTICE] Audio content returned from Google TTS.
[2025-08-28 03:48:00] [NOTICE] Write audio file: D:\xampp\htdocs\projects\datacalls_css_adjusted/storage/audio/tts__2025_08_28_03_47_58__68afb54e06e19.mp3
[2025-08-28 03:48:49] [NOTICE] Starting synthesis process...
[2025-08-28 03:48:49] [NOTICE] SSML input set.
[2025-08-28 03:48:49] [NOTICE] Voice parameters set, name: en-US-Wavenet-H, lang code: en-US
[2025-08-28 03:48:49] [NOTICE] Audio config set: MP3 encoding.
[2025-08-28 03:48:49] [NOTICE] SynthesizeSpeechRequest built.
[2025-08-28 03:48:51] [NOTICE] Speech synthesized, response received.
[2025-08-28 03:48:51] [NOTICE] Audio content returned from Google TTS.
[2025-08-28 03:48:51] [NOTICE] Write audio file: D:\xampp\htdocs\projects\datacalls_css_adjusted/storage/audio/tts__2025_08_28_03_48_49__68afb5818f06c.mp3
[2025-08-28 03:49:45] [NOTICE] Starting synthesis process...
[2025-08-28 03:49:45] [NOTICE] SSML input set.
[2025-08-28 03:49:45] [NOTICE] Voice parameters set, name: en-US-Wavenet-H, lang code: en-US
[2025-08-28 03:49:45] [NOTICE] Audio config set: MP3 encoding.
[2025-08-28 03:49:45] [NOTICE] SynthesizeSpeechRequest built.
[2025-08-28 03:49:46] [NOTICE] Speech synthesized, response received.
[2025-08-28 03:49:46] [NOTICE] Audio content returned from Google TTS.
[2025-08-28 03:49:46] [NOTICE] Write audio file: D:\xampp\htdocs\projects\datacalls_css_adjusted/storage/audio/tts__2025_08_28_03_49_45__68afb5b9c5b7c.mp3
[2025-08-28 04:18:13] [NOTICE] Starting synthesis process...
[2025-08-28 04:18:14] [NOTICE] SSML input set.
[2025-08-28 04:18:14] [NOTICE] Voice parameters set, name: en-US-Wavenet-H, lang code: en-US
[2025-08-28 04:18:14] [NOTICE] Audio config set: MP3 encoding.
[2025-08-28 04:18:14] [NOTICE] SynthesizeSpeechRequest built.
[2025-08-28 04:18:16] [NOTICE] Speech synthesized, response received.
[2025-08-28 04:18:16] [NOTICE] Audio content returned from Google TTS.
[2025-08-28 04:18:16] [NOTICE] Write audio file: D:\xampp\htdocs\projects\datacalls_css_adjusted/storage/audio/tts__2025_08_28_04_18_13__68afbc65cdf00.mp3
[2025-08-28 04:21:45] [NOTICE] Starting synthesis process...
[2025-08-28 04:21:46] [NOTICE] SSML input set.
[2025-08-28 04:21:46] [NOTICE] Voice parameters set, name: en-US-Wavenet-H, lang code: en-US
[2025-08-28 04:21:46] [NOTICE] Audio config set: MP3 encoding.
[2025-08-28 04:21:46] [NOTICE] SynthesizeSpeechRequest built.
[2025-08-28 04:21:48] [NOTICE] Speech synthesized, response received.
[2025-08-28 04:21:48] [NOTICE] Audio content returned from Google TTS.
[2025-08-28 04:21:48] [NOTICE] Write audio file: D:\xampp\htdocs\projects\datacalls_css_adjusted/storage/audio/tts__2025_08_28_04_21_45__68afbd39d16fc.mp3
[2025-08-28 04:27:30] [NOTICE] Starting synthesis process...
[2025-08-28 04:27:30] [NOTICE] SSML input set.
[2025-08-28 04:27:30] [NOTICE] Voice parameters set, name: en-US-Wavenet-H, lang code: en-US
[2025-08-28 04:27:30] [NOTICE] Audio config set: MP3 encoding.
[2025-08-28 04:27:30] [NOTICE] SynthesizeSpeechRequest built.
[2025-08-28 04:27:31] [NOTICE] Speech synthesized, response received.
[2025-08-28 04:27:31] [NOTICE] Audio content returned from Google TTS.
[2025-08-28 04:27:31] [NOTICE] Write audio file: D:\xampp\htdocs\projects\datacalls_css_adjusted/storage/audio/tts__2025_08_28_04_27_30__68afbe925d526.mp3
[2025-08-28 04:31:04] [NOTICE] Starting synthesis process...
[2025-08-28 04:31:04] [NOTICE] SSML input set.
[2025-08-28 04:31:04] [NOTICE] Voice parameters set, name: en-US-Wavenet-H, lang code: en-US
[2025-08-28 04:31:04] [NOTICE] Audio config set: MP3 encoding.
[2025-08-28 04:31:04] [NOTICE] SynthesizeSpeechRequest built.
[2025-08-28 04:31:06] [NOTICE] Speech synthesized, response received.
[2025-08-28 04:31:06] [NOTICE] Audio content returned from Google TTS.
[2025-08-28 04:31:06] [NOTICE] Write audio file: D:\xampp\htdocs\projects\datacalls_css_adjusted/storage/audio/tts__2025_08_28_04_31_04__68afbf68b6121.mp3
[2025-08-30 17:13:02] [NOTICE] Starting synthesis process...
[2025-08-30 17:13:02] [NOTICE] SSML input set.
[2025-08-30 17:13:02] [NOTICE] Voice parameters set, name: en-US-Wavenet-H, lang code: en-US
[2025-08-30 17:13:02] [NOTICE] Audio config set: MP3 encoding.
[2025-08-30 17:13:02] [NOTICE] SynthesizeSpeechRequest built.
[2025-08-30 17:13:05] [NOTICE] Speech synthesized, response received.
[2025-08-30 17:13:05] [NOTICE] Audio content returned from Google TTS.
[2025-08-30 17:13:05] [NOTICE] Write audio file: D:\xampp\htdocs\projects\datacalls_css_adjusted/storage/audio/tts__2025_08_30_17_13_02__68b314fe8528a.mp3
[2025-08-30 17:17:34] [NOTICE] Starting synthesis process...
[2025-08-30 17:17:34] [NOTICE] SSML input set.
[2025-08-30 17:17:34] [NOTICE] Voice parameters set, name: en-US-Wavenet-H, lang code: en-US
[2025-08-30 17:17:34] [NOTICE] Audio config set: MP3 encoding.
[2025-08-30 17:17:34] [NOTICE] SynthesizeSpeechRequest built.
[2025-08-30 17:17:36] [NOTICE] Speech synthesized, response received.
[2025-08-30 17:17:36] [NOTICE] Audio content returned from Google TTS.
[2025-08-30 17:17:36] [NOTICE] Write audio file: D:\xampp\htdocs\projects\datacalls_css_adjusted/storage/audio/tts__2025_08_30_17_17_34__68b3160e676c5.mp3
[2025-08-31 16:55:13] [NOTICE] Starting synthesis process...
[2025-08-31 16:55:15] [NOTICE] SSML input set.
[2025-08-31 16:55:15] [NOTICE] Voice parameters set, name: en-US-Wavenet-H, lang code: en-US
[2025-08-31 16:55:15] [NOTICE] Audio config set: MP3 encoding.
[2025-08-31 16:55:15] [NOTICE] SynthesizeSpeechRequest built.
[2025-08-31 16:55:17] [NOTICE] Speech synthesized, response received.
[2025-08-31 16:55:17] [NOTICE] Audio content returned from Google TTS.
[2025-08-31 16:55:17] [NOTICE] Write audio file: D:\xampp\htdocs\projects\datacalls_css_adjusted/storage/audio/tts__2025_08_31_16_55_13__68b46251e2fa4.mp3
[2025-08-31 16:56:53] [NOTICE] Starting synthesis process...
[2025-08-31 16:56:53] [NOTICE] SSML input set.
[2025-08-31 16:56:53] [NOTICE] Voice parameters set, name: en-US-Wavenet-H, lang code: en-US
[2025-08-31 16:56:53] [NOTICE] Audio config set: MP3 encoding.
[2025-08-31 16:56:53] [NOTICE] SynthesizeSpeechRequest built.
[2025-08-31 16:56:55] [NOTICE] Speech synthesized, response received.
[2025-08-31 16:56:55] [NOTICE] Audio content returned from Google TTS.
[2025-08-31 16:56:55] [NOTICE] Write audio file: D:\xampp\htdocs\projects\datacalls_css_adjusted/storage/audio/tts__2025_08_31_16_56_53__68b462b5867d0.mp3
[2025-08-31 17:13:03] [NOTICE] Starting synthesis process...
[2025-08-31 17:13:03] [NOTICE] SSML input set.
[2025-08-31 17:13:03] [NOTICE] Voice parameters set, name: en-US-Wavenet-H, lang code: en-US
[2025-08-31 17:13:03] [NOTICE] Audio config set: MP3 encoding.
[2025-08-31 17:13:03] [NOTICE] SynthesizeSpeechRequest built.
[2025-08-31 17:13:06] [NOTICE] Speech synthesized, response received.
[2025-08-31 17:13:06] [NOTICE] Audio content returned from Google TTS.
[2025-08-31 17:13:06] [NOTICE] Write audio file: D:\xampp\htdocs\projects\datacalls_css_adjusted/storage/audio/tts__2025_08_31_17_13_03__68b4667f1c414.mp3
[2025-08-31 17:34:14] [NOTICE] Starting synthesis process...
[2025-08-31 17:34:15] [NOTICE] SSML input set.
[2025-08-31 17:34:15] [NOTICE] Voice parameters set, name: en-US-Wavenet-H, lang code: en-US
[2025-08-31 17:34:15] [NOTICE] Audio config set: MP3 encoding.
[2025-08-31 17:34:15] [NOTICE] SynthesizeSpeechRequest built.
[2025-08-31 17:34:17] [NOTICE] Speech synthesized, response received.
[2025-08-31 17:34:17] [NOTICE] Audio content returned from Google TTS.
[2025-08-31 17:34:17] [NOTICE] Write audio file: D:\xampp\htdocs\projects\datacalls_css_adjusted/storage/audio/tts__2025_08_31_17_34_14__68b46b76b386d.mp3
[2025-08-31 19:00:04] [NOTICE] Starting synthesis process...
[2025-08-31 19:00:05] [NOTICE] SSML input set.
[2025-08-31 19:00:05] [NOTICE] Voice parameters set, name: en-US-Wavenet-H, lang code: en-US
[2025-08-31 19:00:05] [NOTICE] Audio config set: MP3 encoding.
[2025-08-31 19:00:05] [NOTICE] SynthesizeSpeechRequest built.
[2025-08-31 19:00:07] [NOTICE] Speech synthesized, response received.
[2025-08-31 19:00:07] [NOTICE] Audio content returned from Google TTS.
[2025-08-31 19:00:07] [NOTICE] Write audio file: D:\xampp\htdocs\projects\datacalls_css_adjusted/storage/audio/tts__2025_08_31_19_00_04__68b47f94c0c7d.mp3
[2025-08-31 19:19:30] [NOTICE] Starting synthesis process...
[2025-08-31 19:19:30] [NOTICE] SSML input set.
[2025-08-31 19:19:30] [NOTICE] Voice parameters set, name: en-US-Wavenet-H, lang code: en-US
[2025-08-31 19:19:30] [NOTICE] Audio config set: MP3 encoding.
[2025-08-31 19:19:30] [NOTICE] SynthesizeSpeechRequest built.
[2025-08-31 19:19:32] [NOTICE] Speech synthesized, response received.
[2025-08-31 19:19:32] [NOTICE] Audio content returned from Google TTS.
[2025-08-31 19:19:32] [NOTICE] Write audio file: D:\xampp\htdocs\projects\datacalls_css_adjusted/storage/audio/tts__2025_08_31_19_19_30__68b484225bc6c.mp3
[2025-08-31 19:24:04] [NOTICE] Starting synthesis process...
[2025-08-31 19:24:04] [NOTICE] SSML input set.
[2025-08-31 19:24:04] [NOTICE] Voice parameters set, name: en-US-Wavenet-H, lang code: en-US
[2025-08-31 19:24:04] [NOTICE] Audio config set: MP3 encoding.
[2025-08-31 19:24:04] [NOTICE] SynthesizeSpeechRequest built.
[2025-08-31 19:24:06] [NOTICE] Speech synthesized, response received.
[2025-08-31 19:24:06] [NOTICE] Audio content returned from Google TTS.
[2025-08-31 19:24:06] [NOTICE] Write audio file: D:\xampp\htdocs\projects\datacalls_css_adjusted/storage/audio/tts__2025_08_31_19_24_04__68b48534b112d.mp3
[2025-08-31 19:26:51] [NOTICE] Starting synthesis process...
[2025-08-31 19:26:51] [NOTICE] SSML input set.
[2025-08-31 19:26:51] [NOTICE] Voice parameters set, name: en-US-Wavenet-H, lang code: en-US
[2025-08-31 19:26:51] [NOTICE] Audio config set: MP3 encoding.
[2025-08-31 19:26:51] [NOTICE] SynthesizeSpeechRequest built.
[2025-08-31 19:26:53] [NOTICE] Speech synthesized, response received.
[2025-08-31 19:26:53] [NOTICE] Audio content returned from Google TTS.
[2025-08-31 19:26:53] [NOTICE] Write audio file: D:\xampp\htdocs\projects\datacalls_css_adjusted/storage/audio/tts__2025_08_31_19_26_51__68b485dbe5e2d.mp3
[2025-09-02 12:56:25] [NOTICE] Starting synthesis process...
[2025-09-02 12:56:26] [NOTICE] SSML input set.
[2025-09-02 12:56:26] [NOTICE] Voice parameters set, name: en-US-Wavenet-H, lang code: en-US
[2025-09-02 12:56:26] [NOTICE] Audio config set: MP3 encoding.
[2025-09-02 12:56:26] [NOTICE] SynthesizeSpeechRequest built.
[2025-09-02 12:56:29] [NOTICE] Speech synthesized, response received.
[2025-09-02 12:56:29] [NOTICE] Audio content returned from Google TTS.
[2025-09-02 12:56:29] [NOTICE] Write audio file: D:\xampp\htdocs\projects\datacalls_css_adjusted/storage/audio/tts__2025_09_02_12_56_25__68b6cd5964d13.mp3
[2025-09-02 12:56:52] [NOTICE] Starting synthesis process...
[2025-09-02 12:56:52] [NOTICE] SSML input set.
[2025-09-02 12:56:52] [NOTICE] Voice parameters set, name: en-US-Wavenet-H, lang code: en-US
[2025-09-02 12:56:52] [NOTICE] Audio config set: MP3 encoding.
[2025-09-02 12:56:52] [NOTICE] SynthesizeSpeechRequest built.
[2025-09-02 12:56:54] [NOTICE] Speech synthesized, response received.
[2025-09-02 12:56:54] [NOTICE] Audio content returned from Google TTS.
[2025-09-02 12:56:54] [NOTICE] Write audio file: D:\xampp\htdocs\projects\datacalls_css_adjusted/storage/audio/tts__2025_09_02_12_56_52__68b6cd74a6e2f.mp3
[2025-09-19 03:32:19] [NOTICE] Starting synthesis process...
[2025-09-19 03:32:20] [NOTICE] SSML input set.
[2025-09-19 03:32:20] [NOTICE] Voice parameters set, name: en-US-Wavenet-H, lang code: en-US
[2025-09-19 03:32:20] [NOTICE] Audio config set: MP3 encoding.
[2025-09-19 03:32:20] [NOTICE] SynthesizeSpeechRequest built.
[2025-09-19 03:32:23] [NOTICE] Speech synthesized, response received.
[2025-09-19 03:32:23] [NOTICE] Audio content returned from Google TTS.
[2025-09-19 03:32:23] [NOTICE] Write audio file: D:\xampp\htdocs\projects\datacalls_css_adjusted/storage/audio/tts__2025_09_19_03_32_19__68ccb2a34bf2e.mp3
[2025-09-19 03:43:48] [NOTICE] Starting synthesis process...
[2025-09-19 03:43:48] [NOTICE] SSML input set.
[2025-09-19 03:43:48] [NOTICE] Voice parameters set, name: en-US-Wavenet-H, lang code: en-US
[2025-09-19 03:43:48] [NOTICE] Audio config set: MP3 encoding.
[2025-09-19 03:43:48] [NOTICE] SynthesizeSpeechRequest built.
[2025-09-19 03:43:49] [NOTICE] Speech synthesized, response received.
[2025-09-19 03:43:49] [NOTICE] Audio content returned from Google TTS.
[2025-09-19 03:43:49] [NOTICE] Write audio file: D:\xampp\htdocs\projects\datacalls_css_adjusted/storage/audio/tts__2025_09_19_03_43_48__68ccb55468cef.mp3
[2025-09-19 03:49:09] [NOTICE] Starting synthesis process...
[2025-09-19 03:49:09] [NOTICE] SSML input set.
[2025-09-19 03:49:09] [NOTICE] Voice parameters set, name: en-US-Wavenet-H, lang code: en-US
[2025-09-19 03:49:09] [NOTICE] Audio config set: MP3 encoding.
[2025-09-19 03:49:09] [NOTICE] SynthesizeSpeechRequest built.
[2025-09-19 03:49:10] [NOTICE] Speech synthesized, response received.
[2025-09-19 03:49:10] [NOTICE] Audio content returned from Google TTS.
[2025-09-19 03:49:10] [NOTICE] Write audio file: D:\xampp\htdocs\projects\datacalls_css_adjusted/storage/audio/tts__2025_09_19_03_49_09__68ccb69559b45.mp3
[2025-09-19 03:51:09] [NOTICE] Starting synthesis process...
[2025-09-19 03:51:09] [NOTICE] SSML input set.
[2025-09-19 03:51:09] [NOTICE] Voice parameters set, name: en-US-Wavenet-H, lang code: en-US
[2025-09-19 03:51:09] [NOTICE] Audio config set: MP3 encoding.
[2025-09-19 03:51:09] [NOTICE] SynthesizeSpeechRequest built.
[2025-09-19 03:51:10] [NOTICE] Speech synthesized, response received.
[2025-09-19 03:51:10] [NOTICE] Audio content returned from Google TTS.
[2025-09-19 03:51:10] [NOTICE] Write audio file: D:\xampp\htdocs\projects\datacalls_css_adjusted/storage/audio/tts__2025_09_19_03_51_09__68ccb70d07fc9.mp3
[2025-09-19 03:53:01] [NOTICE] Starting synthesis process...
[2025-09-19 03:53:01] [NOTICE] SSML input set.
[2025-09-19 03:53:01] [NOTICE] Voice parameters set, name: en-US-Wavenet-H, lang code: en-US
[2025-09-19 03:53:01] [NOTICE] Audio config set: MP3 encoding.
[2025-09-19 03:53:01] [NOTICE] SynthesizeSpeechRequest built.
[2025-09-19 03:53:02] [NOTICE] Speech synthesized, response received.
[2025-09-19 03:53:02] [NOTICE] Audio content returned from Google TTS.
[2025-09-19 03:53:02] [NOTICE] Write audio file: D:\xampp\htdocs\projects\datacalls_css_adjusted/storage/audio/tts__2025_09_19_03_53_01__68ccb77d434c6.mp3
[2025-09-19 04:01:19] [NOTICE] Starting synthesis process...
[2025-09-19 04:01:19] [NOTICE] SSML input set.
[2025-09-19 04:01:19] [NOTICE] Voice parameters set, name: en-US-Wavenet-H, lang code: en-US
[2025-09-19 04:01:19] [NOTICE] Audio config set: MP3 encoding.
[2025-09-19 04:01:19] [NOTICE] SynthesizeSpeechRequest built.
[2025-09-19 04:01:20] [NOTICE] Speech synthesized, response received.
[2025-09-19 04:01:20] [NOTICE] Audio content returned from Google TTS.
[2025-09-19 04:01:20] [NOTICE] Write audio file: D:\xampp\htdocs\projects\datacalls_css_adjusted/storage/audio/tts__2025_09_19_04_01_19__68ccb96f143d8.mp3
[2025-09-19 04:03:48] [NOTICE] Starting synthesis process...
[2025-09-19 04:03:48] [NOTICE] SSML input set.
[2025-09-19 04:03:48] [NOTICE] Voice parameters set, name: en-US-Wavenet-H, lang code: en-US
[2025-09-19 04:03:48] [NOTICE] Audio config set: MP3 encoding.
[2025-09-19 04:03:48] [NOTICE] SynthesizeSpeechRequest built.
[2025-09-19 04:03:49] [NOTICE] Speech synthesized, response received.
[2025-09-19 04:03:49] [NOTICE] Audio content returned from Google TTS.
[2025-09-19 04:03:49] [NOTICE] Write audio file: D:\xampp\htdocs\projects\datacalls_css_adjusted/storage/audio/tts__2025_09_19_04_03_48__68ccba0418a09.mp3
[2025-09-19 04:05:03] [NOTICE] Starting synthesis process...
[2025-09-19 04:05:03] [NOTICE] SSML input set.
[2025-09-19 04:05:03] [NOTICE] Voice parameters set, name: en-US-Wavenet-H, lang code: en-US
[2025-09-19 04:05:03] [NOTICE] Audio config set: MP3 encoding.
[2025-09-19 04:05:03] [NOTICE] SynthesizeSpeechRequest built.
[2025-09-19 04:05:04] [NOTICE] Speech synthesized, response received.
[2025-09-19 04:05:04] [NOTICE] Audio content returned from Google TTS.
[2025-09-19 04:05:04] [NOTICE] Write audio file: D:\xampp\htdocs\projects\datacalls_css_adjusted/storage/audio/tts__2025_09_19_04_05_03__68ccba4f5729c.mp3
[2025-09-19 04:05:45] [NOTICE] Starting synthesis process...
[2025-09-19 04:05:45] [NOTICE] SSML input set.
[2025-09-19 04:05:45] [NOTICE] Voice parameters set, name: en-US-Wavenet-H, lang code: en-US
[2025-09-19 04:05:45] [NOTICE] Audio config set: MP3 encoding.
[2025-09-19 04:05:45] [NOTICE] SynthesizeSpeechRequest built.
[2025-09-19 04:05:46] [NOTICE] Speech synthesized, response received.
[2025-09-19 04:05:46] [NOTICE] Audio content returned from Google TTS.
[2025-09-19 04:05:46] [NOTICE] Write audio file: D:\xampp\htdocs\projects\datacalls_css_adjusted/storage/audio/tts__2025_09_19_04_05_45__68ccba792d37d.mp3
[2025-09-19 04:10:28] [NOTICE] Starting synthesis process...
[2025-09-19 04:10:28] [NOTICE] SSML input set.
[2025-09-19 04:10:28] [NOTICE] Voice parameters set, name: en-US-Wavenet-H, lang code: en-US
[2025-09-19 04:10:28] [NOTICE] Audio config set: MP3 encoding.
[2025-09-19 04:10:28] [NOTICE] SynthesizeSpeechRequest built.
[2025-09-19 04:10:29] [NOTICE] Speech synthesized, response received.
[2025-09-19 04:10:29] [NOTICE] Audio content returned from Google TTS.
[2025-09-19 04:10:29] [NOTICE] Write audio file: D:\xampp\htdocs\projects\datacalls_css_adjusted/storage/audio/tts__2025_09_19_04_10_28__68ccbb9432544.mp3
[2025-09-19 04:15:07] [NOTICE] Starting synthesis process...
[2025-09-19 04:15:07] [NOTICE] SSML input set.
[2025-09-19 04:15:07] [NOTICE] Voice parameters set, name: en-US-Wavenet-H, lang code: en-US
[2025-09-19 04:15:07] [NOTICE] Audio config set: MP3 encoding.
[2025-09-19 04:15:07] [NOTICE] SynthesizeSpeechRequest built.
[2025-09-19 04:15:09] [NOTICE] Speech synthesized, response received.
[2025-09-19 04:15:09] [NOTICE] Audio content returned from Google TTS.
[2025-09-19 04:15:09] [NOTICE] Write audio file: D:\xampp\htdocs\projects\datacalls_css_adjusted/storage/audio/tts__2025_09_19_04_15_07__68ccbcab8fcfc.mp3
[2025-09-19 04:17:51] [NOTICE] Starting synthesis process...
[2025-09-19 04:17:51] [NOTICE] SSML input set.
[2025-09-19 04:17:51] [NOTICE] Voice parameters set, name: en-US-Wavenet-H, lang code: en-US
[2025-09-19 04:17:51] [NOTICE] Audio config set: MP3 encoding.
[2025-09-19 04:17:51] [NOTICE] SynthesizeSpeechRequest built.
[2025-09-19 04:17:52] [NOTICE] Speech synthesized, response received.
[2025-09-19 04:17:52] [NOTICE] Audio content returned from Google TTS.
[2025-09-19 04:17:52] [NOTICE] Write audio file: D:\xampp\htdocs\projects\datacalls_css_adjusted/storage/audio/tts__2025_09_19_04_17_51__68ccbd4f16e22.mp3
[2025-09-30 09:14:39] [NOTICE] Starting synthesis process...
[2025-09-30 09:14:40] [NOTICE] SSML input set.
[2025-09-30 09:14:40] [NOTICE] Voice parameters set, name: en-US-Wavenet-H, lang code: en-US
[2025-09-30 09:14:40] [NOTICE] Audio config set: MP3 encoding.
[2025-09-30 09:14:40] [NOTICE] SynthesizeSpeechRequest built.
[2025-09-30 09:14:43] [NOTICE] Speech synthesized, response received.
[2025-09-30 09:14:43] [NOTICE] Audio content returned from Google TTS.
[2025-09-30 09:14:43] [NOTICE] Write audio file: D:\xampp\htdocs\projects\datacalls_css_adjusted/storage/audio/tts__2025_09_30_09_14_39__68db835f795ed.mp3
[2025-09-30 09:15:16] [NOTICE] Starting synthesis process...
[2025-09-30 09:15:16] [NOTICE] SSML input set.
[2025-09-30 09:15:16] [NOTICE] Voice parameters set, name: en-US-Wavenet-H, lang code: en-US
[2025-09-30 09:15:16] [NOTICE] Audio config set: MP3 encoding.
[2025-09-30 09:15:16] [NOTICE] SynthesizeSpeechRequest built.
[2025-09-30 09:15:18] [NOTICE] Speech synthesized, response received.
[2025-09-30 09:15:18] [NOTICE] Audio content returned from Google TTS.
[2025-09-30 09:15:18] [NOTICE] Write audio file: D:\xampp\htdocs\projects\datacalls_css_adjusted/storage/audio/tts__2025_09_30_09_15_16__68db8384c43ba.mp3
[2025-09-30 09:16:35] [NOTICE] Starting synthesis process...
[2025-09-30 09:16:35] [NOTICE] SSML input set.
[2025-09-30 09:16:35] [NOTICE] Voice parameters set, name: en-US-Wavenet-H, lang code: en-US
[2025-09-30 09:16:35] [NOTICE] Audio config set: MP3 encoding.
[2025-09-30 09:16:35] [NOTICE] SynthesizeSpeechRequest built.
[2025-09-30 09:16:37] [NOTICE] Speech synthesized, response received.
[2025-09-30 09:16:37] [NOTICE] Audio content returned from Google TTS.
[2025-09-30 09:16:37] [NOTICE] Write audio file: D:\xampp\htdocs\projects\datacalls_css_adjusted/storage/audio/tts__2025_09_30_09_16_35__68db83d3b561b.mp3
[2025-09-30 09:22:11] [NOTICE] Starting synthesis process...
[2025-09-30 09:22:11] [NOTICE] SSML input set.
[2025-09-30 09:22:11] [NOTICE] Voice parameters set, name: en-US-Wavenet-H, lang code: en-US
[2025-09-30 09:22:11] [NOTICE] Audio config set: MP3 encoding.
[2025-09-30 09:22:11] [NOTICE] SynthesizeSpeechRequest built.
[2025-09-30 09:22:13] [NOTICE] Speech synthesized, response received.
[2025-09-30 09:22:13] [NOTICE] Audio content returned from Google TTS.
[2025-09-30 09:22:13] [NOTICE] Write audio file: D:\xampp\htdocs\projects\datacalls_css_adjusted/storage/audio/tts__2025_09_30_09_22_11__68db85237f07b.mp3
[2025-09-30 09:24:11] [NOTICE] Starting synthesis process...
[2025-09-30 09:24:11] [NOTICE] SSML input set.
[2025-09-30 09:24:11] [NOTICE] Voice parameters set, name: en-US-Wavenet-H, lang code: en-US
[2025-09-30 09:24:11] [NOTICE] Audio config set: MP3 encoding.
[2025-09-30 09:24:11] [NOTICE] SynthesizeSpeechRequest built.
[2025-09-30 09:24:12] [NOTICE] Speech synthesized, response received.
[2025-09-30 09:24:12] [NOTICE] Audio content returned from Google TTS.
[2025-09-30 09:24:12] [NOTICE] Write audio file: D:\xampp\htdocs\projects\datacalls_css_adjusted/storage/audio/tts__2025_09_30_09_24_11__68db859b675c1.mp3
[2025-09-30 09:26:35] [NOTICE] Starting synthesis process...
[2025-09-30 09:26:35] [NOTICE] SSML input set.
[2025-09-30 09:26:35] [NOTICE] Voice parameters set, name: en-US-Wavenet-H, lang code: en-US
[2025-09-30 09:26:35] [NOTICE] Audio config set: MP3 encoding.
[2025-09-30 09:26:35] [NOTICE] SynthesizeSpeechRequest built.
[2025-09-30 09:26:37] [NOTICE] Speech synthesized, response received.
[2025-09-30 09:26:37] [NOTICE] Audio content returned from Google TTS.
[2025-09-30 09:26:37] [NOTICE] Write audio file: D:\xampp\htdocs\projects\datacalls_css_adjusted/storage/audio/tts__2025_09_30_09_26_35__68db862bba4f9.mp3
[2025-09-30 09:27:01] [NOTICE] Starting synthesis process...
[2025-09-30 09:27:01] [NOTICE] SSML input set.
[2025-09-30 09:27:01] [NOTICE] Voice parameters set, name: en-US-Wavenet-H, lang code: en-US
[2025-09-30 09:27:01] [NOTICE] Audio config set: MP3 encoding.
[2025-09-30 09:27:01] [NOTICE] SynthesizeSpeechRequest built.
[2025-09-30 09:27:04] [NOTICE] Speech synthesized, response received.
[2025-09-30 09:27:04] [NOTICE] Audio content returned from Google TTS.
[2025-09-30 09:27:04] [NOTICE] Write audio file: D:\xampp\htdocs\projects\datacalls_css_adjusted/storage/audio/tts__2025_09_30_09_27_01__68db8645dfc4e.mp3
[2025-09-30 09:30:07] [NOTICE] Starting synthesis process...
[2025-09-30 09:30:07] [NOTICE] SSML input set.
[2025-09-30 09:30:07] [NOTICE] Voice parameters set, name: en-US-Wavenet-H, lang code: en-US
[2025-09-30 09:30:07] [NOTICE] Audio config set: MP3 encoding.
[2025-09-30 09:30:07] [NOTICE] SynthesizeSpeechRequest built.
[2025-09-30 09:30:09] [NOTICE] Speech synthesized, response received.
[2025-09-30 09:30:09] [NOTICE] Audio content returned from Google TTS.
[2025-09-30 09:30:09] [NOTICE] Write audio file: D:\xampp\htdocs\projects\datacalls_css_adjusted/storage/audio/tts__2025_09_30_09_30_07__68db86ff5d9d9.mp3
[2025-09-30 09:34:31] [NOTICE] Starting synthesis process...
[2025-09-30 09:34:31] [NOTICE] SSML input set.
[2025-09-30 09:34:31] [NOTICE] Voice parameters set, name: en-US-Wavenet-H, lang code: en-US
[2025-09-30 09:34:31] [NOTICE] Audio config set: MP3 encoding.
[2025-09-30 09:34:31] [NOTICE] SynthesizeSpeechRequest built.
[2025-09-30 09:34:33] [NOTICE] Speech synthesized, response received.
[2025-09-30 09:34:33] [NOTICE] Audio content returned from Google TTS.
[2025-09-30 09:34:33] [NOTICE] Write audio file: D:\xampp\htdocs\projects\datacalls_css_adjusted/storage/audio/tts__2025_09_30_09_34_31__68db8807a2943.mp3
[2025-09-30 09:35:14] [NOTICE] Starting synthesis process...
[2025-09-30 09:35:14] [NOTICE] SSML input set.
[2025-09-30 09:35:14] [NOTICE] Voice parameters set, name: en-US-Wavenet-H, lang code: en-US
[2025-09-30 09:35:14] [NOTICE] Audio config set: MP3 encoding.
[2025-09-30 09:35:14] [NOTICE] SynthesizeSpeechRequest built.
[2025-09-30 09:35:16] [NOTICE] Speech synthesized, response received.
[2025-09-30 09:35:16] [NOTICE] Audio content returned from Google TTS.
[2025-09-30 09:35:16] [NOTICE] Write audio file: D:\xampp\htdocs\projects\datacalls_css_adjusted/storage/audio/tts__2025_09_30_09_35_14__68db883284d31.mp3
[2025-09-30 09:37:03] [NOTICE] Starting synthesis process...
[2025-09-30 09:37:03] [NOTICE] SSML input set.
[2025-09-30 09:37:03] [NOTICE] Voice parameters set, name: en-US-Wavenet-H, lang code: en-US
[2025-09-30 09:37:03] [NOTICE] Audio config set: MP3 encoding.
[2025-09-30 09:37:03] [NOTICE] SynthesizeSpeechRequest built.
[2025-09-30 09:37:05] [NOTICE] Speech synthesized, response received.
[2025-09-30 09:37:05] [NOTICE] Audio content returned from Google TTS.
[2025-09-30 09:37:05] [NOTICE] Write audio file: D:\xampp\htdocs\projects\datacalls_css_adjusted/storage/audio/tts__2025_09_30_09_37_03__68db889f8443a.mp3
[2025-09-30 09:39:17] [NOTICE] Starting synthesis process...
[2025-09-30 09:39:17] [NOTICE] SSML input set.
[2025-09-30 09:39:17] [NOTICE] Voice parameters set, name: en-US-Wavenet-H, lang code: en-US
[2025-09-30 09:39:17] [NOTICE] Audio config set: MP3 encoding.
[2025-09-30 09:39:17] [NOTICE] SynthesizeSpeechRequest built.
[2025-09-30 09:39:19] [NOTICE] Speech synthesized, response received.
[2025-09-30 09:39:19] [NOTICE] Audio content returned from Google TTS.
[2025-09-30 09:39:19] [NOTICE] Write audio file: D:\xampp\htdocs\projects\datacalls_css_adjusted/storage/audio/tts__2025_09_30_09_39_17__68db8925a5852.mp3
[2025-09-30 09:39:43] [NOTICE] Starting synthesis process...
[2025-09-30 09:39:43] [NOTICE] SSML input set.
[2025-09-30 09:39:43] [NOTICE] Voice parameters set, name: en-US-Wavenet-H, lang code: en-US
[2025-09-30 09:39:43] [NOTICE] Audio config set: MP3 encoding.
[2025-09-30 09:39:43] [NOTICE] SynthesizeSpeechRequest built.
[2025-09-30 09:39:45] [NOTICE] Speech synthesized, response received.
[2025-09-30 09:39:45] [NOTICE] Audio content returned from Google TTS.
[2025-09-30 09:39:45] [NOTICE] Write audio file: D:\xampp\htdocs\projects\datacalls_css_adjusted/storage/audio/tts__2025_09_30_09_39_43__68db893faf447.mp3
[2025-09-30 09:42:33] [NOTICE] Starting synthesis process...
[2025-09-30 09:42:33] [NOTICE] SSML input set.
[2025-09-30 09:42:33] [NOTICE] Voice parameters set, name: en-US-Wavenet-H, lang code: en-US
[2025-09-30 09:42:33] [NOTICE] Audio config set: MP3 encoding.
[2025-09-30 09:42:33] [NOTICE] SynthesizeSpeechRequest built.
[2025-09-30 09:42:35] [NOTICE] Speech synthesized, response received.
[2025-09-30 09:42:35] [NOTICE] Audio content returned from Google TTS.
[2025-09-30 09:42:35] [NOTICE] Write audio file: D:\xampp\htdocs\projects\datacalls_css_adjusted/storage/audio/tts__2025_09_30_09_42_33__68db89e982372.mp3
[2025-09-30 09:42:55] [NOTICE] Starting synthesis process...
[2025-09-30 09:42:55] [NOTICE] SSML input set.
[2025-09-30 09:42:55] [NOTICE] Voice parameters set, name: en-US-Wavenet-H, lang code: en-US
[2025-09-30 09:42:55] [NOTICE] Audio config set: MP3 encoding.
[2025-09-30 09:42:55] [NOTICE] SynthesizeSpeechRequest built.
[2025-09-30 09:42:58] [NOTICE] Speech synthesized, response received.
[2025-09-30 09:42:58] [NOTICE] Audio content returned from Google TTS.
[2025-09-30 09:42:58] [NOTICE] Write audio file: D:\xampp\htdocs\projects\datacalls_css_adjusted/storage/audio/tts__2025_09_30_09_42_55__68db89ff5d485.mp3
[2025-09-30 09:48:56] [NOTICE] Starting synthesis process...
[2025-09-30 09:48:56] [NOTICE] SSML input set.
[2025-09-30 09:48:56] [NOTICE] Voice parameters set, name: en-US-Wavenet-H, lang code: en-US
[2025-09-30 09:48:56] [NOTICE] Audio config set: MP3 encoding.
[2025-09-30 09:48:56] [NOTICE] SynthesizeSpeechRequest built.
[2025-09-30 09:48:58] [NOTICE] Speech synthesized, response received.
[2025-09-30 09:48:58] [NOTICE] Audio content returned from Google TTS.
[2025-09-30 09:48:58] [NOTICE] Write audio file: D:\xampp\htdocs\projects\datacalls_css_adjusted/storage/audio/tts__2025_09_30_09_48_56__68db8b6862e52.mp3
[2025-09-30 09:50:25] [NOTICE] Starting synthesis process...
[2025-09-30 09:50:25] [NOTICE] SSML input set.
[2025-09-30 09:50:25] [NOTICE] Voice parameters set, name: en-US-Wavenet-H, lang code: en-US
[2025-09-30 09:50:25] [NOTICE] Audio config set: MP3 encoding.
[2025-09-30 09:50:25] [NOTICE] SynthesizeSpeechRequest built.
[2025-09-30 09:50:27] [NOTICE] Speech synthesized, response received.
[2025-09-30 09:50:27] [NOTICE] Audio content returned from Google TTS.
[2025-09-30 09:50:27] [NOTICE] Write audio file: D:\xampp\htdocs\projects\datacalls_css_adjusted/storage/audio/tts__2025_09_30_09_50_25__68db8bc124db5.mp3
[2025-09-30 10:00:37] [NOTICE] Starting synthesis process...
[2025-09-30 10:00:37] [NOTICE] SSML input set.
[2025-09-30 10:00:37] [NOTICE] Voice parameters set, name: en-US-Wavenet-H, lang code: en-US
[2025-09-30 10:00:37] [NOTICE] Audio config set: MP3 encoding.
[2025-09-30 10:00:37] [NOTICE] SynthesizeSpeechRequest built.
[2025-09-30 10:00:39] [NOTICE] Speech synthesized, response received.
[2025-09-30 10:00:39] [NOTICE] Audio content returned from Google TTS.
[2025-09-30 10:00:39] [NOTICE] Write audio file: D:\xampp\htdocs\projects\datacalls_css_adjusted/storage/audio/tts__2025_09_30_10_00_37__68db8e25b53b9.mp3
[2025-09-30 10:02:35] [NOTICE] Starting synthesis process...
[2025-09-30 10:02:35] [NOTICE] SSML input set.
[2025-09-30 10:02:35] [NOTICE] Voice parameters set, name: en-US-Wavenet-H, lang code: en-US
[2025-09-30 10:02:35] [NOTICE] Audio config set: MP3 encoding.
[2025-09-30 10:02:35] [NOTICE] SynthesizeSpeechRequest built.
[2025-09-30 10:02:36] [NOTICE] Speech synthesized, response received.
[2025-09-30 10:02:36] [NOTICE] Audio content returned from Google TTS.
[2025-09-30 10:02:36] [NOTICE] Write audio file: D:\xampp\htdocs\projects\datacalls_css_adjusted/storage/audio/tts__2025_09_30_10_02_35__68db8e9b5afa1.mp3
[2025-09-30 10:05:58] [NOTICE] Starting synthesis process...
[2025-09-30 10:05:58] [NOTICE] SSML input set.
[2025-09-30 10:05:58] [NOTICE] Voice parameters set, name: en-US-Wavenet-H, lang code: en-US
[2025-09-30 10:05:58] [NOTICE] Audio config set: MP3 encoding.
[2025-09-30 10:05:58] [NOTICE] SynthesizeSpeechRequest built.
[2025-09-30 10:06:00] [NOTICE] Speech synthesized, response received.
[2025-09-30 10:06:00] [NOTICE] Audio content returned from Google TTS.
[2025-09-30 10:06:00] [NOTICE] Write audio file: D:\xampp\htdocs\projects\datacalls_css_adjusted/storage/audio/tts__2025_09_30_10_05_58__68db8f66570c2.mp3
[2025-09-30 10:12:01] [NOTICE] Starting synthesis process...
[2025-09-30 10:12:01] [NOTICE] SSML input set.
[2025-09-30 10:12:01] [NOTICE] Voice parameters set, name: en-US-Wavenet-H, lang code: en-US
[2025-09-30 10:12:01] [NOTICE] Audio config set: MP3 encoding.
[2025-09-30 10:12:01] [NOTICE] SynthesizeSpeechRequest built.
[2025-09-30 10:12:04] [NOTICE] Speech synthesized, response received.
[2025-09-30 10:12:04] [NOTICE] Audio content returned from Google TTS.
[2025-09-30 10:12:04] [NOTICE] Write audio file: D:\xampp\htdocs\projects\datacalls_css_adjusted/storage/audio/tts__2025_09_30_10_12_01__68db90d1ce27a.mp3
[2025-10-04 23:06:47] [NOTICE] Starting synthesis process...
[2025-10-04 23:06:48] [NOTICE] SSML input set.
[2025-10-04 23:06:48] [NOTICE] Voice parameters set, name: en-US-Wavenet-H, lang code: en-US
[2025-10-04 23:06:48] [NOTICE] Audio config set: MP3 encoding.
[2025-10-04 23:06:48] [NOTICE] SynthesizeSpeechRequest built.
[2025-10-04 23:06:51] [NOTICE] Speech synthesized, response received.
[2025-10-04 23:06:51] [NOTICE] Audio content returned from Google TTS.
[2025-10-04 23:06:51] [NOTICE] Write audio file: D:\xampp\htdocs\projects\datacalls_css_adjusted/storage/audio/tts__2025_10_04_23_06_47__68e15b2f6705a.mp3
[2025-10-04 23:13:17] [NOTICE] Starting synthesis process...
[2025-10-04 23:13:17] [NOTICE] SSML input set.
[2025-10-04 23:13:17] [NOTICE] Voice parameters set, name: en-US-Wavenet-H, lang code: en-US
[2025-10-04 23:13:17] [NOTICE] Audio config set: MP3 encoding.
[2025-10-04 23:13:17] [NOTICE] SynthesizeSpeechRequest built.
[2025-10-04 23:13:18] [NOTICE] Speech synthesized, response received.
[2025-10-04 23:13:18] [NOTICE] Audio content returned from Google TTS.
[2025-10-04 23:13:18] [NOTICE] Write audio file: D:\xampp\htdocs\projects\datacalls_css_adjusted/storage/audio/tts__2025_10_04_23_13_17__68e15cb557c90.mp3
[2025-10-04 23:13:43] [NOTICE] Starting synthesis process...
[2025-10-04 23:13:43] [NOTICE] SSML input set.
[2025-10-04 23:13:43] [NOTICE] Voice parameters set, name: en-US-Wavenet-H, lang code: en-US
[2025-10-04 23:13:43] [NOTICE] Audio config set: MP3 encoding.
[2025-10-04 23:13:43] [NOTICE] SynthesizeSpeechRequest built.
[2025-10-04 23:13:45] [NOTICE] Speech synthesized, response received.
[2025-10-04 23:13:45] [NOTICE] Audio content returned from Google TTS.
[2025-10-04 23:13:45] [NOTICE] Write audio file: D:\xampp\htdocs\projects\datacalls_css_adjusted/storage/audio/tts__2025_10_04_23_13_43__68e15ccfac475.mp3
[2025-10-04 23:15:43] [NOTICE] Starting synthesis process...
[2025-10-04 23:15:43] [NOTICE] SSML input set.
[2025-10-04 23:15:43] [NOTICE] Voice parameters set, name: en-US-Wavenet-H, lang code: en-US
[2025-10-04 23:15:43] [NOTICE] Audio config set: MP3 encoding.
[2025-10-04 23:15:43] [NOTICE] SynthesizeSpeechRequest built.
[2025-10-04 23:15:45] [NOTICE] Speech synthesized, response received.
[2025-10-04 23:15:45] [NOTICE] Audio content returned from Google TTS.
[2025-10-04 23:15:45] [NOTICE] Write audio file: D:\xampp\htdocs\projects\datacalls_css_adjusted/storage/audio/tts__2025_10_04_23_15_43__68e15d47eed35.mp3
[2025-10-04 23:17:00] [NOTICE] Starting synthesis process...
[2025-10-04 23:17:00] [NOTICE] SSML input set.
[2025-10-04 23:17:00] [NOTICE] Voice parameters set, name: en-US-Wavenet-H, lang code: en-US
[2025-10-04 23:17:00] [NOTICE] Audio config set: MP3 encoding.
[2025-10-04 23:17:00] [NOTICE] SynthesizeSpeechRequest built.
[2025-10-04 23:17:01] [NOTICE] Speech synthesized, response received.
[2025-10-04 23:17:01] [NOTICE] Audio content returned from Google TTS.
[2025-10-04 23:17:01] [NOTICE] Write audio file: D:\xampp\htdocs\projects\datacalls_css_adjusted/storage/audio/tts__2025_10_04_23_17_00__68e15d9477b76.mp3
[2025-10-04 23:19:11] [NOTICE] Starting synthesis process...
[2025-10-04 23:19:11] [NOTICE] SSML input set.
[2025-10-04 23:19:11] [NOTICE] Voice parameters set, name: en-US-Wavenet-H, lang code: en-US
[2025-10-04 23:19:11] [NOTICE] Audio config set: MP3 encoding.
[2025-10-04 23:19:11] [NOTICE] SynthesizeSpeechRequest built.
[2025-10-04 23:19:13] [NOTICE] Speech synthesized, response received.
[2025-10-04 23:19:13] [NOTICE] Audio content returned from Google TTS.
[2025-10-04 23:19:13] [NOTICE] Write audio file: D:\xampp\htdocs\projects\datacalls_css_adjusted/storage/audio/tts__2025_10_04_23_19_11__68e15e1727da0.mp3
[2025-10-04 23:19:25] [NOTICE] Starting synthesis process...
[2025-10-04 23:19:25] [NOTICE] SSML input set.
[2025-10-04 23:19:25] [NOTICE] Voice parameters set, name: en-US-Wavenet-H, lang code: en-US
[2025-10-04 23:19:25] [NOTICE] Audio config set: MP3 encoding.
[2025-10-04 23:19:25] [NOTICE] SynthesizeSpeechRequest built.
[2025-10-04 23:19:26] [NOTICE] Speech synthesized, response received.
[2025-10-04 23:19:26] [NOTICE] Audio content returned from Google TTS.
[2025-10-04 23:19:26] [NOTICE] Write audio file: D:\xampp\htdocs\projects\datacalls_css_adjusted/storage/audio/tts__2025_10_04_23_19_25__68e15e25135ad.mp3
[2025-10-04 23:22:43] [NOTICE] Starting synthesis process...
[2025-10-04 23:22:43] [NOTICE] SSML input set.
[2025-10-04 23:22:43] [NOTICE] Voice parameters set, name: en-US-Wavenet-H, lang code: en-US
[2025-10-04 23:22:43] [NOTICE] Audio config set: MP3 encoding.
[2025-10-04 23:22:43] [NOTICE] SynthesizeSpeechRequest built.
[2025-10-04 23:22:45] [NOTICE] Speech synthesized, response received.
[2025-10-04 23:22:45] [NOTICE] Audio content returned from Google TTS.
[2025-10-04 23:22:45] [NOTICE] Write audio file: D:\xampp\htdocs\projects\datacalls_css_adjusted/storage/audio/tts__2025_10_04_23_22_43__68e15eebc2d54.mp3
[2025-10-04 23:25:48] [NOTICE] Starting synthesis process...
[2025-10-04 23:25:48] [NOTICE] SSML input set.
[2025-10-04 23:25:48] [NOTICE] Voice parameters set, name: en-US-Wavenet-H, lang code: en-US
[2025-10-04 23:25:48] [NOTICE] Audio config set: MP3 encoding.
[2025-10-04 23:25:48] [NOTICE] SynthesizeSpeechRequest built.
[2025-10-04 23:25:50] [NOTICE] Speech synthesized, response received.
[2025-10-04 23:25:50] [NOTICE] Audio content returned from Google TTS.
[2025-10-04 23:25:50] [NOTICE] Write audio file: D:\xampp\htdocs\projects\datacalls_css_adjusted/storage/audio/tts__2025_10_04_23_25_48__68e15fa4aedd5.mp3
[2025-10-04 23:29:27] [NOTICE] Starting synthesis process...
[2025-10-04 23:29:27] [NOTICE] SSML input set.
[2025-10-04 23:29:27] [NOTICE] Voice parameters set, name: en-US-Wavenet-H, lang code: en-US
[2025-10-04 23:29:27] [NOTICE] Audio config set: MP3 encoding.
[2025-10-04 23:29:27] [NOTICE] SynthesizeSpeechRequest built.
[2025-10-04 23:29:28] [NOTICE] Speech synthesized, response received.
[2025-10-04 23:29:28] [NOTICE] Audio content returned from Google TTS.
[2025-10-04 23:29:28] [NOTICE] Write audio file: D:\xampp\htdocs\projects\datacalls_css_adjusted/storage/audio/tts__2025_10_04_23_29_27__68e1607f475d6.mp3
[2025-10-04 23:31:39] [NOTICE] Starting synthesis process...
[2025-10-04 23:31:39] [NOTICE] SSML input set.
[2025-10-04 23:31:39] [NOTICE] Voice parameters set, name: en-US-Wavenet-H, lang code: en-US
[2025-10-04 23:31:39] [NOTICE] Audio config set: MP3 encoding.
[2025-10-04 23:31:39] [NOTICE] SynthesizeSpeechRequest built.
[2025-10-04 23:31:41] [NOTICE] Speech synthesized, response received.
[2025-10-04 23:31:41] [NOTICE] Audio content returned from Google TTS.
[2025-10-04 23:31:41] [NOTICE] Write audio file: D:\xampp\htdocs\projects\datacalls_css_adjusted/storage/audio/tts__2025_10_04_23_31_39__68e16103c337b.mp3
[2025-10-04 23:34:40] [NOTICE] Starting synthesis process...
[2025-10-04 23:34:40] [NOTICE] SSML input set.
[2025-10-04 23:34:40] [NOTICE] Voice parameters set, name: en-US-Wavenet-H, lang code: en-US
[2025-10-04 23:34:40] [NOTICE] Audio config set: MP3 encoding.
[2025-10-04 23:34:40] [NOTICE] SynthesizeSpeechRequest built.
[2025-10-04 23:34:42] [NOTICE] Speech synthesized, response received.
[2025-10-04 23:34:42] [NOTICE] Audio content returned from Google TTS.
[2025-10-04 23:34:42] [NOTICE] Write audio file: D:\xampp\htdocs\projects\datacalls_css_adjusted/storage/audio/tts__2025_10_04_23_34_40__68e161b8d625f.mp3
[2025-10-04 23:38:30] [NOTICE] Starting synthesis process...
[2025-10-04 23:38:30] [NOTICE] SSML input set.
[2025-10-04 23:38:30] [NOTICE] Voice parameters set, name: en-US-Wavenet-H, lang code: en-US
[2025-10-04 23:38:30] [NOTICE] Audio config set: MP3 encoding.
[2025-10-04 23:38:30] [NOTICE] SynthesizeSpeechRequest built.
[2025-10-04 23:38:31] [NOTICE] Speech synthesized, response received.
[2025-10-04 23:38:31] [NOTICE] Audio content returned from Google TTS.
[2025-10-04 23:38:31] [NOTICE] Write audio file: D:\xampp\htdocs\projects\datacalls_css_adjusted/storage/audio/tts__2025_10_04_23_38_30__68e1629e1abc8.mp3
[2025-10-04 23:51:20] [NOTICE] Starting synthesis process...
[2025-10-04 23:51:21] [NOTICE] SSML input set.
[2025-10-04 23:51:21] [NOTICE] Voice parameters set, name: en-US-Wavenet-H, lang code: en-US
[2025-10-04 23:51:21] [NOTICE] Audio config set: MP3 encoding.
[2025-10-04 23:51:21] [NOTICE] SynthesizeSpeechRequest built.
[2025-10-04 23:51:22] [NOTICE] Speech synthesized, response received.
[2025-10-04 23:51:22] [NOTICE] Audio content returned from Google TTS.
[2025-10-04 23:51:22] [NOTICE] Write audio file: D:\xampp\htdocs\projects\datacalls_css_adjusted/storage/audio/tts__2025_10_04_23_51_20__68e165a0be910.mp3
[2025-10-04 23:52:33] [NOTICE] Starting synthesis process...
[2025-10-04 23:52:33] [NOTICE] SSML input set.
[2025-10-04 23:52:33] [NOTICE] Voice parameters set, name: en-US-Wavenet-H, lang code: en-US
[2025-10-04 23:52:33] [NOTICE] Audio config set: MP3 encoding.
[2025-10-04 23:52:33] [NOTICE] SynthesizeSpeechRequest built.
[2025-10-04 23:52:35] [NOTICE] Speech synthesized, response received.
[2025-10-04 23:52:35] [NOTICE] Audio content returned from Google TTS.
[2025-10-04 23:52:35] [NOTICE] Write audio file: D:\xampp\htdocs\projects\datacalls_css_adjusted/storage/audio/tts__2025_10_04_23_52_33__68e165e9af665.mp3
[2025-10-04 23:53:47] [NOTICE] Starting synthesis process...
[2025-10-04 23:53:47] [NOTICE] SSML input set.
[2025-10-04 23:53:47] [NOTICE] Voice parameters set, name: en-US-Wavenet-H, lang code: en-US
[2025-10-04 23:53:47] [NOTICE] Audio config set: MP3 encoding.
[2025-10-04 23:53:47] [NOTICE] SynthesizeSpeechRequest built.
[2025-10-04 23:53:48] [NOTICE] Speech synthesized, response received.
[2025-10-04 23:53:48] [NOTICE] Audio content returned from Google TTS.
[2025-10-04 23:53:48] [NOTICE] Write audio file: D:\xampp\htdocs\projects\datacalls_css_adjusted/storage/audio/tts__2025_10_04_23_53_47__68e166335a858.mp3
[2025-10-04 23:57:33] [NOTICE] Starting synthesis process...
[2025-10-04 23:57:33] [NOTICE] SSML input set.
[2025-10-04 23:57:33] [NOTICE] Voice parameters set, name: en-US-Wavenet-H, lang code: en-US
[2025-10-04 23:57:33] [NOTICE] Audio config set: MP3 encoding.
[2025-10-04 23:57:33] [NOTICE] SynthesizeSpeechRequest built.
[2025-10-04 23:57:35] [NOTICE] Speech synthesized, response received.
[2025-10-04 23:57:35] [NOTICE] Audio content returned from Google TTS.
[2025-10-04 23:57:35] [NOTICE] Write audio file: D:\xampp\htdocs\projects\datacalls_css_adjusted/storage/audio/tts__2025_10_04_23_57_33__68e16715b0c73.mp3
[2025-10-05 00:00:40] [NOTICE] Starting synthesis process...
[2025-10-05 00:00:40] [NOTICE] SSML input set.
[2025-10-05 00:00:40] [NOTICE] Voice parameters set, name: en-US-Wavenet-H, lang code: en-US
[2025-10-05 00:00:40] [NOTICE] Audio config set: MP3 encoding.
[2025-10-05 00:00:40] [NOTICE] SynthesizeSpeechRequest built.
[2025-10-05 00:00:42] [NOTICE] Speech synthesized, response received.
[2025-10-05 00:00:42] [NOTICE] Audio content returned from Google TTS.
[2025-10-05 00:00:42] [NOTICE] Write audio file: D:\xampp\htdocs\projects\datacalls_css_adjusted/storage/audio/tts__2025_10_05_00_00_40__68e167d06e7fb.mp3
[2025-10-05 00:08:04] [NOTICE] Starting synthesis process...
[2025-10-05 00:08:04] [NOTICE] SSML input set.
[2025-10-05 00:08:04] [NOTICE] Voice parameters set, name: en-US-Wavenet-H, lang code: en-US
[2025-10-05 00:08:04] [NOTICE] Audio config set: MP3 encoding.
[2025-10-05 00:08:04] [NOTICE] SynthesizeSpeechRequest built.
[2025-10-05 00:08:05] [NOTICE] Speech synthesized, response received.
[2025-10-05 00:08:05] [NOTICE] Audio content returned from Google TTS.
[2025-10-05 00:08:05] [NOTICE] Write audio file: D:\xampp\htdocs\projects\datacalls_css_adjusted/storage/audio/tts__2025_10_05_00_08_04__68e1698c55c2c.mp3
[2025-10-05 00:08:33] [NOTICE] Starting synthesis process...
[2025-10-05 00:08:33] [NOTICE] SSML input set.
[2025-10-05 00:08:33] [NOTICE] Voice parameters set, name: en-US-Wavenet-H, lang code: en-US
[2025-10-05 00:08:33] [NOTICE] Audio config set: MP3 encoding.
[2025-10-05 00:08:33] [NOTICE] SynthesizeSpeechRequest built.
[2025-10-05 00:08:34] [NOTICE] Speech synthesized, response received.
[2025-10-05 00:08:34] [NOTICE] Audio content returned from Google TTS.
[2025-10-05 00:08:34] [NOTICE] Write audio file: D:\xampp\htdocs\projects\datacalls_css_adjusted/storage/audio/tts__2025_10_05_00_08_33__68e169a939f5a.mp3
[2025-10-05 00:34:40] [NOTICE] Starting synthesis process...
[2025-10-05 00:34:40] [NOTICE] SSML input set.
[2025-10-05 00:34:40] [NOTICE] Voice parameters set, name: en-US-Wavenet-H, lang code: en-US
[2025-10-05 00:34:40] [NOTICE] Audio config set: MP3 encoding.
[2025-10-05 00:34:40] [NOTICE] SynthesizeSpeechRequest built.
[2025-10-05 00:34:42] [NOTICE] Speech synthesized, response received.
[2025-10-05 00:34:42] [NOTICE] Audio content returned from Google TTS.
[2025-10-05 00:34:42] [NOTICE] Write audio file: D:\xampp\htdocs\projects\datacalls_css_adjusted/storage/audio/tts__2025_10_05_00_34_40__68e16fc827b2d.mp3
[2025-10-05 00:42:45] [NOTICE] Starting synthesis process...
[2025-10-05 00:42:45] [NOTICE] SSML input set.
[2025-10-05 00:42:45] [NOTICE] Voice parameters set, name: en-US-Wavenet-H, lang code: en-US
[2025-10-05 00:42:45] [NOTICE] Audio config set: MP3 encoding.
[2025-10-05 00:42:45] [NOTICE] SynthesizeSpeechRequest built.
[2025-10-05 00:42:46] [NOTICE] Speech synthesized, response received.
[2025-10-05 00:42:46] [NOTICE] Audio content returned from Google TTS.
[2025-10-05 00:42:46] [NOTICE] Write audio file: D:\xampp\htdocs\projects\datacalls_css_adjusted/storage/audio/tts__2025_10_05_00_42_45__68e171ad12219.mp3
[2025-10-05 00:44:31] [NOTICE] Starting synthesis process...
[2025-10-05 00:44:32] [NOTICE] SSML input set.
[2025-10-05 00:44:32] [NOTICE] Voice parameters set, name: en-US-Wavenet-H, lang code: en-US
[2025-10-05 00:44:32] [NOTICE] Audio config set: MP3 encoding.
[2025-10-05 00:44:32] [NOTICE] SynthesizeSpeechRequest built.
[2025-10-05 00:44:33] [NOTICE] Speech synthesized, response received.
[2025-10-05 00:44:33] [NOTICE] Audio content returned from Google TTS.
[2025-10-05 00:44:33] [NOTICE] Write audio file: D:\xampp\htdocs\projects\datacalls_css_adjusted/storage/audio/tts__2025_10_05_00_44_31__68e17217f33e9.mp3
[2025-10-05 01:03:12] [NOTICE] Starting synthesis process...
[2025-10-05 01:03:12] [NOTICE] SSML input set.
[2025-10-05 01:03:12] [NOTICE] Voice parameters set, name: en-US-Wavenet-H, lang code: en-US
[2025-10-05 01:03:12] [NOTICE] Audio config set: MP3 encoding.
[2025-10-05 01:03:12] [NOTICE] SynthesizeSpeechRequest built.
[2025-10-05 01:03:14] [NOTICE] Speech synthesized, response received.
[2025-10-05 01:03:14] [NOTICE] Audio content returned from Google TTS.
[2025-10-05 01:03:14] [NOTICE] Write audio file: D:\xampp\htdocs\projects\datacalls_css_adjusted/storage/audio/tts__2025_10_05_01_03_12__68e1767883d3e.mp3
[2025-10-05 01:04:10] [NOTICE] Starting synthesis process...
[2025-10-05 01:04:10] [NOTICE] SSML input set.
[2025-10-05 01:04:10] [NOTICE] Voice parameters set, name: en-US-Wavenet-H, lang code: en-US
[2025-10-05 01:04:10] [NOTICE] Audio config set: MP3 encoding.
[2025-10-05 01:04:10] [NOTICE] SynthesizeSpeechRequest built.
[2025-10-05 01:04:12] [NOTICE] Speech synthesized, response received.
[2025-10-05 01:04:12] [NOTICE] Audio content returned from Google TTS.
[2025-10-05 01:04:12] [NOTICE] Write audio file: D:\xampp\htdocs\projects\datacalls_css_adjusted/storage/audio/tts__2025_10_05_01_04_10__68e176b2c1103.mp3
[2025-10-05 01:04:52] [NOTICE] Starting synthesis process...
[2025-10-05 01:04:52] [NOTICE] SSML input set.
[2025-10-05 01:04:52] [NOTICE] Voice parameters set, name: en-US-Wavenet-H, lang code: en-US
[2025-10-05 01:04:52] [NOTICE] Audio config set: MP3 encoding.
[2025-10-05 01:04:52] [NOTICE] SynthesizeSpeechRequest built.
[2025-10-05 01:04:53] [NOTICE] Speech synthesized, response received.
[2025-10-05 01:04:53] [NOTICE] Audio content returned from Google TTS.
[2025-10-05 01:04:53] [NOTICE] Write audio file: D:\xampp\htdocs\projects\datacalls_css_adjusted/storage/audio/tts__2025_10_05_01_04_52__68e176dc4a9bc.mp3
[2025-10-05 01:08:07] [NOTICE] Starting synthesis process...
[2025-10-05 01:08:08] [NOTICE] SSML input set.
[2025-10-05 01:08:08] [NOTICE] Voice parameters set, name: en-US-Wavenet-H, lang code: en-US
[2025-10-05 01:08:08] [NOTICE] Audio config set: MP3 encoding.
[2025-10-05 01:08:08] [NOTICE] SynthesizeSpeechRequest built.
[2025-10-05 01:08:09] [NOTICE] Speech synthesized, response received.
[2025-10-05 01:08:09] [NOTICE] Audio content returned from Google TTS.
[2025-10-05 01:08:09] [NOTICE] Write audio file: D:\xampp\htdocs\projects\datacalls_css_adjusted/storage/audio/tts__2025_10_05_01_08_07__68e1779fe0a5c.mp3
[2025-10-05 01:10:28] [NOTICE] Starting synthesis process...
[2025-10-05 01:10:28] [NOTICE] SSML input set.
[2025-10-05 01:10:28] [NOTICE] Voice parameters set, name: en-US-Wavenet-H, lang code: en-US
[2025-10-05 01:10:28] [NOTICE] Audio config set: MP3 encoding.
[2025-10-05 01:10:28] [NOTICE] SynthesizeSpeechRequest built.
[2025-10-05 01:10:30] [NOTICE] Speech synthesized, response received.
[2025-10-05 01:10:30] [NOTICE] Audio content returned from Google TTS.
[2025-10-05 01:10:30] [NOTICE] Write audio file: D:\xampp\htdocs\projects\datacalls_css_adjusted/storage/audio/tts__2025_10_05_01_10_28__68e1782c531e8.mp3
[2025-10-05 01:15:36] [NOTICE] Starting synthesis process...
[2025-10-05 01:15:37] [NOTICE] SSML input set.
[2025-10-05 01:15:37] [NOTICE] Voice parameters set, name: en-US-Wavenet-H, lang code: en-US
[2025-10-05 01:15:37] [NOTICE] Audio config set: MP3 encoding.
[2025-10-05 01:15:37] [NOTICE] SynthesizeSpeechRequest built.
[2025-10-05 01:15:38] [NOTICE] Speech synthesized, response received.
[2025-10-05 01:15:38] [NOTICE] Audio content returned from Google TTS.
[2025-10-05 01:15:38] [NOTICE] Write audio file: D:\xampp\htdocs\projects\datacalls_css_adjusted/storage/audio/tts__2025_10_05_01_15_36__68e17960b1189.mp3
[2025-10-05 01:20:34] [NOTICE] Starting synthesis process...
[2025-10-05 01:20:34] [NOTICE] SSML input set.
[2025-10-05 01:20:34] [NOTICE] Voice parameters set, name: en-US-Wavenet-H, lang code: en-US
[2025-10-05 01:20:34] [NOTICE] Audio config set: MP3 encoding.
[2025-10-05 01:20:34] [NOTICE] SynthesizeSpeechRequest built.
[2025-10-05 01:20:35] [NOTICE] Speech synthesized, response received.
[2025-10-05 01:20:35] [NOTICE] Audio content returned from Google TTS.
[2025-10-05 01:20:35] [NOTICE] Write audio file: D:\xampp\htdocs\projects\datacalls_css_adjusted/storage/audio/tts__2025_10_05_01_20_34__68e17a8a9633f.mp3
[2025-10-05 01:22:04] [NOTICE] Starting synthesis process...
[2025-10-05 01:22:04] [NOTICE] SSML input set.
[2025-10-05 01:22:04] [NOTICE] Voice parameters set, name: en-US-Wavenet-H, lang code: en-US
[2025-10-05 01:22:04] [NOTICE] Audio config set: MP3 encoding.
[2025-10-05 01:22:04] [NOTICE] SynthesizeSpeechRequest built.
[2025-10-05 01:22:06] [NOTICE] Speech synthesized, response received.
[2025-10-05 01:22:06] [NOTICE] Audio content returned from Google TTS.
[2025-10-05 01:22:06] [NOTICE] Write audio file: D:\xampp\htdocs\projects\datacalls_css_adjusted/storage/audio/tts__2025_10_05_01_22_04__68e17ae4b31b9.mp3
[2025-10-05 01:23:37] [NOTICE] Starting synthesis process...
[2025-10-05 01:23:37] [NOTICE] SSML input set.
[2025-10-05 01:23:37] [NOTICE] Voice parameters set, name: en-US-Wavenet-H, lang code: en-US
[2025-10-05 01:23:37] [NOTICE] Audio config set: MP3 encoding.
[2025-10-05 01:23:37] [NOTICE] SynthesizeSpeechRequest built.
[2025-10-05 01:23:39] [NOTICE] Speech synthesized, response received.
[2025-10-05 01:23:39] [NOTICE] Audio content returned from Google TTS.
[2025-10-05 01:23:39] [NOTICE] Write audio file: D:\xampp\htdocs\projects\datacalls_css_adjusted/storage/audio/tts__2025_10_05_01_23_37__68e17b41af12e.mp3
[2025-10-05 01:29:00] [NOTICE] Starting synthesis process...
[2025-10-05 01:29:00] [NOTICE] SSML input set.
[2025-10-05 01:29:00] [NOTICE] Voice parameters set, name: en-US-Wavenet-H, lang code: en-US
[2025-10-05 01:29:00] [NOTICE] Audio config set: MP3 encoding.
[2025-10-05 01:29:00] [NOTICE] SynthesizeSpeechRequest built.
[2025-10-05 01:29:01] [NOTICE] Speech synthesized, response received.
[2025-10-05 01:29:01] [NOTICE] Audio content returned from Google TTS.
[2025-10-05 01:29:01] [NOTICE] Write audio file: D:\xampp\htdocs\projects\datacalls_css_adjusted/storage/audio/tts__2025_10_05_01_29_00__68e17c8424bc1.mp3
[2025-10-05 01:32:03] [NOTICE] Starting synthesis process...
[2025-10-05 01:32:03] [NOTICE] SSML input set.
[2025-10-05 01:32:03] [NOTICE] Voice parameters set, name: en-US-Wavenet-H, lang code: en-US
[2025-10-05 01:32:03] [NOTICE] Audio config set: MP3 encoding.
[2025-10-05 01:32:03] [NOTICE] SynthesizeSpeechRequest built.
[2025-10-05 01:32:05] [NOTICE] Speech synthesized, response received.
[2025-10-05 01:32:05] [NOTICE] Audio content returned from Google TTS.
[2025-10-05 01:32:05] [NOTICE] Write audio file: D:\xampp\htdocs\projects\datacalls_css_adjusted/storage/audio/tts__2025_10_05_01_32_03__68e17d3b9847e.mp3
[2025-10-05 01:33:19] [NOTICE] Starting synthesis process...
[2025-10-05 01:33:19] [NOTICE] SSML input set.
[2025-10-05 01:33:19] [NOTICE] Voice parameters set, name: en-US-Wavenet-H, lang code: en-US
[2025-10-05 01:33:19] [NOTICE] Audio config set: MP3 encoding.
[2025-10-05 01:33:19] [NOTICE] SynthesizeSpeechRequest built.
[2025-10-05 01:33:20] [NOTICE] Speech synthesized, response received.
[2025-10-05 01:33:20] [NOTICE] Audio content returned from Google TTS.
[2025-10-05 01:33:20] [NOTICE] Write audio file: D:\xampp\htdocs\projects\datacalls_css_adjusted/storage/audio/tts__2025_10_05_01_33_19__68e17d8768a0d.mp3
[2025-10-05 01:52:20] [NOTICE] Starting synthesis process...
[2025-10-05 01:52:20] [NOTICE] SSML input set.
[2025-10-05 01:52:20] [NOTICE] Voice parameters set, name: en-US-Wavenet-H, lang code: en-US
[2025-10-05 01:52:20] [NOTICE] Audio config set: MP3 encoding.
[2025-10-05 01:52:20] [NOTICE] SynthesizeSpeechRequest built.
[2025-10-05 01:52:21] [NOTICE] Speech synthesized, response received.
[2025-10-05 01:52:21] [NOTICE] Audio content returned from Google TTS.
[2025-10-05 01:52:21] [NOTICE] Write audio file: D:\xampp\htdocs\projects\datacalls_css_adjusted/storage/audio/tts__2025_10_05_01_52_20__68e181fc9e1a2.mp3
[2025-10-05 01:53:01] [NOTICE] Starting synthesis process...
[2025-10-05 01:53:01] [NOTICE] SSML input set.
[2025-10-05 01:53:01] [NOTICE] Voice parameters set, name: en-US-Wavenet-H, lang code: en-US
[2025-10-05 01:53:01] [NOTICE] Audio config set: MP3 encoding.
[2025-10-05 01:53:01] [NOTICE] SynthesizeSpeechRequest built.
[2025-10-05 01:53:02] [NOTICE] Speech synthesized, response received.
[2025-10-05 01:53:02] [NOTICE] Audio content returned from Google TTS.
[2025-10-05 01:53:02] [NOTICE] Write audio file: D:\xampp\htdocs\projects\datacalls_css_adjusted/storage/audio/tts__2025_10_05_01_53_01__68e182257924e.mp3
[2025-10-05 01:54:22] [NOTICE] Starting synthesis process...
[2025-10-05 01:54:22] [NOTICE] SSML input set.
[2025-10-05 01:54:22] [NOTICE] Voice parameters set, name: en-US-Wavenet-H, lang code: en-US
[2025-10-05 01:54:22] [NOTICE] Audio config set: MP3 encoding.
[2025-10-05 01:54:22] [NOTICE] SynthesizeSpeechRequest built.
[2025-10-05 01:54:23] [NOTICE] Speech synthesized, response received.
[2025-10-05 01:54:23] [NOTICE] Audio content returned from Google TTS.
[2025-10-05 01:54:23] [NOTICE] Write audio file: D:\xampp\htdocs\projects\datacalls_css_adjusted/storage/audio/tts__2025_10_05_01_54_22__68e1827601aaf.mp3
[2025-10-05 01:59:28] [NOTICE] Starting synthesis process...
[2025-10-05 01:59:28] [NOTICE] SSML input set.
[2025-10-05 01:59:28] [NOTICE] Voice parameters set, name: en-US-Wavenet-H, lang code: en-US
[2025-10-05 01:59:28] [NOTICE] Audio config set: MP3 encoding.
[2025-10-05 01:59:28] [NOTICE] SynthesizeSpeechRequest built.
[2025-10-05 01:59:29] [NOTICE] Speech synthesized, response received.
[2025-10-05 01:59:29] [NOTICE] Audio content returned from Google TTS.
[2025-10-05 01:59:29] [NOTICE] Write audio file: D:\xampp\htdocs\projects\datacalls_css_adjusted/storage/audio/tts__2025_10_05_01_59_28__68e183a82dc25.mp3
[2025-10-05 02:05:29] [NOTICE] Starting synthesis process...
[2025-10-05 02:05:29] [NOTICE] SSML input set.
[2025-10-05 02:05:29] [NOTICE] Voice parameters set, name: en-US-Wavenet-H, lang code: en-US
[2025-10-05 02:05:29] [NOTICE] Audio config set: MP3 encoding.
[2025-10-05 02:05:29] [NOTICE] SynthesizeSpeechRequest built.
[2025-10-05 02:05:31] [NOTICE] Speech synthesized, response received.
[2025-10-05 02:05:31] [NOTICE] Audio content returned from Google TTS.
[2025-10-05 02:05:31] [NOTICE] Write audio file: D:\xampp\htdocs\projects\datacalls_css_adjusted/storage/audio/tts__2025_10_05_02_05_29__68e18511ce38f.mp3
[2025-10-05 02:09:14] [NOTICE] Starting synthesis process...
[2025-10-05 02:09:14] [NOTICE] SSML input set.
[2025-10-05 02:09:14] [NOTICE] Voice parameters set, name: en-US-Wavenet-H, lang code: en-US
[2025-10-05 02:09:14] [NOTICE] Audio config set: MP3 encoding.
[2025-10-05 02:09:14] [NOTICE] SynthesizeSpeechRequest built.
[2025-10-05 02:09:15] [NOTICE] Speech synthesized, response received.
[2025-10-05 02:09:15] [NOTICE] Audio content returned from Google TTS.
[2025-10-05 02:09:15] [NOTICE] Write audio file: D:\xampp\htdocs\projects\datacalls_css_adjusted/storage/audio/tts__2025_10_05_02_09_14__68e185f227ac0.mp3
[2025-10-05 02:10:13] [NOTICE] Starting synthesis process...
[2025-10-05 02:10:13] [NOTICE] SSML input set.
[2025-10-05 02:10:13] [NOTICE] Voice parameters set, name: en-US-Wavenet-H, lang code: en-US
[2025-10-05 02:10:13] [NOTICE] Audio config set: MP3 encoding.
[2025-10-05 02:10:13] [NOTICE] SynthesizeSpeechRequest built.
[2025-10-05 02:10:14] [NOTICE] Speech synthesized, response received.
[2025-10-05 02:10:14] [NOTICE] Audio content returned from Google TTS.
[2025-10-05 02:10:14] [NOTICE] Write audio file: D:\xampp\htdocs\projects\datacalls_css_adjusted/storage/audio/tts__2025_10_05_02_10_13__68e1862d35e69.mp3
[2025-10-05 14:40:42] [NOTICE] Starting synthesis process...
[2025-10-05 14:40:43] [NOTICE] SSML input set.
[2025-10-05 14:40:43] [NOTICE] Voice parameters set, name: en-US-Wavenet-H, lang code: en-US
[2025-10-05 14:40:43] [NOTICE] Audio config set: MP3 encoding.
[2025-10-05 14:40:43] [NOTICE] SynthesizeSpeechRequest built.
[2025-10-05 14:40:45] [NOTICE] Speech synthesized, response received.
[2025-10-05 14:40:45] [NOTICE] Audio content returned from Google TTS.
[2025-10-05 14:40:45] [NOTICE] Write audio file: D:\xampp\htdocs\projects\datacalls_css_adjusted/storage/audio/tts__2025_10_05_14_40_42__68e2361210ece.mp3
[2025-10-05 14:45:43] [NOTICE] Starting synthesis process...
[2025-10-05 14:45:43] [NOTICE] SSML input set.
[2025-10-05 14:45:43] [NOTICE] Voice parameters set, name: en-US-Wavenet-H, lang code: en-US
[2025-10-05 14:45:43] [NOTICE] Audio config set: MP3 encoding.
[2025-10-05 14:45:43] [NOTICE] SynthesizeSpeechRequest built.
[2025-10-05 14:45:45] [NOTICE] Speech synthesized, response received.
[2025-10-05 14:45:45] [NOTICE] Audio content returned from Google TTS.
[2025-10-05 14:45:45] [NOTICE] Write audio file: D:\xampp\htdocs\projects\datacalls_css_adjusted/storage/audio/tts__2025_10_05_14_45_43__68e2373fb0dca.mp3
[2025-10-05 14:46:46] [NOTICE] Starting synthesis process...
[2025-10-05 14:46:46] [NOTICE] SSML input set.
[2025-10-05 14:46:46] [NOTICE] Voice parameters set, name: en-US-Wavenet-H, lang code: en-US
[2025-10-05 14:46:46] [NOTICE] Audio config set: MP3 encoding.
[2025-10-05 14:46:46] [NOTICE] SynthesizeSpeechRequest built.
[2025-10-05 14:46:47] [NOTICE] Speech synthesized, response received.
[2025-10-05 14:46:47] [NOTICE] Audio content returned from Google TTS.
[2025-10-05 14:46:47] [NOTICE] Write audio file: D:\xampp\htdocs\projects\datacalls_css_adjusted/storage/audio/tts__2025_10_05_14_46_46__68e2377e008d8.mp3
[2025-10-05 14:51:20] [NOTICE] Starting synthesis process...
[2025-10-05 14:51:20] [NOTICE] SSML input set.
[2025-10-05 14:51:20] [NOTICE] Voice parameters set, name: en-US-Wavenet-H, lang code: en-US
[2025-10-05 14:51:20] [NOTICE] Audio config set: MP3 encoding.
[2025-10-05 14:51:20] [NOTICE] SynthesizeSpeechRequest built.
[2025-10-05 14:51:21] [NOTICE] Speech synthesized, response received.
[2025-10-05 14:51:21] [NOTICE] Audio content returned from Google TTS.
[2025-10-05 14:51:21] [NOTICE] Write audio file: D:\xampp\htdocs\projects\datacalls_css_adjusted/storage/audio/tts__2025_10_05_14_51_20__68e23890439d2.mp3
[2025-10-05 14:51:51] [NOTICE] Starting synthesis process...
[2025-10-05 14:51:51] [NOTICE] SSML input set.
[2025-10-05 14:51:51] [NOTICE] Voice parameters set, name: en-US-Wavenet-H, lang code: en-US
[2025-10-05 14:51:51] [NOTICE] Audio config set: MP3 encoding.
[2025-10-05 14:51:51] [NOTICE] SynthesizeSpeechRequest built.
[2025-10-05 14:51:52] [NOTICE] Speech synthesized, response received.
[2025-10-05 14:51:52] [NOTICE] Audio content returned from Google TTS.
[2025-10-05 14:51:52] [NOTICE] Write audio file: D:\xampp\htdocs\projects\datacalls_css_adjusted/storage/audio/tts__2025_10_05_14_51_51__68e238af02842.mp3
[2025-10-05 14:56:44] [NOTICE] Starting synthesis process...
[2025-10-05 14:56:44] [NOTICE] SSML input set.
[2025-10-05 14:56:44] [NOTICE] Voice parameters set, name: en-US-Wavenet-H, lang code: en-US
[2025-10-05 14:56:44] [NOTICE] Audio config set: MP3 encoding.
[2025-10-05 14:56:44] [NOTICE] SynthesizeSpeechRequest built.
[2025-10-05 14:56:46] [NOTICE] Speech synthesized, response received.
[2025-10-05 14:56:46] [NOTICE] Audio content returned from Google TTS.
[2025-10-05 14:56:46] [NOTICE] Write audio file: D:\xampp\htdocs\projects\datacalls_css_adjusted/storage/audio/tts__2025_10_05_14_56_44__68e239d406d6c.mp3
[2025-10-06 21:07:28] [NOTICE] Starting synthesis process...
[2025-10-06 21:07:29] [NOTICE] SSML input set.
[2025-10-06 21:07:29] [NOTICE] Voice parameters set, name: en-US-Wavenet-H, lang code: en-US
[2025-10-06 21:07:29] [NOTICE] Audio config set: MP3 encoding.
[2025-10-06 21:07:29] [NOTICE] SynthesizeSpeechRequest built.
[2025-10-06 21:07:32] [NOTICE] Speech synthesized, response received.
[2025-10-06 21:07:32] [NOTICE] Audio content returned from Google TTS.
[2025-10-06 21:07:32] [NOTICE] Write audio file: D:\xampp\htdocs\projects\datacalls_css_adjusted/storage/audio/tts__2025_10_06_21_07_28__68e3e238210b1.mp3
[2025-10-06 21:15:04] [NOTICE] Starting synthesis process...
[2025-10-06 21:15:04] [NOTICE] SSML input set.
[2025-10-06 21:15:04] [NOTICE] Voice parameters set, name: en-US-Wavenet-H, lang code: en-US
[2025-10-06 21:15:04] [NOTICE] Audio config set: MP3 encoding.
[2025-10-06 21:15:04] [NOTICE] SynthesizeSpeechRequest built.
[2025-10-06 21:15:06] [NOTICE] Speech synthesized, response received.
[2025-10-06 21:15:06] [NOTICE] Audio content returned from Google TTS.
[2025-10-06 21:15:06] [NOTICE] Write audio file: D:\xampp\htdocs\projects\datacalls_css_adjusted/storage/audio/tts__2025_10_06_21_15_04__68e3e40028904.mp3
[2025-10-06 21:15:53] [NOTICE] Starting synthesis process...
[2025-10-06 21:15:53] [NOTICE] SSML input set.
[2025-10-06 21:15:53] [NOTICE] Voice parameters set, name: en-US-Wavenet-H, lang code: en-US
[2025-10-06 21:15:53] [NOTICE] Audio config set: MP3 encoding.
[2025-10-06 21:15:53] [NOTICE] SynthesizeSpeechRequest built.
[2025-10-06 21:15:54] [NOTICE] Speech synthesized, response received.
[2025-10-06 21:15:54] [NOTICE] Audio content returned from Google TTS.
[2025-10-06 21:15:54] [NOTICE] Write audio file: D:\xampp\htdocs\projects\datacalls_css_adjusted/storage/audio/tts__2025_10_06_21_15_53__68e3e43145bef.mp3
[2025-10-06 21:17:55] [NOTICE] Starting synthesis process...
[2025-10-06 21:17:55] [NOTICE] SSML input set.
[2025-10-06 21:17:55] [NOTICE] Voice parameters set, name: en-US-Wavenet-H, lang code: en-US
[2025-10-06 21:17:55] [NOTICE] Audio config set: MP3 encoding.
[2025-10-06 21:17:55] [NOTICE] SynthesizeSpeechRequest built.
[2025-10-06 21:17:56] [NOTICE] Speech synthesized, response received.
[2025-10-06 21:17:56] [NOTICE] Audio content returned from Google TTS.
[2025-10-06 21:17:56] [NOTICE] Write audio file: D:\xampp\htdocs\projects\datacalls_css_adjusted/storage/audio/tts__2025_10_06_21_17_55__68e3e4ab26ad2.mp3
[2025-10-06 21:18:30] [NOTICE] Starting synthesis process...
[2025-10-06 21:18:30] [NOTICE] SSML input set.
[2025-10-06 21:18:30] [NOTICE] Voice parameters set, name: en-US-Wavenet-H, lang code: en-US
[2025-10-06 21:18:30] [NOTICE] Audio config set: MP3 encoding.
[2025-10-06 21:18:30] [NOTICE] SynthesizeSpeechRequest built.
[2025-10-06 21:18:32] [NOTICE] Speech synthesized, response received.
[2025-10-06 21:18:32] [NOTICE] Audio content returned from Google TTS.
[2025-10-06 21:18:32] [NOTICE] Write audio file: D:\xampp\htdocs\projects\datacalls_css_adjusted/storage/audio/tts__2025_10_06_21_18_30__68e3e4cebe0e6.mp3
[2025-10-06 21:21:57] [NOTICE] Starting synthesis process...
[2025-10-06 21:21:57] [NOTICE] SSML input set.
[2025-10-06 21:21:57] [NOTICE] Voice parameters set, name: en-US-Wavenet-H, lang code: en-US
[2025-10-06 21:21:57] [NOTICE] Audio config set: MP3 encoding.
[2025-10-06 21:21:57] [NOTICE] SynthesizeSpeechRequest built.
[2025-10-06 21:21:59] [NOTICE] Speech synthesized, response received.
[2025-10-06 21:21:59] [NOTICE] Audio content returned from Google TTS.
[2025-10-06 21:21:59] [NOTICE] Write audio file: D:\xampp\htdocs\projects\datacalls_css_adjusted/storage/audio/tts__2025_10_06_21_21_57__68e3e59deaed9.mp3
[2025-10-07 23:31:44] [NOTICE] Starting synthesis process...
[2025-10-07 23:31:45] [NOTICE] SSML input set.
[2025-10-07 23:31:45] [NOTICE] Voice parameters set, name: en-US-Wavenet-H, lang code: en-US
[2025-10-07 23:31:45] [NOTICE] Audio config set: MP3 encoding.
[2025-10-07 23:31:45] [NOTICE] SynthesizeSpeechRequest built.
[2025-10-07 23:31:48] [NOTICE] Speech synthesized, response received.
[2025-10-07 23:31:48] [NOTICE] Audio content returned from Google TTS.
[2025-10-07 23:31:48] [NOTICE] Write audio file: D:\xampp\htdocs\projects\datacalls_css_adjusted/storage/audio/tts__2025_10_07_23_31_44__68e5558832dd8.mp3
[2025-10-07 23:40:32] [NOTICE] Starting synthesis process...
[2025-10-07 23:40:32] [NOTICE] SSML input set.
[2025-10-07 23:40:32] [NOTICE] Voice parameters set, name: en-US-Wavenet-H, lang code: en-US
[2025-10-07 23:40:32] [NOTICE] Audio config set: MP3 encoding.
[2025-10-07 23:40:32] [NOTICE] SynthesizeSpeechRequest built.
[2025-10-07 23:40:34] [NOTICE] Speech synthesized, response received.
[2025-10-07 23:40:34] [NOTICE] Audio content returned from Google TTS.
[2025-10-07 23:40:34] [NOTICE] Write audio file: D:\xampp\htdocs\projects\datacalls_css_adjusted/storage/audio/tts__2025_10_07_23_40_32__68e55798ad261.mp3
[2025-10-07 23:43:16] [NOTICE] Starting synthesis process...
[2025-10-07 23:43:16] [NOTICE] SSML input set.
[2025-10-07 23:43:16] [NOTICE] Voice parameters set, name: en-US-Wavenet-H, lang code: en-US
[2025-10-07 23:43:16] [NOTICE] Audio config set: MP3 encoding.
[2025-10-07 23:43:16] [NOTICE] SynthesizeSpeechRequest built.
[2025-10-07 23:43:18] [NOTICE] Speech synthesized, response received.
[2025-10-07 23:43:18] [NOTICE] Audio content returned from Google TTS.
[2025-10-07 23:43:18] [NOTICE] Write audio file: D:\xampp\htdocs\projects\datacalls_css_adjusted/storage/audio/tts__2025_10_07_23_43_16__68e5583c50c91.mp3
[2025-10-07 23:53:21] [NOTICE] Starting synthesis process...
[2025-10-07 23:53:21] [NOTICE] SSML input set.
[2025-10-07 23:53:21] [NOTICE] Voice parameters set, name: en-US-Wavenet-H, lang code: en-US
[2025-10-07 23:53:21] [NOTICE] Audio config set: MP3 encoding.
[2025-10-07 23:53:21] [NOTICE] SynthesizeSpeechRequest built.
[2025-10-07 23:53:23] [NOTICE] Speech synthesized, response received.
[2025-10-07 23:53:23] [NOTICE] Audio content returned from Google TTS.
[2025-10-07 23:53:23] [NOTICE] Write audio file: D:\xampp\htdocs\projects\datacalls_css_adjusted/storage/audio/tts__2025_10_07_23_53_21__68e55a9951ec5.mp3
[2025-10-09 18:07:03] [NOTICE] Starting synthesis process...
[2025-10-09 18:07:04] [NOTICE] SSML input set.
[2025-10-09 18:07:04] [NOTICE] Voice parameters set, name: en-US-Wavenet-H, lang code: en-US
[2025-10-09 18:07:04] [NOTICE] Audio config set: MP3 encoding.
[2025-10-09 18:07:04] [NOTICE] SynthesizeSpeechRequest built.
[2025-10-09 18:07:07] [NOTICE] Speech synthesized, response received.
[2025-10-09 18:07:07] [NOTICE] Audio content returned from Google TTS.
[2025-10-09 18:07:07] [NOTICE] Write audio file: D:\xampp\htdocs\projects\datacalls_css_adjusted/storage/audio/tts__2025_10_09_18_07_03__68e7ac6f93acd.mp3
[2025-10-09 18:08:11] [NOTICE] Starting synthesis process...
[2025-10-09 18:08:11] [NOTICE] SSML input set.
[2025-10-09 18:08:11] [NOTICE] Voice parameters set, name: en-US-Wavenet-H, lang code: en-US
[2025-10-09 18:08:11] [NOTICE] Audio config set: MP3 encoding.
[2025-10-09 18:08:11] [NOTICE] SynthesizeSpeechRequest built.
[2025-10-09 18:08:13] [NOTICE] Speech synthesized, response received.
[2025-10-09 18:08:13] [NOTICE] Audio content returned from Google TTS.
[2025-10-09 18:08:13] [NOTICE] Write audio file: D:\xampp\htdocs\projects\datacalls_css_adjusted/storage/audio/tts__2025_10_09_18_08_11__68e7acb396300.mp3
[2025-10-09 18:13:25] [NOTICE] Starting synthesis process...
[2025-10-09 18:13:25] [NOTICE] SSML input set.
[2025-10-09 18:13:25] [NOTICE] Voice parameters set, name: en-US-Wavenet-H, lang code: en-US
[2025-10-09 18:13:25] [NOTICE] Audio config set: MP3 encoding.
[2025-10-09 18:13:25] [NOTICE] SynthesizeSpeechRequest built.
[2025-10-09 18:13:28] [NOTICE] Speech synthesized, response received.
[2025-10-09 18:13:28] [NOTICE] Audio content returned from Google TTS.
[2025-10-09 18:13:28] [NOTICE] Write audio file: D:\xampp\htdocs\projects\datacalls_css_adjusted/storage/audio/tts__2025_10_09_18_13_25__68e7aded9cb74.mp3
[2025-10-09 18:14:46] [NOTICE] Starting synthesis process...
[2025-10-09 18:14:47] [NOTICE] SSML input set.
[2025-10-09 18:14:47] [NOTICE] Voice parameters set, name: en-US-Wavenet-H, lang code: en-US
[2025-10-09 18:14:47] [NOTICE] Audio config set: MP3 encoding.
[2025-10-09 18:14:47] [NOTICE] SynthesizeSpeechRequest built.
[2025-10-09 18:14:49] [NOTICE] Speech synthesized, response received.
[2025-10-09 18:14:49] [NOTICE] Audio content returned from Google TTS.
[2025-10-09 18:14:49] [NOTICE] Write audio file: D:\xampp\htdocs\projects\datacalls_css_adjusted/storage/audio/tts__2025_10_09_18_14_46__68e7ae3ecd168.mp3
[2025-10-09 18:17:22] [NOTICE] Starting synthesis process...
[2025-10-09 18:17:22] [NOTICE] SSML input set.
[2025-10-09 18:17:22] [NOTICE] Voice parameters set, name: en-US-Wavenet-H, lang code: en-US
[2025-10-09 18:17:22] [NOTICE] Audio config set: MP3 encoding.
[2025-10-09 18:17:22] [NOTICE] SynthesizeSpeechRequest built.
[2025-10-09 18:17:24] [NOTICE] Speech synthesized, response received.
[2025-10-09 18:17:24] [NOTICE] Audio content returned from Google TTS.
[2025-10-09 18:17:24] [NOTICE] Write audio file: D:\xampp\htdocs\projects\datacalls_css_adjusted/storage/audio/tts__2025_10_09_18_17_22__68e7aedad4be0.mp3
[2025-10-11 01:31:48] [NOTICE] Starting synthesis process...
[2025-10-11 01:31:49] [NOTICE] SSML input set.
[2025-10-11 01:31:49] [NOTICE] Voice parameters set, name: en-US-Wavenet-H, lang code: en-US
[2025-10-11 01:31:50] [NOTICE] Audio config set: MP3 encoding.
[2025-10-11 01:31:50] [NOTICE] SynthesizeSpeechRequest built.
[2025-10-11 01:31:51] [NOTICE] Speech synthesized, response received.
[2025-10-11 01:31:51] [NOTICE] Audio content returned from Google TTS.
[2025-10-11 01:31:51] [NOTICE] Write audio file: D:\xampp\htdocs\projects\datacalls_css_adjusted/storage/audio/tts__2025_10_11_01_31_48__68e9662cb0199.mp3
[2025-10-11 01:36:02] [NOTICE] Starting synthesis process...
[2025-10-11 01:36:02] [NOTICE] SSML input set.
[2025-10-11 01:36:02] [NOTICE] Voice parameters set, name: en-US-Wavenet-H, lang code: en-US
[2025-10-11 01:36:02] [NOTICE] Audio config set: MP3 encoding.
[2025-10-11 01:36:02] [NOTICE] SynthesizeSpeechRequest built.
[2025-10-11 01:36:03] [NOTICE] Speech synthesized, response received.
[2025-10-11 01:36:03] [NOTICE] Audio content returned from Google TTS.
[2025-10-11 01:36:03] [NOTICE] Write audio file: D:\xampp\htdocs\projects\datacalls_css_adjusted/storage/audio/tts__2025_10_11_01_36_02__68e9672aef7b3.mp3
[2025-10-11 02:59:49] [NOTICE] Starting synthesis process...
[2025-10-11 02:59:50] [NOTICE] SSML input set.
[2025-10-11 02:59:50] [NOTICE] Voice parameters set, name: en-US-Wavenet-H, lang code: en-US
[2025-10-11 02:59:50] [NOTICE] Audio config set: MP3 encoding.
[2025-10-11 02:59:50] [NOTICE] SynthesizeSpeechRequest built.
[2025-10-11 02:59:52] [NOTICE] Speech synthesized, response received.
[2025-10-11 02:59:52] [NOTICE] Audio content returned from Google TTS.
[2025-10-11 02:59:52] [NOTICE] Write audio file: D:\xampp\htdocs\projects\datacalls_css_adjusted/storage/audio/tts__2025_10_11_02_59_49__68e97acdc27e0.mp3
[2025-10-11 03:00:23] [NOTICE] Starting synthesis process...
[2025-10-11 03:00:23] [NOTICE] SSML input set.
[2025-10-11 03:00:23] [NOTICE] Voice parameters set, name: en-US-Wavenet-H, lang code: en-US
[2025-10-11 03:00:23] [NOTICE] Audio config set: MP3 encoding.
[2025-10-11 03:00:23] [NOTICE] SynthesizeSpeechRequest built.
[2025-10-11 03:00:24] [NOTICE] Speech synthesized, response received.
[2025-10-11 03:00:24] [NOTICE] Audio content returned from Google TTS.
[2025-10-11 03:00:24] [NOTICE] Write audio file: D:\xampp\htdocs\projects\datacalls_css_adjusted/storage/audio/tts__2025_10_11_03_00_23__68e97aef62e5a.mp3
[2025-10-11 03:02:02] [NOTICE] Starting synthesis process...
[2025-10-11 03:02:02] [NOTICE] SSML input set.
[2025-10-11 03:02:02] [NOTICE] Voice parameters set, name: en-US-Wavenet-H, lang code: en-US
[2025-10-11 03:02:02] [NOTICE] Audio config set: MP3 encoding.
[2025-10-11 03:02:02] [NOTICE] SynthesizeSpeechRequest built.
[2025-10-11 03:02:03] [NOTICE] Speech synthesized, response received.
[2025-10-11 03:02:03] [NOTICE] Audio content returned from Google TTS.
[2025-10-11 03:02:03] [NOTICE] Write audio file: D:\xampp\htdocs\projects\datacalls_css_adjusted/storage/audio/tts__2025_10_11_03_02_02__68e97b529c8fe.mp3
[2025-10-11 03:08:35] [NOTICE] Starting synthesis process...
[2025-10-11 03:08:35] [NOTICE] SSML input set.
[2025-10-11 03:08:35] [NOTICE] Voice parameters set, name: en-US-Wavenet-H, lang code: en-US
[2025-10-11 03:08:35] [NOTICE] Audio config set: MP3 encoding.
[2025-10-11 03:08:35] [NOTICE] SynthesizeSpeechRequest built.
[2025-10-11 03:08:36] [NOTICE] Speech synthesized, response received.
[2025-10-11 03:08:36] [NOTICE] Audio content returned from Google TTS.
[2025-10-11 03:08:36] [NOTICE] Write audio file: D:\xampp\htdocs\projects\datacalls_css_adjusted/storage/audio/tts__2025_10_11_03_08_35__68e97cdb390ec.mp3
[2025-10-11 03:13:27] [NOTICE] Starting synthesis process...
[2025-10-11 03:13:27] [NOTICE] SSML input set.
[2025-10-11 03:13:27] [NOTICE] Voice parameters set, name: en-US-Wavenet-H, lang code: en-US
[2025-10-11 03:13:27] [NOTICE] Audio config set: MP3 encoding.
[2025-10-11 03:13:27] [NOTICE] SynthesizeSpeechRequest built.
[2025-10-11 03:13:28] [NOTICE] Speech synthesized, response received.
[2025-10-11 03:13:28] [NOTICE] Audio content returned from Google TTS.
[2025-10-11 03:13:28] [NOTICE] Write audio file: D:\xampp\htdocs\projects\datacalls_css_adjusted/storage/audio/tts__2025_10_11_03_13_27__68e97dff89f14.mp3
[2025-10-11 03:14:44] [NOTICE] Starting synthesis process...
[2025-10-11 03:14:44] [NOTICE] SSML input set.
[2025-10-11 03:14:44] [NOTICE] Voice parameters set, name: en-US-Wavenet-H, lang code: en-US
[2025-10-11 03:14:44] [NOTICE] Audio config set: MP3 encoding.
[2025-10-11 03:14:44] [NOTICE] SynthesizeSpeechRequest built.
[2025-10-11 03:14:45] [NOTICE] Speech synthesized, response received.
[2025-10-11 03:14:45] [NOTICE] Audio content returned from Google TTS.
[2025-10-11 03:14:45] [NOTICE] Write audio file: D:\xampp\htdocs\projects\datacalls_css_adjusted/storage/audio/tts__2025_10_11_03_14_44__68e97e4c187ce.mp3
[2025-10-13 04:15:55] [NOTICE] Starting synthesis process...
[2025-10-13 04:15:57] [NOTICE] SSML input set.
[2025-10-13 04:15:57] [NOTICE] Voice parameters set, name: en-US-Wavenet-H, lang code: en-US
[2025-10-13 04:15:57] [NOTICE] Audio config set: MP3 encoding.
[2025-10-13 04:15:57] [NOTICE] SynthesizeSpeechRequest built.
[2025-10-13 04:16:01] [NOTICE] Speech synthesized, response received.
[2025-10-13 04:16:01] [NOTICE] Audio content returned from Google TTS.
[2025-10-13 04:16:01] [NOTICE] Write audio file: D:\xampp\htdocs\projects\datacalls_css_adjusted/storage/audio/tts__2025_10_13_04_15_55__68ec2fa3b90a0.mp3
[2025-10-13 04:20:58] [NOTICE] Starting synthesis process...
[2025-10-13 04:20:59] [NOTICE] SSML input set.
[2025-10-13 04:20:59] [NOTICE] Voice parameters set, name: en-US-Wavenet-H, lang code: en-US
[2025-10-13 04:20:59] [NOTICE] Audio config set: MP3 encoding.
[2025-10-13 04:20:59] [NOTICE] SynthesizeSpeechRequest built.
[2025-10-13 04:21:00] [NOTICE] Speech synthesized, response received.
[2025-10-13 04:21:00] [NOTICE] Audio content returned from Google TTS.
[2025-10-13 04:21:00] [NOTICE] Write audio file: D:\xampp\htdocs\projects\datacalls_css_adjusted/storage/audio/tts__2025_10_13_04_20_58__68ec30d2dcefe.mp3
[2025-10-13 04:26:59] [NOTICE] Starting synthesis process...
[2025-10-13 04:26:59] [NOTICE] SSML input set.
[2025-10-13 04:26:59] [NOTICE] Voice parameters set, name: en-US-Wavenet-H, lang code: en-US
[2025-10-13 04:26:59] [NOTICE] Audio config set: MP3 encoding.
[2025-10-13 04:26:59] [NOTICE] SynthesizeSpeechRequest built.
[2025-10-13 04:27:00] [NOTICE] Speech synthesized, response received.
[2025-10-13 04:27:00] [NOTICE] Audio content returned from Google TTS.
[2025-10-13 04:27:00] [NOTICE] Write audio file: D:\xampp\htdocs\projects\datacalls_css_adjusted/storage/audio/tts__2025_10_13_04_26_59__68ec323b26e76.mp3
[2025-10-13 04:33:16] [NOTICE] Starting synthesis process...
[2025-10-13 04:33:16] [NOTICE] SSML input set.
[2025-10-13 04:33:16] [NOTICE] Voice parameters set, name: en-US-Wavenet-H, lang code: en-US
[2025-10-13 04:33:16] [NOTICE] Audio config set: MP3 encoding.
[2025-10-13 04:33:16] [NOTICE] SynthesizeSpeechRequest built.
[2025-10-13 04:33:18] [NOTICE] Speech synthesized, response received.
[2025-10-13 04:33:18] [NOTICE] Audio content returned from Google TTS.
[2025-10-13 04:33:18] [NOTICE] Write audio file: D:\xampp\htdocs\projects\datacalls_css_adjusted/storage/audio/tts__2025_10_13_04_33_16__68ec33b47a2bf.mp3
[2025-10-13 04:33:37] [NOTICE] Starting synthesis process...
[2025-10-13 04:33:37] [NOTICE] SSML input set.
[2025-10-13 04:33:37] [NOTICE] Voice parameters set, name: en-US-Wavenet-H, lang code: en-US
[2025-10-13 04:33:37] [NOTICE] Audio config set: MP3 encoding.
[2025-10-13 04:33:37] [NOTICE] SynthesizeSpeechRequest built.
[2025-10-13 04:33:38] [NOTICE] Speech synthesized, response received.
[2025-10-13 04:33:38] [NOTICE] Audio content returned from Google TTS.
[2025-10-13 04:33:38] [NOTICE] Write audio file: D:\xampp\htdocs\projects\datacalls_css_adjusted/storage/audio/tts__2025_10_13_04_33_37__68ec33c932c25.mp3
[2025-10-13 04:34:27] [NOTICE] Starting synthesis process...
[2025-10-13 04:34:27] [NOTICE] SSML input set.
[2025-10-13 04:34:27] [NOTICE] Voice parameters set, name: en-US-Wavenet-H, lang code: en-US
[2025-10-13 04:34:27] [NOTICE] Audio config set: MP3 encoding.
[2025-10-13 04:34:27] [NOTICE] SynthesizeSpeechRequest built.
[2025-10-13 04:34:29] [NOTICE] Speech synthesized, response received.
[2025-10-13 04:34:29] [NOTICE] Audio content returned from Google TTS.
[2025-10-13 04:34:29] [NOTICE] Write audio file: D:\xampp\htdocs\projects\datacalls_css_adjusted/storage/audio/tts__2025_10_13_04_34_27__68ec33fbeec67.mp3
[2025-10-13 04:35:16] [NOTICE] Starting synthesis process...
[2025-10-13 04:35:16] [NOTICE] SSML input set.
[2025-10-13 04:35:16] [NOTICE] Voice parameters set, name: en-US-Wavenet-H, lang code: en-US
[2025-10-13 04:35:16] [NOTICE] Audio config set: MP3 encoding.
[2025-10-13 04:35:16] [NOTICE] SynthesizeSpeechRequest built.
[2025-10-13 04:35:17] [NOTICE] Speech synthesized, response received.
[2025-10-13 04:35:17] [NOTICE] Audio content returned from Google TTS.
[2025-10-13 04:35:17] [NOTICE] Write audio file: D:\xampp\htdocs\projects\datacalls_css_adjusted/storage/audio/tts__2025_10_13_04_35_16__68ec342c4c42a.mp3
[2025-10-13 11:12:00] [NOTICE] Starting synthesis process...
[2025-10-13 11:12:01] [NOTICE] SSML input set.
[2025-10-13 11:12:01] [NOTICE] Voice parameters set, name: en-US-Wavenet-H, lang code: en-US
[2025-10-13 11:12:01] [NOTICE] Audio config set: MP3 encoding.
[2025-10-13 11:12:01] [NOTICE] SynthesizeSpeechRequest built.
[2025-10-13 11:12:03] [NOTICE] Speech synthesized, response received.
[2025-10-13 11:12:03] [NOTICE] Audio content returned from Google TTS.
[2025-10-13 11:12:03] [NOTICE] Write audio file: D:\xampp\htdocs\projects\datacalls_css_adjusted/storage/audio/tts__2025_10_13_11_12_00__68ec9128af1f9.mp3
[2025-10-13 11:12:36] [NOTICE] Starting synthesis process...
[2025-10-13 11:12:36] [NOTICE] SSML input set.
[2025-10-13 11:12:36] [NOTICE] Voice parameters set, name: en-US-Wavenet-H, lang code: en-US
[2025-10-13 11:12:36] [NOTICE] Audio config set: MP3 encoding.
[2025-10-13 11:12:36] [NOTICE] SynthesizeSpeechRequest built.
[2025-10-13 11:12:38] [NOTICE] Speech synthesized, response received.
[2025-10-13 11:12:38] [NOTICE] Audio content returned from Google TTS.
[2025-10-13 11:12:38] [NOTICE] Write audio file: D:\xampp\htdocs\projects\datacalls_css_adjusted/storage/audio/tts__2025_10_13_11_12_36__68ec914c767dd.mp3
[2025-10-13 11:13:00] [NOTICE] Starting synthesis process...
[2025-10-13 11:13:00] [NOTICE] SSML input set.
[2025-10-13 11:13:00] [NOTICE] Voice parameters set, name: en-US-Wavenet-H, lang code: en-US
[2025-10-13 11:13:00] [NOTICE] Audio config set: MP3 encoding.
[2025-10-13 11:13:00] [NOTICE] SynthesizeSpeechRequest built.
[2025-10-13 11:13:02] [NOTICE] Speech synthesized, response received.
[2025-10-13 11:13:02] [NOTICE] Audio content returned from Google TTS.
[2025-10-13 11:13:02] [NOTICE] Write audio file: D:\xampp\htdocs\projects\datacalls_css_adjusted/storage/audio/tts__2025_10_13_11_13_00__68ec916433e71.mp3
[2025-10-13 11:13:32] [NOTICE] Starting synthesis process...
[2025-10-13 11:13:32] [NOTICE] SSML input set.
[2025-10-13 11:13:32] [NOTICE] Voice parameters set, name: en-US-Wavenet-H, lang code: en-US
[2025-10-13 11:13:32] [NOTICE] Audio config set: MP3 encoding.
[2025-10-13 11:13:32] [NOTICE] SynthesizeSpeechRequest built.
[2025-10-13 11:13:34] [NOTICE] Speech synthesized, response received.
[2025-10-13 11:13:34] [NOTICE] Audio content returned from Google TTS.
[2025-10-13 11:13:34] [NOTICE] Write audio file: D:\xampp\htdocs\projects\datacalls_css_adjusted/storage/audio/tts__2025_10_13_11_13_32__68ec9184c5f0e.mp3
[2025-10-13 11:14:17] [NOTICE] Starting synthesis process...
[2025-10-13 11:14:17] [NOTICE] SSML input set.
[2025-10-13 11:14:17] [NOTICE] Voice parameters set, name: en-US-Wavenet-H, lang code: en-US
[2025-10-13 11:14:17] [NOTICE] Audio config set: MP3 encoding.
[2025-10-13 11:14:17] [NOTICE] SynthesizeSpeechRequest built.
[2025-10-13 11:14:18] [NOTICE] Speech synthesized, response received.
[2025-10-13 11:14:18] [NOTICE] Audio content returned from Google TTS.
[2025-10-13 11:14:18] [NOTICE] Write audio file: D:\xampp\htdocs\projects\datacalls_css_adjusted/storage/audio/tts__2025_10_13_11_14_17__68ec91b148ed6.mp3
[2025-10-13 11:26:42] [NOTICE] Starting synthesis process...
[2025-10-13 11:26:42] [NOTICE] SSML input set.
[2025-10-13 11:26:42] [NOTICE] Voice parameters set, name: en-US-Wavenet-H, lang code: en-US
[2025-10-13 11:26:42] [NOTICE] Audio config set: MP3 encoding.
[2025-10-13 11:26:42] [NOTICE] SynthesizeSpeechRequest built.
[2025-10-13 11:26:44] [NOTICE] Speech synthesized, response received.
[2025-10-13 11:26:44] [NOTICE] Audio content returned from Google TTS.
[2025-10-13 11:26:44] [NOTICE] Write audio file: D:\xampp\htdocs\projects\datacalls_css_adjusted/storage/audio/tts__2025_10_13_11_26_42__68ec949a05ad1.mp3
[2025-10-13 11:28:09] [NOTICE] Starting synthesis process...
[2025-10-13 11:28:09] [NOTICE] SSML input set.
[2025-10-13 11:28:09] [NOTICE] Voice parameters set, name: en-US-Wavenet-H, lang code: en-US
[2025-10-13 11:28:09] [NOTICE] Audio config set: MP3 encoding.
[2025-10-13 11:28:09] [NOTICE] SynthesizeSpeechRequest built.
[2025-10-13 11:28:11] [NOTICE] Speech synthesized, response received.
[2025-10-13 11:28:11] [NOTICE] Audio content returned from Google TTS.
[2025-10-13 11:28:11] [NOTICE] Write audio file: D:\xampp\htdocs\projects\datacalls_css_adjusted/storage/audio/tts__2025_10_13_11_28_09__68ec94f1556d8.mp3
[2025-10-13 11:33:20] [NOTICE] Starting synthesis process...
[2025-10-13 11:33:20] [NOTICE] SSML input set.
[2025-10-13 11:33:20] [NOTICE] Voice parameters set, name: en-US-Wavenet-H, lang code: en-US
[2025-10-13 11:33:20] [NOTICE] Audio config set: MP3 encoding.
[2025-10-13 11:33:20] [NOTICE] SynthesizeSpeechRequest built.
[2025-10-13 11:33:22] [NOTICE] Speech synthesized, response received.
[2025-10-13 11:33:22] [NOTICE] Audio content returned from Google TTS.
[2025-10-13 11:33:22] [NOTICE] Write audio file: D:\xampp\htdocs\projects\datacalls_css_adjusted/storage/audio/tts__2025_10_13_11_33_20__68ec962805394.mp3
[2025-10-13 11:34:05] [NOTICE] Starting synthesis process...
[2025-10-13 11:34:05] [NOTICE] SSML input set.
[2025-10-13 11:34:05] [NOTICE] Voice parameters set, name: en-US-Wavenet-H, lang code: en-US
[2025-10-13 11:34:05] [NOTICE] Audio config set: MP3 encoding.
[2025-10-13 11:34:05] [NOTICE] SynthesizeSpeechRequest built.
[2025-10-13 11:34:07] [NOTICE] Speech synthesized, response received.
[2025-10-13 11:34:07] [NOTICE] Audio content returned from Google TTS.
[2025-10-13 11:34:07] [NOTICE] Write audio file: D:\xampp\htdocs\projects\datacalls_css_adjusted/storage/audio/tts__2025_10_13_11_34_05__68ec9655d19a5.mp3
[2025-10-13 11:38:12] [NOTICE] Starting synthesis process...
[2025-10-13 11:38:12] [NOTICE] SSML input set.
[2025-10-13 11:38:12] [NOTICE] Voice parameters set, name: en-US-Wavenet-H, lang code: en-US
[2025-10-13 11:38:12] [NOTICE] Audio config set: MP3 encoding.
[2025-10-13 11:38:12] [NOTICE] SynthesizeSpeechRequest built.
[2025-10-13 11:38:13] [NOTICE] Speech synthesized, response received.
[2025-10-13 11:38:13] [NOTICE] Audio content returned from Google TTS.
[2025-10-13 11:38:13] [NOTICE] Write audio file: D:\xampp\htdocs\projects\datacalls_css_adjusted/storage/audio/tts__2025_10_13_11_38_12__68ec974c3b04f.mp3
[2025-10-13 11:38:41] [NOTICE] Starting synthesis process...
[2025-10-13 11:38:41] [NOTICE] SSML input set.
[2025-10-13 11:38:41] [NOTICE] Voice parameters set, name: en-US-Wavenet-H, lang code: en-US
[2025-10-13 11:38:41] [NOTICE] Audio config set: MP3 encoding.
[2025-10-13 11:38:41] [NOTICE] SynthesizeSpeechRequest built.
[2025-10-13 11:38:43] [NOTICE] Speech synthesized, response received.
[2025-10-13 11:38:43] [NOTICE] Audio content returned from Google TTS.
[2025-10-13 11:38:43] [NOTICE] Write audio file: D:\xampp\htdocs\projects\datacalls_css_adjusted/storage/audio/tts__2025_10_13_11_38_41__68ec9769ac293.mp3
[2025-10-13 12:00:29] [NOTICE] Starting synthesis process...
[2025-10-13 12:00:29] [NOTICE] SSML input set.
[2025-10-13 12:00:29] [NOTICE] Voice parameters set, name: en-US-Wavenet-H, lang code: en-US
[2025-10-13 12:00:29] [NOTICE] Audio config set: MP3 encoding.
[2025-10-13 12:00:29] [NOTICE] SynthesizeSpeechRequest built.
[2025-10-13 12:00:32] [NOTICE] Speech synthesized, response received.
[2025-10-13 12:00:32] [NOTICE] Audio content returned from Google TTS.
[2025-10-13 12:00:32] [NOTICE] Write audio file: D:\xampp\htdocs\projects\datacalls_css_adjusted/storage/audio/tts__2025_10_13_12_00_29__68ec9c857ce6c.mp3
[2025-10-13 12:01:13] [NOTICE] Starting synthesis process...
[2025-10-13 12:01:13] [NOTICE] SSML input set.
[2025-10-13 12:01:13] [NOTICE] Voice parameters set, name: en-US-Wavenet-H, lang code: en-US
[2025-10-13 12:01:13] [NOTICE] Audio config set: MP3 encoding.
[2025-10-13 12:01:13] [NOTICE] SynthesizeSpeechRequest built.
[2025-10-13 12:01:16] [NOTICE] Speech synthesized, response received.
[2025-10-13 12:01:16] [NOTICE] Audio content returned from Google TTS.
[2025-10-13 12:01:16] [NOTICE] Write audio file: D:\xampp\htdocs\projects\datacalls_css_adjusted/storage/audio/tts__2025_10_13_12_01_13__68ec9cb1d96da.mp3
[2025-10-13 12:02:51] [NOTICE] Starting synthesis process...
[2025-10-13 12:02:51] [NOTICE] SSML input set.
[2025-10-13 12:02:51] [NOTICE] Voice parameters set, name: en-US-Wavenet-H, lang code: en-US
[2025-10-13 12:02:51] [NOTICE] Audio config set: MP3 encoding.
[2025-10-13 12:02:51] [NOTICE] SynthesizeSpeechRequest built.
[2025-10-13 12:02:52] [NOTICE] Speech synthesized, response received.
[2025-10-13 12:02:52] [NOTICE] Audio content returned from Google TTS.
[2025-10-13 12:02:52] [NOTICE] Write audio file: D:\xampp\htdocs\projects\datacalls_css_adjusted/storage/audio/tts__2025_10_13_12_02_51__68ec9d1340e92.mp3
[2025-10-13 12:12:30] [NOTICE] Starting synthesis process...
[2025-10-13 12:12:30] [NOTICE] SSML input set.
[2025-10-13 12:12:30] [NOTICE] Voice parameters set, name: en-US-Wavenet-H, lang code: en-US
[2025-10-13 12:12:30] [NOTICE] Audio config set: MP3 encoding.
[2025-10-13 12:12:30] [NOTICE] SynthesizeSpeechRequest built.
[2025-10-13 12:12:32] [NOTICE] Speech synthesized, response received.
[2025-10-13 12:12:32] [NOTICE] Audio content returned from Google TTS.
[2025-10-13 12:12:32] [NOTICE] Write audio file: D:\xampp\htdocs\projects\datacalls_css_adjusted/storage/audio/tts__2025_10_13_12_12_30__68ec9f5650e2d.mp3
[2025-10-13 12:41:20] [NOTICE] Starting synthesis process...
[2025-10-13 12:41:20] [NOTICE] SSML input set.
[2025-10-13 12:41:20] [NOTICE] Voice parameters set, name: en-US-Wavenet-H, lang code: en-US
[2025-10-13 12:41:20] [NOTICE] Audio config set: MP3 encoding.
[2025-10-13 12:41:20] [NOTICE] SynthesizeSpeechRequest built.
[2025-10-13 12:41:22] [NOTICE] Speech synthesized, response received.
[2025-10-13 12:41:22] [NOTICE] Audio content returned from Google TTS.
[2025-10-13 12:41:22] [NOTICE] Write audio file: D:\xampp\htdocs\projects\datacalls_css_adjusted/storage/audio/tts__2025_10_13_12_41_20__68eca6184817e.mp3
[2025-10-13 12:42:34] [NOTICE] Starting synthesis process...
[2025-10-13 12:42:34] [NOTICE] SSML input set.
[2025-10-13 12:42:34] [NOTICE] Voice parameters set, name: en-US-Wavenet-H, lang code: en-US
[2025-10-13 12:42:34] [NOTICE] Audio config set: MP3 encoding.
[2025-10-13 12:42:34] [NOTICE] SynthesizeSpeechRequest built.
[2025-10-13 12:42:36] [NOTICE] Speech synthesized, response received.
[2025-10-13 12:42:36] [NOTICE] Audio content returned from Google TTS.
[2025-10-13 12:42:36] [NOTICE] Write audio file: D:\xampp\htdocs\projects\datacalls_css_adjusted/storage/audio/tts__2025_10_13_12_42_34__68eca66287618.mp3
[2025-10-13 12:43:00] [NOTICE] Starting synthesis process...
[2025-10-13 12:43:00] [NOTICE] SSML input set.
[2025-10-13 12:43:00] [NOTICE] Voice parameters set, name: en-US-Wavenet-H, lang code: en-US
[2025-10-13 12:43:00] [NOTICE] Audio config set: MP3 encoding.
[2025-10-13 12:43:00] [NOTICE] SynthesizeSpeechRequest built.
[2025-10-13 12:43:02] [NOTICE] Speech synthesized, response received.
[2025-10-13 12:43:02] [NOTICE] Audio content returned from Google TTS.
[2025-10-13 12:43:02] [NOTICE] Write audio file: D:\xampp\htdocs\projects\datacalls_css_adjusted/storage/audio/tts__2025_10_13_12_43_00__68eca67c02d61.mp3
[2025-10-13 12:44:40] [NOTICE] Starting synthesis process...
[2025-10-13 12:44:40] [NOTICE] SSML input set.
[2025-10-13 12:44:40] [NOTICE] Voice parameters set, name: en-US-Wavenet-H, lang code: en-US
[2025-10-13 12:44:40] [NOTICE] Audio config set: MP3 encoding.
[2025-10-13 12:44:40] [NOTICE] SynthesizeSpeechRequest built.
[2025-10-13 12:44:41] [NOTICE] Speech synthesized, response received.
[2025-10-13 12:44:41] [NOTICE] Audio content returned from Google TTS.
[2025-10-13 12:44:41] [NOTICE] Write audio file: D:\xampp\htdocs\projects\datacalls_css_adjusted/storage/audio/tts__2025_10_13_12_44_40__68eca6e0309e1.mp3
[2025-10-13 12:45:10] [NOTICE] Starting synthesis process...
[2025-10-13 12:45:10] [NOTICE] SSML input set.
[2025-10-13 12:45:10] [NOTICE] Voice parameters set, name: en-US-Wavenet-H, lang code: en-US
[2025-10-13 12:45:10] [NOTICE] Audio config set: MP3 encoding.
[2025-10-13 12:45:10] [NOTICE] SynthesizeSpeechRequest built.
[2025-10-13 12:45:12] [NOTICE] Speech synthesized, response received.
[2025-10-13 12:45:12] [NOTICE] Audio content returned from Google TTS.
[2025-10-13 12:45:12] [NOTICE] Write audio file: D:\xampp\htdocs\projects\datacalls_css_adjusted/storage/audio/tts__2025_10_13_12_45_10__68eca6fe7303d.mp3
[2025-10-13 12:47:46] [NOTICE] Starting synthesis process...
[2025-10-13 12:47:46] [NOTICE] SSML input set.
[2025-10-13 12:47:46] [NOTICE] Voice parameters set, name: en-US-Wavenet-H, lang code: en-US
[2025-10-13 12:47:46] [NOTICE] Audio config set: MP3 encoding.
[2025-10-13 12:47:46] [NOTICE] SynthesizeSpeechRequest built.
[2025-10-13 12:47:48] [NOTICE] Speech synthesized, response received.
[2025-10-13 12:47:48] [NOTICE] Audio content returned from Google TTS.
[2025-10-13 12:47:48] [NOTICE] Write audio file: D:\xampp\htdocs\projects\datacalls_css_adjusted/storage/audio/tts__2025_10_13_12_47_46__68eca79acc640.mp3
[2025-10-13 12:49:14] [NOTICE] Starting synthesis process...
[2025-10-13 12:49:14] [NOTICE] SSML input set.
[2025-10-13 12:49:14] [NOTICE] Voice parameters set, name: en-US-Wavenet-H, lang code: en-US
[2025-10-13 12:49:14] [NOTICE] Audio config set: MP3 encoding.
[2025-10-13 12:49:14] [NOTICE] SynthesizeSpeechRequest built.
[2025-10-13 12:49:16] [NOTICE] Speech synthesized, response received.
[2025-10-13 12:49:16] [NOTICE] Audio content returned from Google TTS.
[2025-10-13 12:49:16] [NOTICE] Write audio file: D:\xampp\htdocs\projects\datacalls_css_adjusted/storage/audio/tts__2025_10_13_12_49_14__68eca7f291643.mp3
[2025-10-13 12:52:56] [NOTICE] Starting synthesis process...
[2025-10-13 12:52:56] [NOTICE] SSML input set.
[2025-10-13 12:52:56] [NOTICE] Voice parameters set, name: en-US-Wavenet-H, lang code: en-US
[2025-10-13 12:52:56] [NOTICE] Audio config set: MP3 encoding.
[2025-10-13 12:52:56] [NOTICE] SynthesizeSpeechRequest built.
[2025-10-13 12:52:57] [NOTICE] Speech synthesized, response received.
[2025-10-13 12:52:57] [NOTICE] Audio content returned from Google TTS.
[2025-10-13 12:52:57] [NOTICE] Write audio file: D:\xampp\htdocs\projects\datacalls_css_adjusted/storage/audio/tts__2025_10_13_12_52_56__68eca8d025e7a.mp3
[2025-10-13 12:53:25] [NOTICE] Starting synthesis process...
[2025-10-13 12:53:25] [NOTICE] SSML input set.
[2025-10-13 12:53:25] [NOTICE] Voice parameters set, name: en-US-Wavenet-H, lang code: en-US
[2025-10-13 12:53:25] [NOTICE] Audio config set: MP3 encoding.
[2025-10-13 12:53:25] [NOTICE] SynthesizeSpeechRequest built.
[2025-10-13 12:53:27] [NOTICE] Speech synthesized, response received.
[2025-10-13 12:53:27] [NOTICE] Audio content returned from Google TTS.
[2025-10-13 12:53:27] [NOTICE] Write audio file: D:\xampp\htdocs\projects\datacalls_css_adjusted/storage/audio/tts__2025_10_13_12_53_25__68eca8eddfa34.mp3
[2025-10-13 12:55:54] [NOTICE] Starting synthesis process...
[2025-10-13 12:55:54] [NOTICE] SSML input set.
[2025-10-13 12:55:54] [NOTICE] Voice parameters set, name: en-US-Wavenet-H, lang code: en-US
[2025-10-13 12:55:54] [NOTICE] Audio config set: MP3 encoding.
[2025-10-13 12:55:54] [NOTICE] SynthesizeSpeechRequest built.
[2025-10-13 12:55:56] [NOTICE] Speech synthesized, response received.
[2025-10-13 12:55:56] [NOTICE] Audio content returned from Google TTS.
[2025-10-13 12:55:56] [NOTICE] Write audio file: D:\xampp\htdocs\projects\datacalls_css_adjusted/storage/audio/tts__2025_10_13_12_55_54__68eca982e9d95.mp3
[2025-10-13 12:58:04] [NOTICE] Starting synthesis process...
[2025-10-13 12:58:04] [NOTICE] SSML input set.
[2025-10-13 12:58:04] [NOTICE] Voice parameters set, name: en-US-Wavenet-H, lang code: en-US
[2025-10-13 12:58:04] [NOTICE] Audio config set: MP3 encoding.
[2025-10-13 12:58:04] [NOTICE] SynthesizeSpeechRequest built.
[2025-10-13 12:58:05] [NOTICE] Speech synthesized, response received.
[2025-10-13 12:58:05] [NOTICE] Audio content returned from Google TTS.
[2025-10-13 12:58:05] [NOTICE] Write audio file: D:\xampp\htdocs\projects\datacalls_css_adjusted/storage/audio/tts__2025_10_13_12_58_04__68ecaa041e628.mp3
[2025-10-13 12:58:33] [NOTICE] Starting synthesis process...
[2025-10-13 12:58:33] [NOTICE] SSML input set.
[2025-10-13 12:58:33] [NOTICE] Voice parameters set, name: en-US-Wavenet-H, lang code: en-US
[2025-10-13 12:58:33] [NOTICE] Audio config set: MP3 encoding.
[2025-10-13 12:58:33] [NOTICE] SynthesizeSpeechRequest built.
[2025-10-13 12:58:34] [NOTICE] Speech synthesized, response received.
[2025-10-13 12:58:34] [NOTICE] Audio content returned from Google TTS.
[2025-10-13 12:58:34] [NOTICE] Write audio file: D:\xampp\htdocs\projects\datacalls_css_adjusted/storage/audio/tts__2025_10_13_12_58_33__68ecaa218b9ce.mp3
[2025-10-13 13:10:46] [NOTICE] Starting synthesis process...
[2025-10-13 13:10:46] [NOTICE] SSML input set.
[2025-10-13 13:10:46] [NOTICE] Voice parameters set, name: en-US-Wavenet-H, lang code: en-US
[2025-10-13 13:10:46] [NOTICE] Audio config set: MP3 encoding.
[2025-10-13 13:10:46] [NOTICE] SynthesizeSpeechRequest built.
[2025-10-13 13:10:48] [NOTICE] Speech synthesized, response received.
[2025-10-13 13:10:48] [NOTICE] Audio content returned from Google TTS.
[2025-10-13 13:10:48] [NOTICE] Write audio file: D:\xampp\htdocs\projects\datacalls_css_adjusted/storage/audio/tts__2025_10_13_13_10_46__68ecacfea9ed3.mp3
[2025-10-13 13:18:02] [NOTICE] Starting synthesis process...
[2025-10-13 13:18:03] [NOTICE] SSML input set.
[2025-10-13 13:18:03] [NOTICE] Voice parameters set, name: en-US-Wavenet-H, lang code: en-US
[2025-10-13 13:18:03] [NOTICE] Audio config set: MP3 encoding.
[2025-10-13 13:18:03] [NOTICE] SynthesizeSpeechRequest built.
[2025-10-13 13:18:05] [NOTICE] Speech synthesized, response received.
[2025-10-13 13:18:05] [NOTICE] Audio content returned from Google TTS.
[2025-10-13 13:18:05] [NOTICE] Write audio file: D:\xampp\htdocs\projects\datacalls_css_adjusted/storage/audio/tts__2025_10_13_13_18_02__68ecaeb2cd595.mp3
[2025-10-13 13:18:21] [NOTICE] Starting synthesis process...
[2025-10-13 13:18:21] [NOTICE] SSML input set.
[2025-10-13 13:18:21] [NOTICE] Voice parameters set, name: en-US-Wavenet-H, lang code: en-US
[2025-10-13 13:18:21] [NOTICE] Audio config set: MP3 encoding.
[2025-10-13 13:18:21] [NOTICE] SynthesizeSpeechRequest built.
[2025-10-13 13:18:22] [NOTICE] Speech synthesized, response received.
[2025-10-13 13:18:22] [NOTICE] Audio content returned from Google TTS.
[2025-10-13 13:18:22] [NOTICE] Write audio file: D:\xampp\htdocs\projects\datacalls_css_adjusted/storage/audio/tts__2025_10_13_13_18_21__68ecaec5a1eb5.mp3
[2025-10-13 13:26:31] [NOTICE] Starting synthesis process...
[2025-10-13 13:26:31] [NOTICE] SSML input set.
[2025-10-13 13:26:31] [NOTICE] Voice parameters set, name: en-US-Wavenet-H, lang code: en-US
[2025-10-13 13:26:31] [NOTICE] Audio config set: MP3 encoding.
[2025-10-13 13:26:31] [NOTICE] SynthesizeSpeechRequest built.
[2025-10-13 13:26:32] [NOTICE] Speech synthesized, response received.
[2025-10-13 13:26:32] [NOTICE] Audio content returned from Google TTS.
[2025-10-13 13:26:32] [NOTICE] Write audio file: D:\xampp\htdocs\projects\datacalls_css_adjusted/storage/audio/tts__2025_10_13_13_26_31__68ecb0af22bb2.mp3
[2025-10-14 02:30:22] [NOTICE] Starting synthesis process...
[2025-10-14 02:30:22] [NOTICE] SSML input set.
[2025-10-14 02:30:22] [NOTICE] Voice parameters set, name: en-US-Wavenet-H, lang code: en-US
[2025-10-14 02:30:23] [NOTICE] Audio config set: MP3 encoding.
[2025-10-14 02:30:23] [NOTICE] SynthesizeSpeechRequest built.
[2025-10-14 02:30:25] [NOTICE] Speech synthesized, response received.
[2025-10-14 02:30:25] [NOTICE] Audio content returned from Google TTS.
[2025-10-14 02:30:25] [NOTICE] Write audio file: D:\xampp\htdocs\projects\datacalls_css_adjusted/storage/audio/tts__2025_10_14_02_30_22__68ed686612019.mp3
