[2025-11-04 07:53:21]Starting api.php
[2025-11-04 07:53:21]Database connection successful
[2025-11-04 07:53:21]MagnusBilling initialized successfully
[2025-11-04 07:53:21]Processing action: get_contacts, User ID: 7, Session data: {"csrf_token":"365fbcdc174ca126c4cc4cea7e3ad54bf919a17de606593d8b1788f136ddee02","user_id":7,"username":"ldata"}
[2025-11-04 07:53:21]Fetched 3 contacts for user_id: 7
[2025-11-04 07:53:21]Starting api.php
[2025-11-04 07:53:21]Database connection successful
[2025-11-04 07:53:21]MagnusBilling initialized successfully
[2025-11-04 07:53:21]Processing action: get_institutions, User ID: 7, Session data: {"csrf_token":"365fbcdc174ca126c4cc4cea7e3ad54bf919a17de606593d8b1788f136ddee02","user_id":7,"username":"ldata"}
[2025-11-04 07:53:21]Fetched 1 institutions for user_id: 7
[2025-11-04 07:53:21]Starting api.php
[2025-11-04 07:53:21]Database connection successful
[2025-11-04 07:53:21]MagnusBilling initialized successfully
[2025-11-04 07:53:21]Processing action: get_merchants, User ID: 7, Session data: {"csrf_token":"365fbcdc174ca126c4cc4cea7e3ad54bf919a17de606593d8b1788f136ddee02","user_id":7,"username":"ldata"}
[2025-11-04 07:53:21]Fetched 1 merchants for user_id: 7
[2025-11-04 07:53:21]Starting api.php
[2025-11-04 07:53:21]Database connection successful
[2025-11-04 07:53:21]MagnusBilling initialized successfully
[2025-11-04 07:53:21]Processing action: get_ivr_profiles, User ID: 7, Session data: {"csrf_token":"365fbcdc174ca126c4cc4cea7e3ad54bf919a17de606593d8b1788f136ddee02","user_id":7,"username":"ldata"}
[2025-11-04 07:53:21]Fetched 0 IVR profiles for user_id: 7
[2025-11-04 07:56:43]Starting api.php
[2025-11-04 07:56:43]Database connection successful
[2025-11-04 07:56:43]MagnusBilling initialized successfully
[2025-11-04 07:56:43]Processing action: initiate_call, User ID: 7, Session data: {"csrf_token":"365fbcdc174ca126c4cc4cea7e3ad54bf919a17de606593d8b1788f136ddee02","user_id":7,"username":"ldata"}
[2025-11-04 07:57:17]Failed to upload tts audio: {"success":false,"response":"{\"success\":false,\"error\":\"Failed to set file owner\\nOutput:\\nffmpeg version 5.1.7-0+deb12u1 Copyright (c) 2000-2025 the FFmpeg developers\\n  built with gcc 12 (Debian 12.2.0-14+deb12u1)\\n  configuration: --prefix=\\\/usr --extra-version=0+deb12u1 --toolchain=hardened --libdir=\\\/usr\\\/lib\\\/x86_64-linux-gnu --incdir=\\\/usr\\\/include\\\/x86_64-linux-gnu --arch=amd64 --enable-gpl --disable-stripping --enable-gnutls --enable-ladspa --enable-libaom --enable-libass --enable-libbluray --enable-libbs2b --enable-libcaca --enable-libcdio --enable-libcodec2 --enable-libdav1d --enable-libflite --enable-libfontconfig --enable-libfreetype --enable-libfribidi --enable-libglslang --enable-libgme --enable-libgsm --enable-libjack --enable-libmp3lame --enable-libmysofa --enable-libopenjpeg --enable-libopenmpt --enable-libopus --enable-libpulse --enable-librabbitmq --enable-librist --enable-librubberband --enable-libshine --enable-libsnappy --enable-libsoxr --enable-libspeex --enable-libsrt --enable-libssh --enable-libsvtav1 --enable-libtheora --enable-libtwolame --enable-libvidstab --enable-libvorbis --enable-libvpx --enable-libwebp --enable-libx265 --enable-libxml2 --enable-libxvid --enable-libzimg --enable-libzmq --enable-libzvbi --enable-lv2 --enable-omx --enable-openal --enable-opencl --enable-opengl --enable-sdl2 --disable-sndio --enable-libjxl --enable-pocketsphinx --enable-librsvg --enable-libmfx --enable-libdc1394 --enable-libdrm --enable-libiec61883 --enable-chromaprint --enable-frei0r --enable-libx264 --enable-libplacebo --enable-librav1e --enable-shared\\n  libavutil      57. 28.100 \\\/ 57. 28.100\\n  libavcodec     59. 37.100 \\\/ 59. 37.100\\n  libavformat    59. 27.100 \\\/ 59. 27.100\\n  libavdevice    59.  7.100 \\\/ 59.  7.100\\n  libavfilter     8. 44.100 \\\/  8. 44.100\\n  libswscale      6.  7.100 \\\/  6.  7.100\\n  libswresample   4.  7.100 \\\/  4.  7.100\\n  libpostproc    56.  6.100 \\\/ 56.  6.100\\n[mp3 @ 0x563c0cff7840] Estimating duration from bitrate, this may be inaccurate\\nInput #0, mp3, from '\\\/var\\\/www\\\/html\\\/mbilling\\\/api\\\/tts\\\/storage\\\/audio\\\/xtd_ivr_custom.mp3':\\n  Duration: 00:00:24.17, start: 0.000000, bitrate: 64 kb\\\/s\\n  Stream #0:0: Audio: mp3, 24000 Hz, mono, fltp, 64 kb\\\/s\\nStream mapping:\\n  Stream #0:0 -> #0:0 (mp3 (mp3float) -> pcm_s16le (native))\\nPress [q] to stop, [?] for help\\nOutput #0, wav, to '\\\/var\\\/lib\\\/asterisk\\\/sounds\\\/en\\\/xtd_ivr_custom.wav':\\n  Metadata:\\n    ISFT            : Lavf59.27.100\\n  Stream #0:0: Audio: pcm_s16le ([1][0][0][0] \\\/ 0x0001), 8000 Hz, mono, s16, 128 kb\\\/s\\n    Metadata:\\n      encoder         : Lavc59.37.100 pcm_s16le\\nsize=       0kB time=00:00:00.02 bitrate= 156.4kbits\\\/s speed=N\\\/A    \\rsize=       1kB time=00:00:00.04 bitrate= 141.6kbits\\\/s speed=0.0357x    \\rsize=     378kB time=00:00:24.16 bitrate= 128.0kbits\\\/s speed=14.3x\\nvideo:0kB audio:378kB subtitle:0kB other streams:0kB global headers:0kB muxing overhead: 0.020171%\"}","error":"HTTP Error: 400"}
[2025-11-04 08:05:07]Starting api.php
[2025-11-04 08:05:07]Database connection successful
[2025-11-04 08:05:07]MagnusBilling initialized successfully
[2025-11-04 08:05:07]Processing action: initiate_call, User ID: 7, Session data: {"csrf_token":"365fbcdc174ca126c4cc4cea7e3ad54bf919a17de606593d8b1788f136ddee02","user_id":7,"username":"ldata"}
[2025-11-04 08:05:12]Failed to upload tts audio: {"success":false,"response":"{\"success\":false,\"error\":\"Shell script failed\\n{\\\"cmd\\\":\\\"\\\\\\\/usr\\\\\\\/local\\\\\\\/bin\\\\\\\/convert_audio.sh '\\\\\\\/var\\\\\\\/www\\\\\\\/html\\\\\\\/mbilling\\\\\\\/api\\\\\\\/tts\\\\\\\/storage\\\\\\\/audio\\\\\\\/xtd_ivr_custom.mp3' '\\\\\\\/var\\\\\\\/lib\\\\\\\/asterisk\\\\\\\/sounds\\\\\\\/en\\\\\\\/xtd_ivr_custom.wav'\\\",\\\"output\\\":[]}\"}","error":"HTTP Error: 400"}
[2025-11-04 08:09:07]Starting api.php
[2025-11-04 08:09:07]Database connection successful
[2025-11-04 08:09:07]MagnusBilling initialized successfully
[2025-11-04 08:09:07]Processing action: initiate_call, User ID: 7, Session data: {"csrf_token":"365fbcdc174ca126c4cc4cea7e3ad54bf919a17de606593d8b1788f136ddee02","user_id":7,"username":"ldata"}
[2025-11-04 08:09:12]Failed to upload tts audio: {"success":false,"response":"{\"success\":false,\"error\":\"Shell script failed\\n{\\\"cmd\\\":\\\"sudo \\\\\\\/usr\\\\\\\/local\\\\\\\/bin\\\\\\\/convert_audio.sh '\\\\\\\/var\\\\\\\/www\\\\\\\/html\\\\\\\/mbilling\\\\\\\/api\\\\\\\/tts\\\\\\\/storage\\\\\\\/audio\\\\\\\/xtd_ivr_custom.mp3' '\\\\\\\/var\\\\\\\/lib\\\\\\\/asterisk\\\\\\\/sounds\\\\\\\/en\\\\\\\/xtd_ivr_custom.wav'\\\",\\\"output\\\":[]}\"}","error":"HTTP Error: 400"}
[2025-11-04 08:12:46]Starting api.php
[2025-11-04 08:12:46]Database connection successful
[2025-11-04 08:12:46]MagnusBilling initialized successfully
[2025-11-04 08:12:46]Processing action: initiate_call, User ID: 7, Session data: {"csrf_token":"365fbcdc174ca126c4cc4cea7e3ad54bf919a17de606593d8b1788f136ddee02","user_id":7,"username":"ldata"}
[2025-11-04 08:12:51]Failed to upload tts audio: {"success":false,"response":"{\"success\":false,\"error\":\"Shell script failed\\n{\\\"cmd\\\":\\\"sudo -u asterisk \\\\\\\/usr\\\\\\\/local\\\\\\\/bin\\\\\\\/convert_audio.sh '\\\\\\\/var\\\\\\\/www\\\\\\\/html\\\\\\\/mbilling\\\\\\\/api\\\\\\\/tts\\\\\\\/storage\\\\\\\/audio\\\\\\\/xtd_ivr_custom.mp3' '\\\\\\\/var\\\\\\\/lib\\\\\\\/asterisk\\\\\\\/sounds\\\\\\\/en\\\\\\\/xtd_ivr_custom.wav'\\\",\\\"output\\\":[]}\"}","error":"HTTP Error: 400"}
[2025-11-04 08:17:48]Starting api.php
[2025-11-04 08:17:48]Database connection successful
[2025-11-04 08:17:48]MagnusBilling initialized successfully
[2025-11-04 08:17:48]Processing action: initiate_call, User ID: 7, Session data: {"csrf_token":"365fbcdc174ca126c4cc4cea7e3ad54bf919a17de606593d8b1788f136ddee02","user_id":7,"username":"ldata"}
[2025-11-04 08:17:53]Failed to upload tts audio: {"success":false,"response":"{\"success\":false,\"error\":\"Shell script failed\\n{\\\"cmd\\\":\\\"sudo -u asterisk \\\\\\\/usr\\\\\\\/local\\\\\\\/bin\\\\\\\/convert_audio.sh '\\\\\\\/var\\\\\\\/www\\\\\\\/html\\\\\\\/mbilling\\\\\\\/api\\\\\\\/tts\\\\\\\/storage\\\\\\\/audio\\\\\\\/xtd_ivr_custom.mp3' '\\\\\\\/var\\\\\\\/lib\\\\\\\/asterisk\\\\\\\/sounds\\\\\\\/en\\\\\\\/xtd_ivr_custom.wav'\\\",\\\"output\\\":[]}\"}","error":"HTTP Error: 400"}
[2025-11-04 08:20:02]Starting api.php
[2025-11-04 08:20:02]Database connection successful
[2025-11-04 08:20:02]MagnusBilling initialized successfully
[2025-11-04 08:20:02]Processing action: initiate_call, User ID: 7, Session data: {"csrf_token":"365fbcdc174ca126c4cc4cea7e3ad54bf919a17de606593d8b1788f136ddee02","user_id":7,"username":"ldata"}
[2025-11-04 08:20:10]Failed to upload tts audio: {"success":false,"response":"{\"success\":false,\"error\":\"Shell script failed\\n{\\\"cmd\\\":\\\"sudo -u asterisk \\\\\\\/usr\\\\\\\/local\\\\\\\/bin\\\\\\\/convert_audio.sh '\\\\\\\/var\\\\\\\/www\\\\\\\/html\\\\\\\/mbilling\\\\\\\/api\\\\\\\/tts\\\\\\\/storage\\\\\\\/audio\\\\\\\/xtd_ivr_custom.mp3' '\\\\\\\/var\\\\\\\/lib\\\\\\\/asterisk\\\\\\\/sounds\\\\\\\/en\\\\\\\/xtd_ivr_custom.wav'\\\",\\\"output\\\":[\\\"Sorry, user asterisk is not allowed to execute '\\\\\\\/usr\\\\\\\/local\\\\\\\/bin\\\\\\\/convert_audio.sh \\\\\\\/var\\\\\\\/www\\\\\\\/html\\\\\\\/mbilling\\\\\\\/api\\\\\\\/tts\\\\\\\/storage\\\\\\\/audio\\\\\\\/xtd_ivr_custom.mp3 \\\\\\\/var\\\\\\\/lib\\\\\\\/asterisk\\\\\\\/sounds\\\\\\\/en\\\\\\\/xtd_ivr_custom.wav' as asterisk on srv943816.hstgr.cloud.\\\"]}\"}","error":"HTTP Error: 400"}
[2025-11-04 08:20:42]Starting api.php
[2025-11-04 08:20:42]Database connection successful
[2025-11-04 08:20:42]MagnusBilling initialized successfully
[2025-11-04 08:20:42]Processing action: initiate_call, User ID: 7, Session data: {"csrf_token":"365fbcdc174ca126c4cc4cea7e3ad54bf919a17de606593d8b1788f136ddee02","user_id":7,"username":"ldata"}
[2025-11-04 08:20:47]Failed to upload tts audio: {"success":false,"response":"{\"success\":false,\"error\":\"Shell script failed\\n{\\\"cmd\\\":\\\"sudo \\\\\\\/usr\\\\\\\/local\\\\\\\/bin\\\\\\\/convert_audio.sh '\\\\\\\/var\\\\\\\/www\\\\\\\/html\\\\\\\/mbilling\\\\\\\/api\\\\\\\/tts\\\\\\\/storage\\\\\\\/audio\\\\\\\/xtd_ivr_custom.mp3' '\\\\\\\/var\\\\\\\/lib\\\\\\\/asterisk\\\\\\\/sounds\\\\\\\/en\\\\\\\/xtd_ivr_custom.wav'\\\",\\\"output\\\":[\\\"sudo: a terminal is required to read the password; either use the -S option to read from standard input or configure an askpass helper\\\",\\\"sudo: a password is required\\\"]}\"}","error":"HTTP Error: 400"}
[2025-11-04 08:22:40]Starting api.php
[2025-11-04 08:22:40]Database connection successful
[2025-11-04 08:22:40]MagnusBilling initialized successfully
[2025-11-04 08:22:40]Processing action: initiate_call, User ID: 7, Session data: {"csrf_token":"365fbcdc174ca126c4cc4cea7e3ad54bf919a17de606593d8b1788f136ddee02","user_id":7,"username":"ldata"}
[2025-11-04 08:22:45]Failed to upload tts audio: {"success":false,"response":"{\"success\":false,\"error\":\"Shell script failed\\n{\\\"cmd\\\":\\\"sudo \\\\\\\/usr\\\\\\\/local\\\\\\\/bin\\\\\\\/convert_audio.sh '\\\\\\\/var\\\\\\\/www\\\\\\\/html\\\\\\\/mbilling\\\\\\\/api\\\\\\\/tts\\\\\\\/storage\\\\\\\/audio\\\\\\\/xtd_ivr_custom.mp3' '\\\\\\\/var\\\\\\\/lib\\\\\\\/asterisk\\\\\\\/sounds\\\\\\\/en\\\\\\\/xtd_ivr_custom.wav'\\\",\\\"output\\\":[\\\"sudo: a terminal is required to read the password; either use the -S option to read from standard input or configure an askpass helper\\\",\\\"sudo: a password is required\\\"]}\"}","error":"HTTP Error: 400"}
[2025-11-04 08:24:42]Starting api.php
[2025-11-04 08:24:42]Database connection successful
[2025-11-04 08:24:42]MagnusBilling initialized successfully
[2025-11-04 08:24:42]Processing action: initiate_call, User ID: 7, Session data: {"csrf_token":"365fbcdc174ca126c4cc4cea7e3ad54bf919a17de606593d8b1788f136ddee02","user_id":7,"username":"ldata"}
[2025-11-04 08:24:47]Failed to upload tts audio: {"success":false,"response":"{\"success\":false,\"error\":\"Shell script failed\\n{\\\"cmd\\\":\\\"\\\\\\\/usr\\\\\\\/local\\\\\\\/bin\\\\\\\/convert_audio.sh '\\\\\\\/var\\\\\\\/www\\\\\\\/html\\\\\\\/mbilling\\\\\\\/api\\\\\\\/tts\\\\\\\/storage\\\\\\\/audio\\\\\\\/xtd_ivr_custom.mp3' '\\\\\\\/var\\\\\\\/lib\\\\\\\/asterisk\\\\\\\/sounds\\\\\\\/en\\\\\\\/xtd_ivr_custom.wav'\\\",\\\"output\\\":[\\\"\\\\\\\/bin\\\\\\\/bash: \\\\\\\/usr\\\\\\\/local\\\\\\\/bin\\\\\\\/convert_audio.sh: Permission denied\\\"]}\"}","error":"HTTP Error: 400"}
[2025-11-04 08:26:53]Starting api.php
[2025-11-04 08:26:53]Database connection successful
[2025-11-04 08:26:53]MagnusBilling initialized successfully
[2025-11-04 08:26:53]Processing action: initiate_call, User ID: 7, Session data: {"csrf_token":"365fbcdc174ca126c4cc4cea7e3ad54bf919a17de606593d8b1788f136ddee02","user_id":7,"username":"ldata"}
[2025-11-04 08:26:59]Failed to upload tts audio: {"success":false,"response":"{\"success\":false,\"error\":\"Database error: SQLSTATE[22001]: String data, right truncated: 1406 Data too long for column 'option_0' at row 1\"}","error":"HTTP Error: 500"}
[2025-11-04 08:40:28]Starting api.php
[2025-11-04 08:40:28]Database connection successful
[2025-11-04 08:40:28]MagnusBilling initialized successfully
[2025-11-04 08:40:28]Processing action: initiate_call, User ID: 7, Session data: {"csrf_token":"365fbcdc174ca126c4cc4cea7e3ad54bf919a17de606593d8b1788f136ddee02","user_id":7,"username":"ldata"}
[2025-11-04 08:41:05]CallManager Output: {"success":true,"response":{"success":true,"output":{"success":true,"ami_response":{"response":"Success","actionid":"orig_69096eab4a5f9","message":"Originate successfully queued"},"channel":"SIP\/2002-00000031","error":null},"channel":"SIP\/2002-00000031","cdr_uniqueid":"call_69096eaa7ed59"},"error:x:x:":null}
[2025-11-04 08:41:05]CallManager Output(2): {"success":true,"output":{"success":true,"ami_response":{"response":"Success","actionid":"orig_69096eab4a5f9","message":"Originate successfully queued"},"channel":"SIP\/2002-00000031","error":null},"channel":"SIP\/2002-00000031","cdr_uniqueid":"call_69096eaa7ed59"}
[2025-11-04 08:41:05]Initiated call: call_id=277, magnus_call_id=call_69096eaa7ed59, customer_number=2002, callback_method=softphone
[2025-11-04 08:41:07]Starting api.php
[2025-11-04 08:41:07]Database connection successful
[2025-11-04 08:41:07]MagnusBilling initialized successfully
[2025-11-04 08:41:07]Processing action: get_call_status, User ID: 7, Session data: {"csrf_token":"365fbcdc174ca126c4cc4cea7e3ad54bf919a17de606593d8b1788f136ddee02","user_id":7,"username":"ldata"}
[2025-11-04 08:41:09]Raw Call Stat: {"success":true,"response":{"success":true,"channel":"SIP\/2002-00000031","status":"ended","status_detail":"Channel no longer exists","dtmf_input":null,"dtmf_updated_at":null,"dtmf_array":[false]},"error:x:x:":null}
[2025-11-04 08:41:27]Starting api.php
[2025-11-04 08:41:27]Database connection successful
[2025-11-04 08:41:27]MagnusBilling initialized successfully
[2025-11-04 08:41:27]Processing action: end_call, User ID: 7, Session data: {"csrf_token":"365fbcdc174ca126c4cc4cea7e3ad54bf919a17de606593d8b1788f136ddee02","user_id":7,"username":"ldata"}
[2025-11-04 08:41:28]CallManager Output: {"success":true,"response":{"success":true,"output":"No such channel"},"error:x:x:":null}
[2025-11-04 08:41:28]Ended call: call_id=277, callChannel=SIP/2002-00000031, CDR Uniqueid=call_69096eaa7ed59
[2025-11-04 08:41:33]Starting api.php
[2025-11-04 08:41:33]Database connection successful
[2025-11-04 08:41:33]MagnusBilling initialized successfully
[2025-11-04 08:41:33]Processing action: initiate_call, User ID: 7, Session data: {"csrf_token":"365fbcdc174ca126c4cc4cea7e3ad54bf919a17de606593d8b1788f136ddee02","user_id":7,"username":"ldata"}
[2025-11-04 08:41:38]CallManager Output: {"success":false,"response":"","error":"Invalid JSON response."}
[2025-11-04 08:41:38]721: Failed to initiate call: Invalid JSON response.
[2025-11-04 08:43:07]Starting api.php
[2025-11-04 08:43:07]Database connection successful
[2025-11-04 08:43:07]MagnusBilling initialized successfully
[2025-11-04 08:43:07]Processing action: initiate_call, User ID: 7, Session data: {"csrf_token":"365fbcdc174ca126c4cc4cea7e3ad54bf919a17de606593d8b1788f136ddee02","user_id":7,"username":"ldata"}
[2025-11-04 08:43:14]CallManager Output: {"success":true,"response":{"success":true,"output":{"success":true,"ami_response":{"response":"Success","actionid":"orig_69096f49ab780","message":"Originate successfully queued"},"channel":"SIP\/2002-00000033","error":null},"channel":"SIP\/2002-00000033","cdr_uniqueid":"call_69096f48e0483"},"error:x:x:":null}
[2025-11-04 08:43:14]CallManager Output(2): {"success":true,"output":{"success":true,"ami_response":{"response":"Success","actionid":"orig_69096f49ab780","message":"Originate successfully queued"},"channel":"SIP\/2002-00000033","error":null},"channel":"SIP\/2002-00000033","cdr_uniqueid":"call_69096f48e0483"}
[2025-11-04 08:43:14]Initiated call: call_id=278, magnus_call_id=call_69096f48e0483, customer_number=2002, callback_method=softphone
[2025-11-04 08:43:16]Starting api.php
[2025-11-04 08:43:16]Database connection successful
[2025-11-04 08:43:16]MagnusBilling initialized successfully
[2025-11-04 08:43:16]Processing action: get_call_status, User ID: 7, Session data: {"csrf_token":"365fbcdc174ca126c4cc4cea7e3ad54bf919a17de606593d8b1788f136ddee02","user_id":7,"username":"ldata"}
[2025-11-04 08:43:17]Raw Call Stat: {"success":true,"response":{"success":true,"channel":"SIP\/2002-00000033","status":"up","status_detail":"Call is active and answered - media is flowing","dtmf_input":null,"dtmf_updated_at":null,"dtmf_array":[false]},"error:x:x:":null}
[2025-11-04 08:43:18]Starting api.php
[2025-11-04 08:43:18]Database connection successful
[2025-11-04 08:43:18]MagnusBilling initialized successfully
[2025-11-04 08:43:18]Processing action: get_call_status, User ID: 7, Session data: {"csrf_token":"365fbcdc174ca126c4cc4cea7e3ad54bf919a17de606593d8b1788f136ddee02","user_id":7,"username":"ldata"}
[2025-11-04 08:43:20]Raw Call Stat: {"success":true,"response":{"success":true,"channel":"SIP\/2002-00000033","status":"up","status_detail":"Call is active and answered - media is flowing","dtmf_input":null,"dtmf_updated_at":null,"dtmf_array":[false]},"error:x:x:":null}
[2025-11-04 08:43:20]Starting api.php
[2025-11-04 08:43:20]Database connection successful
[2025-11-04 08:43:20]MagnusBilling initialized successfully
[2025-11-04 08:43:20]Processing action: get_call_status, User ID: 7, Session data: {"csrf_token":"365fbcdc174ca126c4cc4cea7e3ad54bf919a17de606593d8b1788f136ddee02","user_id":7,"username":"ldata"}
[2025-11-04 08:43:22]Raw Call Stat: {"success":true,"response":{"success":true,"channel":"SIP\/2002-00000033","status":"up","status_detail":"Call is active and answered - media is flowing","dtmf_input":null,"dtmf_updated_at":null,"dtmf_array":[false]},"error:x:x:":null}
[2025-11-04 08:43:22]Starting api.php
[2025-11-04 08:43:22]Database connection successful
[2025-11-04 08:43:22]MagnusBilling initialized successfully
[2025-11-04 08:43:22]Processing action: get_call_status, User ID: 7, Session data: {"csrf_token":"365fbcdc174ca126c4cc4cea7e3ad54bf919a17de606593d8b1788f136ddee02","user_id":7,"username":"ldata"}
[2025-11-04 08:43:24]Raw Call Stat: {"success":true,"response":{"success":true,"channel":"SIP\/2002-00000033","status":"up","status_detail":"Call is active and answered - media is flowing","dtmf_input":null,"dtmf_updated_at":null,"dtmf_array":[false]},"error:x:x:":null}
[2025-11-04 08:43:24]Starting api.php
[2025-11-04 08:43:24]Database connection successful
[2025-11-04 08:43:24]MagnusBilling initialized successfully
[2025-11-04 08:43:24]Processing action: get_call_status, User ID: 7, Session data: {"csrf_token":"365fbcdc174ca126c4cc4cea7e3ad54bf919a17de606593d8b1788f136ddee02","user_id":7,"username":"ldata"}
[2025-11-04 08:43:26]Raw Call Stat: {"success":true,"response":{"success":true,"channel":"SIP\/2002-00000033","status":"up","status_detail":"Call is active and answered - media is flowing","dtmf_input":null,"dtmf_updated_at":null,"dtmf_array":[false]},"error:x:x:":null}
[2025-11-04 08:43:26]Starting api.php
[2025-11-04 08:43:26]Database connection successful
[2025-11-04 08:43:26]MagnusBilling initialized successfully
[2025-11-04 08:43:26]Processing action: get_call_status, User ID: 7, Session data: {"csrf_token":"365fbcdc174ca126c4cc4cea7e3ad54bf919a17de606593d8b1788f136ddee02","user_id":7,"username":"ldata"}
[2025-11-04 08:43:28]Raw Call Stat: {"success":true,"response":{"success":true,"channel":"SIP\/2002-00000033","status":"up","status_detail":"Call is active and answered - media is flowing","dtmf_input":null,"dtmf_updated_at":null,"dtmf_array":[false]},"error:x:x:":null}
[2025-11-04 08:43:28]Starting api.php
[2025-11-04 08:43:28]Database connection successful
[2025-11-04 08:43:28]MagnusBilling initialized successfully
[2025-11-04 08:43:28]Processing action: get_call_status, User ID: 7, Session data: {"csrf_token":"365fbcdc174ca126c4cc4cea7e3ad54bf919a17de606593d8b1788f136ddee02","user_id":7,"username":"ldata"}
[2025-11-04 08:43:30]Raw Call Stat: {"success":true,"response":{"success":true,"channel":"SIP\/2002-00000033","status":"up","status_detail":"Call is active and answered - media is flowing","dtmf_input":null,"dtmf_updated_at":null,"dtmf_array":[false]},"error:x:x:":null}
[2025-11-04 08:43:30]Starting api.php
[2025-11-04 08:43:30]Database connection successful
[2025-11-04 08:43:30]MagnusBilling initialized successfully
[2025-11-04 08:43:30]Processing action: get_call_status, User ID: 7, Session data: {"csrf_token":"365fbcdc174ca126c4cc4cea7e3ad54bf919a17de606593d8b1788f136ddee02","user_id":7,"username":"ldata"}
[2025-11-04 08:43:32]Raw Call Stat: {"success":true,"response":{"success":true,"channel":"SIP\/2002-00000033","status":"up","status_detail":"Call is active and answered - media is flowing","dtmf_input":null,"dtmf_updated_at":null,"dtmf_array":[false]},"error:x:x:":null}
[2025-11-04 08:43:32]Starting api.php
[2025-11-04 08:43:32]Database connection successful
[2025-11-04 08:43:32]MagnusBilling initialized successfully
[2025-11-04 08:43:32]Processing action: get_call_status, User ID: 7, Session data: {"csrf_token":"365fbcdc174ca126c4cc4cea7e3ad54bf919a17de606593d8b1788f136ddee02","user_id":7,"username":"ldata"}
[2025-11-04 08:43:33]Raw Call Stat: {"success":true,"response":{"success":true,"channel":"SIP\/2002-00000033","status":"up","status_detail":"Call is active and answered - media is flowing","dtmf_input":null,"dtmf_updated_at":null,"dtmf_array":[false]},"error:x:x:":null}
[2025-11-04 08:43:34]Starting api.php
[2025-11-04 08:43:34]Database connection successful
[2025-11-04 08:43:34]MagnusBilling initialized successfully
[2025-11-04 08:43:34]Processing action: get_call_status, User ID: 7, Session data: {"csrf_token":"365fbcdc174ca126c4cc4cea7e3ad54bf919a17de606593d8b1788f136ddee02","user_id":7,"username":"ldata"}
[2025-11-04 08:43:36]Raw Call Stat: {"success":true,"response":{"success":true,"channel":"SIP\/2002-00000033","status":"up","status_detail":"Call is active and answered - media is flowing","dtmf_input":null,"dtmf_updated_at":null,"dtmf_array":[false]},"error:x:x:":null}
[2025-11-04 08:43:36]Starting api.php
[2025-11-04 08:43:36]Database connection successful
[2025-11-04 08:43:36]MagnusBilling initialized successfully
[2025-11-04 08:43:36]Processing action: get_call_status, User ID: 7, Session data: {"csrf_token":"365fbcdc174ca126c4cc4cea7e3ad54bf919a17de606593d8b1788f136ddee02","user_id":7,"username":"ldata"}
[2025-11-04 08:43:38]Raw Call Stat: {"success":true,"response":{"success":true,"channel":"SIP\/2002-00000033","status":"up","status_detail":"Call is active and answered - media is flowing","dtmf_input":null,"dtmf_updated_at":null,"dtmf_array":[false]},"error:x:x:":null}
[2025-11-04 08:43:38]Starting api.php
[2025-11-04 08:43:38]Database connection successful
[2025-11-04 08:43:38]MagnusBilling initialized successfully
[2025-11-04 08:43:38]Processing action: get_call_status, User ID: 7, Session data: {"csrf_token":"365fbcdc174ca126c4cc4cea7e3ad54bf919a17de606593d8b1788f136ddee02","user_id":7,"username":"ldata"}
[2025-11-04 08:43:40]Raw Call Stat: {"success":true,"response":{"success":true,"channel":"SIP\/2002-00000033","status":"up","status_detail":"Call is active and answered - media is flowing","dtmf_input":null,"dtmf_updated_at":null,"dtmf_array":[false]},"error:x:x:":null}
[2025-11-04 08:43:40]Starting api.php
[2025-11-04 08:43:40]Database connection successful
[2025-11-04 08:43:40]MagnusBilling initialized successfully
[2025-11-04 08:43:40]Processing action: get_call_status, User ID: 7, Session data: {"csrf_token":"365fbcdc174ca126c4cc4cea7e3ad54bf919a17de606593d8b1788f136ddee02","user_id":7,"username":"ldata"}
[2025-11-04 08:43:42]Raw Call Stat: {"success":true,"response":{"success":true,"channel":"SIP\/2002-00000033","status":"up","status_detail":"Call is active and answered - media is flowing","dtmf_input":null,"dtmf_updated_at":null,"dtmf_array":[false]},"error:x:x:":null}
[2025-11-04 08:43:42]Starting api.php
[2025-11-04 08:43:42]Database connection successful
[2025-11-04 08:43:42]MagnusBilling initialized successfully
[2025-11-04 08:43:42]Processing action: get_call_status, User ID: 7, Session data: {"csrf_token":"365fbcdc174ca126c4cc4cea7e3ad54bf919a17de606593d8b1788f136ddee02","user_id":7,"username":"ldata"}
[2025-11-04 08:43:43]Raw Call Stat: {"success":true,"response":{"success":true,"channel":"SIP\/2002-00000033","status":"up","status_detail":"Call is active and answered - media is flowing","dtmf_input":null,"dtmf_updated_at":null,"dtmf_array":[false]},"error:x:x:":null}
[2025-11-04 08:43:44]Starting api.php
[2025-11-04 08:43:44]Database connection successful
[2025-11-04 08:43:44]MagnusBilling initialized successfully
[2025-11-04 08:43:44]Processing action: get_call_status, User ID: 7, Session data: {"csrf_token":"365fbcdc174ca126c4cc4cea7e3ad54bf919a17de606593d8b1788f136ddee02","user_id":7,"username":"ldata"}
[2025-11-04 08:43:46]Raw Call Stat: {"success":true,"response":{"success":true,"channel":"SIP\/2002-00000033","status":"up","status_detail":"Call is active and answered - media is flowing","dtmf_input":null,"dtmf_updated_at":null,"dtmf_array":[false]},"error:x:x:":null}
[2025-11-04 08:43:46]Starting api.php
[2025-11-04 08:43:46]Database connection successful
[2025-11-04 08:43:46]MagnusBilling initialized successfully
[2025-11-04 08:43:46]Processing action: get_call_status, User ID: 7, Session data: {"csrf_token":"365fbcdc174ca126c4cc4cea7e3ad54bf919a17de606593d8b1788f136ddee02","user_id":7,"username":"ldata"}
[2025-11-04 08:43:48]Raw Call Stat: {"success":true,"response":{"success":true,"channel":"SIP\/2002-00000033","status":"up","status_detail":"Call is active and answered - media is flowing","dtmf_input":null,"dtmf_updated_at":null,"dtmf_array":[false]},"error:x:x:":null}
[2025-11-04 08:43:48]Starting api.php
[2025-11-04 08:43:48]Database connection successful
[2025-11-04 08:43:48]MagnusBilling initialized successfully
[2025-11-04 08:43:48]Processing action: get_call_status, User ID: 7, Session data: {"csrf_token":"365fbcdc174ca126c4cc4cea7e3ad54bf919a17de606593d8b1788f136ddee02","user_id":7,"username":"ldata"}
[2025-11-04 08:43:50]Raw Call Stat: {"success":true,"response":{"success":true,"channel":"SIP\/2002-00000033","status":"up","status_detail":"Call is active and answered - media is flowing","dtmf_input":null,"dtmf_updated_at":null,"dtmf_array":[false]},"error:x:x:":null}
[2025-11-04 08:43:50]Starting api.php
[2025-11-04 08:43:50]Database connection successful
[2025-11-04 08:43:50]MagnusBilling initialized successfully
[2025-11-04 08:43:50]Processing action: get_call_status, User ID: 7, Session data: {"csrf_token":"365fbcdc174ca126c4cc4cea7e3ad54bf919a17de606593d8b1788f136ddee02","user_id":7,"username":"ldata"}
[2025-11-04 08:43:52]Raw Call Stat: {"success":true,"response":{"success":true,"channel":"SIP\/2002-00000033","status":"up","status_detail":"Call is active and answered - media is flowing","dtmf_input":null,"dtmf_updated_at":null,"dtmf_array":[false]},"error:x:x:":null}
[2025-11-04 08:43:52]Starting api.php
[2025-11-04 08:43:52]Database connection successful
[2025-11-04 08:43:52]MagnusBilling initialized successfully
[2025-11-04 08:43:52]Processing action: get_call_status, User ID: 7, Session data: {"csrf_token":"365fbcdc174ca126c4cc4cea7e3ad54bf919a17de606593d8b1788f136ddee02","user_id":7,"username":"ldata"}
[2025-11-04 08:43:54]Raw Call Stat: {"success":true,"response":{"success":true,"channel":"SIP\/2002-00000033","status":"up","status_detail":"Call is active and answered - media is flowing","dtmf_input":null,"dtmf_updated_at":null,"dtmf_array":[false]},"error:x:x:":null}
[2025-11-04 08:43:54]Starting api.php
[2025-11-04 08:43:54]Database connection successful
[2025-11-04 08:43:54]MagnusBilling initialized successfully
[2025-11-04 08:43:54]Processing action: get_call_status, User ID: 7, Session data: {"csrf_token":"365fbcdc174ca126c4cc4cea7e3ad54bf919a17de606593d8b1788f136ddee02","user_id":7,"username":"ldata"}
[2025-11-04 08:43:56]Raw Call Stat: {"success":true,"response":{"success":true,"channel":"SIP\/2002-00000033","status":"up","status_detail":"Call is active and answered - media is flowing","dtmf_input":null,"dtmf_updated_at":null,"dtmf_array":[false]},"error:x:x:":null}
[2025-11-04 08:43:56]Starting api.php
[2025-11-04 08:43:56]Database connection successful
[2025-11-04 08:43:56]MagnusBilling initialized successfully
[2025-11-04 08:43:56]Processing action: get_call_status, User ID: 7, Session data: {"csrf_token":"365fbcdc174ca126c4cc4cea7e3ad54bf919a17de606593d8b1788f136ddee02","user_id":7,"username":"ldata"}
[2025-11-04 08:43:58]Raw Call Stat: {"success":true,"response":{"success":true,"channel":"SIP\/2002-00000033","status":"up","status_detail":"Call is active and answered - media is flowing","dtmf_input":null,"dtmf_updated_at":null,"dtmf_array":[false]},"error:x:x:":null}
[2025-11-04 08:43:58]Starting api.php
[2025-11-04 08:43:58]Database connection successful
[2025-11-04 08:43:58]MagnusBilling initialized successfully
[2025-11-04 08:43:58]Processing action: get_call_status, User ID: 7, Session data: {"csrf_token":"365fbcdc174ca126c4cc4cea7e3ad54bf919a17de606593d8b1788f136ddee02","user_id":7,"username":"ldata"}
[2025-11-04 08:44:00]Raw Call Stat: {"success":true,"response":{"success":true,"channel":"SIP\/2002-00000033","status":"up","status_detail":"Call is active and answered - media is flowing","dtmf_input":null,"dtmf_updated_at":null,"dtmf_array":[false]},"error:x:x:":null}
[2025-11-04 08:44:00]Starting api.php
[2025-11-04 08:44:00]Database connection successful
[2025-11-04 08:44:00]MagnusBilling initialized successfully
[2025-11-04 08:44:00]Processing action: get_call_status, User ID: 7, Session data: {"csrf_token":"365fbcdc174ca126c4cc4cea7e3ad54bf919a17de606593d8b1788f136ddee02","user_id":7,"username":"ldata"}
[2025-11-04 08:44:02]Raw Call Stat: {"success":true,"response":{"success":true,"channel":"SIP\/2002-00000033","status":"up","status_detail":"Call is active and answered - media is flowing","dtmf_input":null,"dtmf_updated_at":null,"dtmf_array":[false]},"error:x:x:":null}
[2025-11-04 08:44:02]Starting api.php
[2025-11-04 08:44:02]Database connection successful
[2025-11-04 08:44:02]MagnusBilling initialized successfully
[2025-11-04 08:44:02]Processing action: get_call_status, User ID: 7, Session data: {"csrf_token":"365fbcdc174ca126c4cc4cea7e3ad54bf919a17de606593d8b1788f136ddee02","user_id":7,"username":"ldata"}
[2025-11-04 08:44:09]Raw Call Stat: {"success":false,"response":"{\"success\":false,\"error\":\"Error:x: Read timeout Line: 424 File:\\\/var\\\/www\\\/html\\\/mbilling\\\/api\\\/call\\\/vendor\\\/marcelog\\\/pami\\\/src\\\/PAMI\\\/Client\\\/Impl\\\/ClientImpl.php\"}","error":"HTTP Error: 400"}
[2025-11-04 08:44:09]Failed to get call status: HTTP Error: 400
[2025-11-04 08:44:09]Starting api.php
[2025-11-04 08:44:09]Database connection successful
[2025-11-04 08:44:09]MagnusBilling initialized successfully
[2025-11-04 08:44:09]Processing action: get_call_status, User ID: 7, Session data: {"csrf_token":"365fbcdc174ca126c4cc4cea7e3ad54bf919a17de606593d8b1788f136ddee02","user_id":7,"username":"ldata"}
[2025-11-04 08:44:11]Raw Call Stat: {"success":true,"response":{"success":true,"channel":"SIP\/2002-00000033","status":"up","status_detail":"Call is active and answered - media is flowing","dtmf_input":null,"dtmf_updated_at":null,"dtmf_array":[false]},"error:x:x:":null}
[2025-11-04 08:44:11]Starting api.php
[2025-11-04 08:44:11]Database connection successful
[2025-11-04 08:44:11]MagnusBilling initialized successfully
[2025-11-04 08:44:11]Processing action: get_call_status, User ID: 7, Session data: {"csrf_token":"365fbcdc174ca126c4cc4cea7e3ad54bf919a17de606593d8b1788f136ddee02","user_id":7,"username":"ldata"}
[2025-11-04 08:44:13]Raw Call Stat: {"success":true,"response":{"success":true,"channel":"SIP\/2002-00000033","status":"up","status_detail":"Call is active and answered - media is flowing","dtmf_input":null,"dtmf_updated_at":null,"dtmf_array":[false]},"error:x:x:":null}
[2025-11-04 08:44:13]Starting api.php
[2025-11-04 08:44:13]Database connection successful
[2025-11-04 08:44:13]MagnusBilling initialized successfully
[2025-11-04 08:44:13]Processing action: get_call_status, User ID: 7, Session data: {"csrf_token":"365fbcdc174ca126c4cc4cea7e3ad54bf919a17de606593d8b1788f136ddee02","user_id":7,"username":"ldata"}
[2025-11-04 08:44:15]Raw Call Stat: {"success":true,"response":{"success":true,"channel":"SIP\/2002-00000033","status":"up","status_detail":"Call is active and answered - media is flowing","dtmf_input":null,"dtmf_updated_at":null,"dtmf_array":[false]},"error:x:x:":null}
[2025-11-04 08:44:15]Starting api.php
[2025-11-04 08:44:15]Database connection successful
[2025-11-04 08:44:15]MagnusBilling initialized successfully
[2025-11-04 08:44:15]Processing action: get_call_status, User ID: 7, Session data: {"csrf_token":"365fbcdc174ca126c4cc4cea7e3ad54bf919a17de606593d8b1788f136ddee02","user_id":7,"username":"ldata"}
[2025-11-04 08:44:17]Raw Call Stat: {"success":true,"response":{"success":true,"channel":"SIP\/2002-00000033","status":"up","status_detail":"Call is active and answered - media is flowing","dtmf_input":null,"dtmf_updated_at":null,"dtmf_array":[false]},"error:x:x:":null}
[2025-11-04 08:44:17]Starting api.php
[2025-11-04 08:44:17]Database connection successful
[2025-11-04 08:44:17]MagnusBilling initialized successfully
[2025-11-04 08:44:17]Processing action: get_call_status, User ID: 7, Session data: {"csrf_token":"365fbcdc174ca126c4cc4cea7e3ad54bf919a17de606593d8b1788f136ddee02","user_id":7,"username":"ldata"}
[2025-11-04 08:44:19]Raw Call Stat: {"success":true,"response":{"success":true,"channel":"SIP\/2002-00000033","status":"up","status_detail":"Call is active and answered - media is flowing","dtmf_input":null,"dtmf_updated_at":null,"dtmf_array":[false]},"error:x:x:":null}
[2025-11-04 08:44:19]Starting api.php
[2025-11-04 08:44:19]Database connection successful
[2025-11-04 08:44:19]MagnusBilling initialized successfully
[2025-11-04 08:44:19]Processing action: get_call_status, User ID: 7, Session data: {"csrf_token":"365fbcdc174ca126c4cc4cea7e3ad54bf919a17de606593d8b1788f136ddee02","user_id":7,"username":"ldata"}
[2025-11-04 08:44:21]Raw Call Stat: {"success":true,"response":{"success":true,"channel":"SIP\/2002-00000033","status":"up","status_detail":"Call is active and answered - media is flowing","dtmf_input":null,"dtmf_updated_at":null,"dtmf_array":[false]},"error:x:x:":null}
[2025-11-04 08:44:21]Starting api.php
[2025-11-04 08:44:21]Database connection successful
[2025-11-04 08:44:21]MagnusBilling initialized successfully
[2025-11-04 08:44:21]Processing action: get_call_status, User ID: 7, Session data: {"csrf_token":"365fbcdc174ca126c4cc4cea7e3ad54bf919a17de606593d8b1788f136ddee02","user_id":7,"username":"ldata"}
[2025-11-04 08:44:23]Raw Call Stat: {"success":true,"response":{"success":true,"channel":"SIP\/2002-00000033","status":"up","status_detail":"Call is active and answered - media is flowing","dtmf_input":null,"dtmf_updated_at":null,"dtmf_array":[false]},"error:x:x:":null}
[2025-11-04 08:44:23]Starting api.php
[2025-11-04 08:44:23]Database connection successful
[2025-11-04 08:44:23]MagnusBilling initialized successfully
[2025-11-04 08:44:23]Processing action: get_call_status, User ID: 7, Session data: {"csrf_token":"365fbcdc174ca126c4cc4cea7e3ad54bf919a17de606593d8b1788f136ddee02","user_id":7,"username":"ldata"}
[2025-11-04 08:44:24]Raw Call Stat: {"success":true,"response":{"success":true,"channel":"SIP\/2002-00000033","status":"up","status_detail":"Call is active and answered - media is flowing","dtmf_input":null,"dtmf_updated_at":null,"dtmf_array":[false]},"error:x:x:":null}
[2025-11-04 08:44:24]Starting api.php
[2025-11-04 08:44:24]Database connection successful
[2025-11-04 08:44:24]MagnusBilling initialized successfully
[2025-11-04 08:44:24]Processing action: get_call_status, User ID: 7, Session data: {"csrf_token":"365fbcdc174ca126c4cc4cea7e3ad54bf919a17de606593d8b1788f136ddee02","user_id":7,"username":"ldata"}
[2025-11-04 08:44:25]Raw Call Stat: {"success":true,"response":{"success":true,"channel":"SIP\/2002-00000033","status":"up","status_detail":"Call is active and answered - media is flowing","dtmf_input":null,"dtmf_updated_at":null,"dtmf_array":[false]},"error:x:x:":null}
[2025-11-04 08:44:25]Starting api.php
[2025-11-04 08:44:25]Database connection successful
[2025-11-04 08:44:25]MagnusBilling initialized successfully
[2025-11-04 08:44:25]Processing action: get_call_status, User ID: 7, Session data: {"csrf_token":"365fbcdc174ca126c4cc4cea7e3ad54bf919a17de606593d8b1788f136ddee02","user_id":7,"username":"ldata"}
[2025-11-04 08:44:27]Raw Call Stat: {"success":true,"response":{"success":true,"channel":"SIP\/2002-00000033","status":"up","status_detail":"Call is active and answered - media is flowing","dtmf_input":null,"dtmf_updated_at":null,"dtmf_array":[false]},"error:x:x:":null}
[2025-11-04 08:44:27]Starting api.php
[2025-11-04 08:44:27]Database connection successful
[2025-11-04 08:44:27]MagnusBilling initialized successfully
[2025-11-04 08:44:27]Processing action: get_call_status, User ID: 7, Session data: {"csrf_token":"365fbcdc174ca126c4cc4cea7e3ad54bf919a17de606593d8b1788f136ddee02","user_id":7,"username":"ldata"}
[2025-11-04 08:44:28]Raw Call Stat: {"success":true,"response":{"success":true,"channel":"SIP\/2002-00000033","status":"up","status_detail":"Call is active and answered - media is flowing","dtmf_input":null,"dtmf_updated_at":null,"dtmf_array":[false]},"error:x:x:":null}
[2025-11-04 08:44:28]Starting api.php
[2025-11-04 08:44:28]Database connection successful
[2025-11-04 08:44:28]MagnusBilling initialized successfully
[2025-11-04 08:44:28]Processing action: get_call_status, User ID: 7, Session data: {"csrf_token":"365fbcdc174ca126c4cc4cea7e3ad54bf919a17de606593d8b1788f136ddee02","user_id":7,"username":"ldata"}
[2025-11-04 08:44:30]Raw Call Stat: {"success":true,"response":{"success":true,"channel":"SIP\/2002-00000033","status":"up","status_detail":"Call is active and answered - media is flowing","dtmf_input":null,"dtmf_updated_at":null,"dtmf_array":[false]},"error:x:x:":null}
[2025-11-04 08:44:30]Starting api.php
[2025-11-04 08:44:30]Database connection successful
[2025-11-04 08:44:30]MagnusBilling initialized successfully
[2025-11-04 08:44:30]Processing action: get_call_status, User ID: 7, Session data: {"csrf_token":"365fbcdc174ca126c4cc4cea7e3ad54bf919a17de606593d8b1788f136ddee02","user_id":7,"username":"ldata"}
[2025-11-04 08:44:31]Raw Call Stat: {"success":true,"response":{"success":true,"channel":"SIP\/2002-00000033","status":"up","status_detail":"Call is active and answered - media is flowing","dtmf_input":null,"dtmf_updated_at":null,"dtmf_array":[false]},"error:x:x:":null}
[2025-11-04 08:44:31]Starting api.php
[2025-11-04 08:44:31]Database connection successful
[2025-11-04 08:44:31]MagnusBilling initialized successfully
[2025-11-04 08:44:31]Processing action: get_call_status, User ID: 7, Session data: {"csrf_token":"365fbcdc174ca126c4cc4cea7e3ad54bf919a17de606593d8b1788f136ddee02","user_id":7,"username":"ldata"}
[2025-11-04 08:44:32]Raw Call Stat: {"success":true,"response":{"success":true,"channel":"SIP\/2002-00000033","status":"up","status_detail":"Call is active and answered - media is flowing","dtmf_input":null,"dtmf_updated_at":null,"dtmf_array":[false]},"error:x:x:":null}
[2025-11-04 08:44:32]Starting api.php
[2025-11-04 08:44:32]Database connection successful
[2025-11-04 08:44:32]MagnusBilling initialized successfully
[2025-11-04 08:44:32]Processing action: get_call_status, User ID: 7, Session data: {"csrf_token":"365fbcdc174ca126c4cc4cea7e3ad54bf919a17de606593d8b1788f136ddee02","user_id":7,"username":"ldata"}
[2025-11-04 08:44:34]Raw Call Stat: {"success":true,"response":{"success":true,"channel":"SIP\/2002-00000033","status":"up","status_detail":"Call is active and answered - media is flowing","dtmf_input":null,"dtmf_updated_at":null,"dtmf_array":[false]},"error:x:x:":null}
[2025-11-04 08:44:34]Starting api.php
[2025-11-04 08:44:34]Database connection successful
[2025-11-04 08:44:34]MagnusBilling initialized successfully
[2025-11-04 08:44:34]Processing action: get_call_status, User ID: 7, Session data: {"csrf_token":"365fbcdc174ca126c4cc4cea7e3ad54bf919a17de606593d8b1788f136ddee02","user_id":7,"username":"ldata"}
[2025-11-04 08:44:36]Raw Call Stat: {"success":true,"response":{"success":true,"channel":"SIP\/2002-00000033","status":"up","status_detail":"Call is active and answered - media is flowing","dtmf_input":null,"dtmf_updated_at":null,"dtmf_array":[false]},"error:x:x:":null}
[2025-11-04 08:44:36]Starting api.php
[2025-11-04 08:44:36]Database connection successful
[2025-11-04 08:44:36]MagnusBilling initialized successfully
[2025-11-04 08:44:36]Processing action: get_call_status, User ID: 7, Session data: {"csrf_token":"365fbcdc174ca126c4cc4cea7e3ad54bf919a17de606593d8b1788f136ddee02","user_id":7,"username":"ldata"}
[2025-11-04 08:44:38]Raw Call Stat: {"success":true,"response":{"success":true,"channel":"SIP\/2002-00000033","status":"up","status_detail":"Call is active and answered - media is flowing","dtmf_input":"2","dtmf_updated_at":"2025-11-04 03:14:37","dtmf_array":{"dtmf_input":"2","updated_at":"2025-11-04 03:14:37"}},"error:x:x:":null}
[2025-11-04 08:44:38]Starting api.php
[2025-11-04 08:44:38]Database connection successful
[2025-11-04 08:44:38]MagnusBilling initialized successfully
[2025-11-04 08:44:38]Processing action: get_call_status, User ID: 7, Session data: {"csrf_token":"365fbcdc174ca126c4cc4cea7e3ad54bf919a17de606593d8b1788f136ddee02","user_id":7,"username":"ldata"}
[2025-11-04 08:44:40]Raw Call Stat: {"success":true,"response":{"success":true,"channel":"SIP\/2002-00000033","status":"up","status_detail":"Call is active and answered - media is flowing","dtmf_input":"2","dtmf_updated_at":"2025-11-04 03:14:37","dtmf_array":{"dtmf_input":"2","updated_at":"2025-11-04 03:14:37"}},"error:x:x:":null}
[2025-11-04 08:44:40]Starting api.php
[2025-11-04 08:44:40]Database connection successful
[2025-11-04 08:44:40]MagnusBilling initialized successfully
[2025-11-04 08:44:40]Processing action: get_call_status, User ID: 7, Session data: {"csrf_token":"365fbcdc174ca126c4cc4cea7e3ad54bf919a17de606593d8b1788f136ddee02","user_id":7,"username":"ldata"}
[2025-11-04 08:44:41]Raw Call Stat: {"success":true,"response":{"success":true,"channel":"SIP\/2002-00000033","status":"up","status_detail":"Call is active and answered - media is flowing","dtmf_input":"2","dtmf_updated_at":"2025-11-04 03:14:37","dtmf_array":{"dtmf_input":"2","updated_at":"2025-11-04 03:14:37"}},"error:x:x:":null}
[2025-11-04 08:44:42]Starting api.php
[2025-11-04 08:44:42]Database connection successful
[2025-11-04 08:44:42]MagnusBilling initialized successfully
[2025-11-04 08:44:42]Processing action: get_call_status, User ID: 7, Session data: {"csrf_token":"365fbcdc174ca126c4cc4cea7e3ad54bf919a17de606593d8b1788f136ddee02","user_id":7,"username":"ldata"}
[2025-11-04 08:44:43]Raw Call Stat: {"success":true,"response":{"success":true,"channel":"SIP\/2002-00000033","status":"ended","status_detail":"Channel no longer exists","dtmf_input":"2","dtmf_updated_at":"2025-11-04 03:14:37","dtmf_array":{"dtmf_input":"2","updated_at":"2025-11-04 03:14:37"}},"error:x:x:":null}
[2025-11-04 08:48:07]Starting api.php
[2025-11-04 08:48:07]Database connection successful
[2025-11-04 08:48:07]MagnusBilling initialized successfully
[2025-11-04 08:48:07]Processing action: initiate_call, User ID: 7, Session data: {"csrf_token":"365fbcdc174ca126c4cc4cea7e3ad54bf919a17de606593d8b1788f136ddee02","user_id":7,"username":"ldata"}
[2025-11-04 08:48:16]CallManager Output: {"success":true,"response":{"success":true,"output":{"success":true,"ami_response":{"response":"Success","actionid":"orig_69097077496db","message":"Originate successfully queued"},"channel":"SIP\/2002-00000034","error":null},"channel":"SIP\/2002-00000034","cdr_uniqueid":"call_69097075c6cc0"},"error:x:x:":null}
[2025-11-04 08:48:16]CallManager Output(2): {"success":true,"output":{"success":true,"ami_response":{"response":"Success","actionid":"orig_69097077496db","message":"Originate successfully queued"},"channel":"SIP\/2002-00000034","error":null},"channel":"SIP\/2002-00000034","cdr_uniqueid":"call_69097075c6cc0"}
[2025-11-04 08:48:16]Initiated call: call_id=279, magnus_call_id=call_69097075c6cc0, customer_number=2002, callback_method=softphone
[2025-11-04 08:48:18]Starting api.php
[2025-11-04 08:48:18]Database connection successful
[2025-11-04 08:48:18]MagnusBilling initialized successfully
[2025-11-04 08:48:18]Processing action: get_call_status, User ID: 7, Session data: {"csrf_token":"365fbcdc174ca126c4cc4cea7e3ad54bf919a17de606593d8b1788f136ddee02","user_id":7,"username":"ldata"}
[2025-11-04 08:48:19]Raw Call Stat: {"success":true,"response":{"success":true,"channel":"SIP\/2002-00000034","status":"up","status_detail":"Call is active and answered - media is flowing","dtmf_input":null,"dtmf_updated_at":null,"dtmf_array":[false]},"error:x:x:":null}
[2025-11-04 08:48:20]Starting api.php
[2025-11-04 08:48:20]Database connection successful
[2025-11-04 08:48:20]MagnusBilling initialized successfully
[2025-11-04 08:48:20]Processing action: get_call_status, User ID: 7, Session data: {"csrf_token":"365fbcdc174ca126c4cc4cea7e3ad54bf919a17de606593d8b1788f136ddee02","user_id":7,"username":"ldata"}
[2025-11-04 08:48:21]Raw Call Stat: {"success":true,"response":{"success":true,"channel":"SIP\/2002-00000034","status":"up","status_detail":"Call is active and answered - media is flowing","dtmf_input":null,"dtmf_updated_at":null,"dtmf_array":[false]},"error:x:x:":null}
[2025-11-04 08:48:22]Starting api.php
[2025-11-04 08:48:22]Database connection successful
[2025-11-04 08:48:22]MagnusBilling initialized successfully
[2025-11-04 08:48:22]Processing action: get_call_status, User ID: 7, Session data: {"csrf_token":"365fbcdc174ca126c4cc4cea7e3ad54bf919a17de606593d8b1788f136ddee02","user_id":7,"username":"ldata"}
[2025-11-04 08:48:23]Raw Call Stat: {"success":true,"response":{"success":true,"channel":"SIP\/2002-00000034","status":"up","status_detail":"Call is active and answered - media is flowing","dtmf_input":null,"dtmf_updated_at":null,"dtmf_array":[false]},"error:x:x:":null}
[2025-11-04 08:48:24]Starting api.php
[2025-11-04 08:48:24]Database connection successful
[2025-11-04 08:48:24]MagnusBilling initialized successfully
[2025-11-04 08:48:24]Processing action: get_call_status, User ID: 7, Session data: {"csrf_token":"365fbcdc174ca126c4cc4cea7e3ad54bf919a17de606593d8b1788f136ddee02","user_id":7,"username":"ldata"}
[2025-11-04 08:48:25]Raw Call Stat: {"success":true,"response":{"success":true,"channel":"SIP\/2002-00000034","status":"up","status_detail":"Call is active and answered - media is flowing","dtmf_input":null,"dtmf_updated_at":null,"dtmf_array":[false]},"error:x:x:":null}
[2025-11-04 08:48:26]Starting api.php
[2025-11-04 08:48:26]Database connection successful
[2025-11-04 08:48:26]MagnusBilling initialized successfully
[2025-11-04 08:48:26]Processing action: get_call_status, User ID: 7, Session data: {"csrf_token":"365fbcdc174ca126c4cc4cea7e3ad54bf919a17de606593d8b1788f136ddee02","user_id":7,"username":"ldata"}
[2025-11-04 08:48:27]Raw Call Stat: {"success":true,"response":{"success":true,"channel":"SIP\/2002-00000034","status":"up","status_detail":"Call is active and answered - media is flowing","dtmf_input":null,"dtmf_updated_at":null,"dtmf_array":[false]},"error:x:x:":null}
[2025-11-04 08:48:28]Starting api.php
[2025-11-04 08:48:28]Database connection successful
[2025-11-04 08:48:28]MagnusBilling initialized successfully
[2025-11-04 08:48:28]Processing action: get_call_status, User ID: 7, Session data: {"csrf_token":"365fbcdc174ca126c4cc4cea7e3ad54bf919a17de606593d8b1788f136ddee02","user_id":7,"username":"ldata"}
[2025-11-04 08:48:29]Raw Call Stat: {"success":true,"response":{"success":true,"channel":"SIP\/2002-00000034","status":"up","status_detail":"Call is active and answered - media is flowing","dtmf_input":null,"dtmf_updated_at":null,"dtmf_array":[false]},"error:x:x:":null}
[2025-11-04 08:48:30]Starting api.php
[2025-11-04 08:48:30]Database connection successful
[2025-11-04 08:48:30]MagnusBilling initialized successfully
[2025-11-04 08:48:30]Processing action: get_call_status, User ID: 7, Session data: {"csrf_token":"365fbcdc174ca126c4cc4cea7e3ad54bf919a17de606593d8b1788f136ddee02","user_id":7,"username":"ldata"}
[2025-11-04 08:48:31]Raw Call Stat: {"success":true,"response":{"success":true,"channel":"SIP\/2002-00000034","status":"up","status_detail":"Call is active and answered - media is flowing","dtmf_input":null,"dtmf_updated_at":null,"dtmf_array":[false]},"error:x:x:":null}
[2025-11-04 08:48:32]Starting api.php
[2025-11-04 08:48:32]Database connection successful
[2025-11-04 08:48:32]MagnusBilling initialized successfully
[2025-11-04 08:48:32]Processing action: get_call_status, User ID: 7, Session data: {"csrf_token":"365fbcdc174ca126c4cc4cea7e3ad54bf919a17de606593d8b1788f136ddee02","user_id":7,"username":"ldata"}
[2025-11-04 08:48:33]Raw Call Stat: {"success":true,"response":{"success":true,"channel":"SIP\/2002-00000034","status":"up","status_detail":"Call is active and answered - media is flowing","dtmf_input":null,"dtmf_updated_at":null,"dtmf_array":[false]},"error:x:x:":null}
[2025-11-04 08:48:34]Starting api.php
[2025-11-04 08:48:34]Database connection successful
[2025-11-04 08:48:34]MagnusBilling initialized successfully
[2025-11-04 08:48:34]Processing action: get_call_status, User ID: 7, Session data: {"csrf_token":"365fbcdc174ca126c4cc4cea7e3ad54bf919a17de606593d8b1788f136ddee02","user_id":7,"username":"ldata"}
[2025-11-04 08:48:35]Raw Call Stat: {"success":true,"response":{"success":true,"channel":"SIP\/2002-00000034","status":"up","status_detail":"Call is active and answered - media is flowing","dtmf_input":null,"dtmf_updated_at":null,"dtmf_array":[false]},"error:x:x:":null}
[2025-11-04 08:48:36]Starting api.php
[2025-11-04 08:48:36]Database connection successful
[2025-11-04 08:48:36]MagnusBilling initialized successfully
[2025-11-04 08:48:36]Processing action: get_call_status, User ID: 7, Session data: {"csrf_token":"365fbcdc174ca126c4cc4cea7e3ad54bf919a17de606593d8b1788f136ddee02","user_id":7,"username":"ldata"}
[2025-11-04 08:48:37]Raw Call Stat: {"success":true,"response":{"success":true,"channel":"SIP\/2002-00000034","status":"up","status_detail":"Call is active and answered - media is flowing","dtmf_input":null,"dtmf_updated_at":null,"dtmf_array":[false]},"error:x:x:":null}
[2025-11-04 08:48:38]Starting api.php
[2025-11-04 08:48:38]Database connection successful
[2025-11-04 08:48:38]MagnusBilling initialized successfully
[2025-11-04 08:48:38]Processing action: get_call_status, User ID: 7, Session data: {"csrf_token":"365fbcdc174ca126c4cc4cea7e3ad54bf919a17de606593d8b1788f136ddee02","user_id":7,"username":"ldata"}
[2025-11-04 08:48:39]Raw Call Stat: {"success":true,"response":{"success":true,"channel":"SIP\/2002-00000034","status":"up","status_detail":"Call is active and answered - media is flowing","dtmf_input":null,"dtmf_updated_at":null,"dtmf_array":[false]},"error:x:x:":null}
[2025-11-04 08:48:40]Starting api.php
[2025-11-04 08:48:40]Database connection successful
[2025-11-04 08:48:40]MagnusBilling initialized successfully
[2025-11-04 08:48:40]Processing action: get_call_status, User ID: 7, Session data: {"csrf_token":"365fbcdc174ca126c4cc4cea7e3ad54bf919a17de606593d8b1788f136ddee02","user_id":7,"username":"ldata"}
[2025-11-04 08:48:41]Raw Call Stat: {"success":true,"response":{"success":true,"channel":"SIP\/2002-00000034","status":"up","status_detail":"Call is active and answered - media is flowing","dtmf_input":null,"dtmf_updated_at":null,"dtmf_array":[false]},"error:x:x:":null}
[2025-11-04 08:48:42]Starting api.php
[2025-11-04 08:48:42]Database connection successful
[2025-11-04 08:48:42]MagnusBilling initialized successfully
[2025-11-04 08:48:42]Processing action: get_call_status, User ID: 7, Session data: {"csrf_token":"365fbcdc174ca126c4cc4cea7e3ad54bf919a17de606593d8b1788f136ddee02","user_id":7,"username":"ldata"}
[2025-11-04 08:48:43]Raw Call Stat: {"success":true,"response":{"success":true,"channel":"SIP\/2002-00000034","status":"up","status_detail":"Call is active and answered - media is flowing","dtmf_input":null,"dtmf_updated_at":null,"dtmf_array":[false]},"error:x:x:":null}
[2025-11-04 08:48:44]Starting api.php
[2025-11-04 08:48:44]Database connection successful
[2025-11-04 08:48:44]MagnusBilling initialized successfully
[2025-11-04 08:48:44]Processing action: get_call_status, User ID: 7, Session data: {"csrf_token":"365fbcdc174ca126c4cc4cea7e3ad54bf919a17de606593d8b1788f136ddee02","user_id":7,"username":"ldata"}
[2025-11-04 08:48:45]Raw Call Stat: {"success":true,"response":{"success":true,"channel":"SIP\/2002-00000034","status":"up","status_detail":"Call is active and answered - media is flowing","dtmf_input":null,"dtmf_updated_at":null,"dtmf_array":[false]},"error:x:x:":null}
[2025-11-04 08:48:46]Starting api.php
[2025-11-04 08:48:46]Database connection successful
[2025-11-04 08:48:46]MagnusBilling initialized successfully
[2025-11-04 08:48:46]Processing action: get_call_status, User ID: 7, Session data: {"csrf_token":"365fbcdc174ca126c4cc4cea7e3ad54bf919a17de606593d8b1788f136ddee02","user_id":7,"username":"ldata"}
[2025-11-04 08:48:47]Raw Call Stat: {"success":true,"response":{"success":true,"channel":"SIP\/2002-00000034","status":"up","status_detail":"Call is active and answered - media is flowing","dtmf_input":null,"dtmf_updated_at":null,"dtmf_array":[false]},"error:x:x:":null}
[2025-11-04 08:48:48]Starting api.php
[2025-11-04 08:48:48]Database connection successful
[2025-11-04 08:48:48]MagnusBilling initialized successfully
[2025-11-04 08:48:48]Processing action: get_call_status, User ID: 7, Session data: {"csrf_token":"365fbcdc174ca126c4cc4cea7e3ad54bf919a17de606593d8b1788f136ddee02","user_id":7,"username":"ldata"}
[2025-11-04 08:48:49]Raw Call Stat: {"success":true,"response":{"success":true,"channel":"SIP\/2002-00000034","status":"up","status_detail":"Call is active and answered - media is flowing","dtmf_input":null,"dtmf_updated_at":null,"dtmf_array":[false]},"error:x:x:":null}
[2025-11-04 08:48:50]Starting api.php
[2025-11-04 08:48:50]Database connection successful
[2025-11-04 08:48:50]MagnusBilling initialized successfully
[2025-11-04 08:48:50]Processing action: get_call_status, User ID: 7, Session data: {"csrf_token":"365fbcdc174ca126c4cc4cea7e3ad54bf919a17de606593d8b1788f136ddee02","user_id":7,"username":"ldata"}
[2025-11-04 08:48:51]Raw Call Stat: {"success":true,"response":{"success":true,"channel":"SIP\/2002-00000034","status":"up","status_detail":"Call is active and answered - media is flowing","dtmf_input":null,"dtmf_updated_at":null,"dtmf_array":[false]},"error:x:x:":null}
[2025-11-04 08:48:52]Starting api.php
[2025-11-04 08:48:52]Database connection successful
[2025-11-04 08:48:52]MagnusBilling initialized successfully
[2025-11-04 08:48:52]Processing action: get_call_status, User ID: 7, Session data: {"csrf_token":"365fbcdc174ca126c4cc4cea7e3ad54bf919a17de606593d8b1788f136ddee02","user_id":7,"username":"ldata"}
[2025-11-04 08:48:53]Raw Call Stat: {"success":true,"response":{"success":true,"channel":"SIP\/2002-00000034","status":"up","status_detail":"Call is active and answered - media is flowing","dtmf_input":null,"dtmf_updated_at":null,"dtmf_array":[false]},"error:x:x:":null}
[2025-11-04 08:48:54]Starting api.php
[2025-11-04 08:48:54]Database connection successful
[2025-11-04 08:48:54]MagnusBilling initialized successfully
[2025-11-04 08:48:54]Processing action: get_call_status, User ID: 7, Session data: {"csrf_token":"365fbcdc174ca126c4cc4cea7e3ad54bf919a17de606593d8b1788f136ddee02","user_id":7,"username":"ldata"}
[2025-11-04 08:48:55]Raw Call Stat: {"success":true,"response":{"success":true,"channel":"SIP\/2002-00000034","status":"up","status_detail":"Call is active and answered - media is flowing","dtmf_input":null,"dtmf_updated_at":null,"dtmf_array":[false]},"error:x:x:":null}
[2025-11-04 08:48:56]Starting api.php
[2025-11-04 08:48:56]Database connection successful
[2025-11-04 08:48:56]MagnusBilling initialized successfully
[2025-11-04 08:48:56]Processing action: get_call_status, User ID: 7, Session data: {"csrf_token":"365fbcdc174ca126c4cc4cea7e3ad54bf919a17de606593d8b1788f136ddee02","user_id":7,"username":"ldata"}
[2025-11-04 08:48:57]Raw Call Stat: {"success":true,"response":{"success":true,"channel":"SIP\/2002-00000034","status":"up","status_detail":"Call is active and answered - media is flowing","dtmf_input":null,"dtmf_updated_at":null,"dtmf_array":[false]},"error:x:x:":null}
[2025-11-04 08:48:58]Starting api.php
[2025-11-04 08:48:58]Database connection successful
[2025-11-04 08:48:58]MagnusBilling initialized successfully
[2025-11-04 08:48:58]Processing action: get_call_status, User ID: 7, Session data: {"csrf_token":"365fbcdc174ca126c4cc4cea7e3ad54bf919a17de606593d8b1788f136ddee02","user_id":7,"username":"ldata"}
[2025-11-04 08:48:59]Raw Call Stat: {"success":true,"response":{"success":true,"channel":"SIP\/2002-00000034","status":"up","status_detail":"Call is active and answered - media is flowing","dtmf_input":null,"dtmf_updated_at":null,"dtmf_array":[false]},"error:x:x:":null}
[2025-11-04 08:49:00]Starting api.php
[2025-11-04 08:49:00]Database connection successful
[2025-11-04 08:49:00]MagnusBilling initialized successfully
[2025-11-04 08:49:00]Processing action: get_call_status, User ID: 7, Session data: {"csrf_token":"365fbcdc174ca126c4cc4cea7e3ad54bf919a17de606593d8b1788f136ddee02","user_id":7,"username":"ldata"}
[2025-11-04 08:49:01]Raw Call Stat: {"success":true,"response":{"success":true,"channel":"SIP\/2002-00000034","status":"up","status_detail":"Call is active and answered - media is flowing","dtmf_input":null,"dtmf_updated_at":null,"dtmf_array":[false]},"error:x:x:":null}
[2025-11-04 08:49:02]Starting api.php
[2025-11-04 08:49:02]Database connection successful
[2025-11-04 08:49:02]MagnusBilling initialized successfully
[2025-11-04 08:49:02]Processing action: get_call_status, User ID: 7, Session data: {"csrf_token":"365fbcdc174ca126c4cc4cea7e3ad54bf919a17de606593d8b1788f136ddee02","user_id":7,"username":"ldata"}
[2025-11-04 08:49:05]Raw Call Stat: {"success":true,"response":{"success":true,"channel":"SIP\/2002-00000034","status":"up","status_detail":"Call is active and answered - media is flowing","dtmf_input":null,"dtmf_updated_at":null,"dtmf_array":[false]},"error:x:x:":null}
[2025-11-04 08:49:05]Starting api.php
[2025-11-04 08:49:05]Database connection successful
[2025-11-04 08:49:05]MagnusBilling initialized successfully
[2025-11-04 08:49:05]Processing action: get_call_status, User ID: 7, Session data: {"csrf_token":"365fbcdc174ca126c4cc4cea7e3ad54bf919a17de606593d8b1788f136ddee02","user_id":7,"username":"ldata"}
[2025-11-04 08:49:06]Raw Call Stat: {"success":true,"response":{"success":true,"channel":"SIP\/2002-00000034","status":"up","status_detail":"Call is active and answered - media is flowing","dtmf_input":null,"dtmf_updated_at":null,"dtmf_array":[false]},"error:x:x:":null}
[2025-11-04 08:49:06]Starting api.php
[2025-11-04 08:49:06]Database connection successful
[2025-11-04 08:49:06]MagnusBilling initialized successfully
[2025-11-04 08:49:06]Processing action: get_call_status, User ID: 7, Session data: {"csrf_token":"365fbcdc174ca126c4cc4cea7e3ad54bf919a17de606593d8b1788f136ddee02","user_id":7,"username":"ldata"}
[2025-11-04 08:49:08]Raw Call Stat: {"success":true,"response":{"success":true,"channel":"SIP\/2002-00000034","status":"up","status_detail":"Call is active and answered - media is flowing","dtmf_input":null,"dtmf_updated_at":null,"dtmf_array":[false]},"error:x:x:":null}
[2025-11-04 08:49:08]Starting api.php
[2025-11-04 08:49:08]Database connection successful
[2025-11-04 08:49:08]MagnusBilling initialized successfully
[2025-11-04 08:49:08]Processing action: get_call_status, User ID: 7, Session data: {"csrf_token":"365fbcdc174ca126c4cc4cea7e3ad54bf919a17de606593d8b1788f136ddee02","user_id":7,"username":"ldata"}
[2025-11-04 08:49:09]Raw Call Stat: {"success":true,"response":{"success":true,"channel":"SIP\/2002-00000034","status":"up","status_detail":"Call is active and answered - media is flowing","dtmf_input":null,"dtmf_updated_at":null,"dtmf_array":[false]},"error:x:x:":null}
[2025-11-04 08:49:10]Starting api.php
[2025-11-04 08:49:10]Database connection successful
[2025-11-04 08:49:10]MagnusBilling initialized successfully
[2025-11-04 08:49:10]Processing action: get_call_status, User ID: 7, Session data: {"csrf_token":"365fbcdc174ca126c4cc4cea7e3ad54bf919a17de606593d8b1788f136ddee02","user_id":7,"username":"ldata"}
[2025-11-04 08:49:11]Raw Call Stat: {"success":true,"response":{"success":true,"channel":"SIP\/2002-00000034","status":"up","status_detail":"Call is active and answered - media is flowing","dtmf_input":null,"dtmf_updated_at":null,"dtmf_array":[false]},"error:x:x:":null}
[2025-11-04 08:49:12]Starting api.php
[2025-11-04 08:49:12]Database connection successful
[2025-11-04 08:49:12]MagnusBilling initialized successfully
[2025-11-04 08:49:12]Processing action: get_call_status, User ID: 7, Session data: {"csrf_token":"365fbcdc174ca126c4cc4cea7e3ad54bf919a17de606593d8b1788f136ddee02","user_id":7,"username":"ldata"}
[2025-11-04 08:49:14]Raw Call Stat: {"success":true,"response":{"success":true,"channel":"SIP\/2002-00000034","status":"up","status_detail":"Call is active and answered - media is flowing","dtmf_input":null,"dtmf_updated_at":null,"dtmf_array":[false]},"error:x:x:":null}
[2025-11-04 08:49:14]Starting api.php
[2025-11-04 08:49:14]Database connection successful
[2025-11-04 08:49:14]MagnusBilling initialized successfully
[2025-11-04 08:49:14]Processing action: get_call_status, User ID: 7, Session data: {"csrf_token":"365fbcdc174ca126c4cc4cea7e3ad54bf919a17de606593d8b1788f136ddee02","user_id":7,"username":"ldata"}
[2025-11-04 08:49:16]Raw Call Stat: {"success":true,"response":{"success":true,"channel":"SIP\/2002-00000034","status":"up","status_detail":"Call is active and answered - media is flowing","dtmf_input":null,"dtmf_updated_at":null,"dtmf_array":[false]},"error:x:x:":null}
[2025-11-04 08:49:16]Starting api.php
[2025-11-04 08:49:16]Database connection successful
[2025-11-04 08:49:16]MagnusBilling initialized successfully
[2025-11-04 08:49:16]Processing action: get_call_status, User ID: 7, Session data: {"csrf_token":"365fbcdc174ca126c4cc4cea7e3ad54bf919a17de606593d8b1788f136ddee02","user_id":7,"username":"ldata"}
[2025-11-04 08:49:18]Raw Call Stat: {"success":true,"response":{"success":true,"channel":"SIP\/2002-00000034","status":"up","status_detail":"Call is active and answered - media is flowing","dtmf_input":null,"dtmf_updated_at":null,"dtmf_array":[false]},"error:x:x:":null}
[2025-11-04 08:49:18]Starting api.php
[2025-11-04 08:49:18]Database connection successful
[2025-11-04 08:49:18]MagnusBilling initialized successfully
[2025-11-04 08:49:18]Processing action: get_call_status, User ID: 7, Session data: {"csrf_token":"365fbcdc174ca126c4cc4cea7e3ad54bf919a17de606593d8b1788f136ddee02","user_id":7,"username":"ldata"}
[2025-11-04 08:49:20]Raw Call Stat: {"success":true,"response":{"success":true,"channel":"SIP\/2002-00000034","status":"up","status_detail":"Call is active and answered - media is flowing","dtmf_input":null,"dtmf_updated_at":null,"dtmf_array":[false]},"error:x:x:":null}
[2025-11-04 08:49:20]Starting api.php
[2025-11-04 08:49:20]Database connection successful
[2025-11-04 08:49:20]MagnusBilling initialized successfully
[2025-11-04 08:49:20]Processing action: get_call_status, User ID: 7, Session data: {"csrf_token":"365fbcdc174ca126c4cc4cea7e3ad54bf919a17de606593d8b1788f136ddee02","user_id":7,"username":"ldata"}
[2025-11-04 08:49:22]Raw Call Stat: {"success":true,"response":{"success":true,"channel":"SIP\/2002-00000034","status":"up","status_detail":"Call is active and answered - media is flowing","dtmf_input":null,"dtmf_updated_at":null,"dtmf_array":[false]},"error:x:x:":null}
[2025-11-04 08:49:22]Starting api.php
[2025-11-04 08:49:22]Database connection successful
[2025-11-04 08:49:22]MagnusBilling initialized successfully
[2025-11-04 08:49:22]Processing action: get_call_status, User ID: 7, Session data: {"csrf_token":"365fbcdc174ca126c4cc4cea7e3ad54bf919a17de606593d8b1788f136ddee02","user_id":7,"username":"ldata"}
[2025-11-04 08:49:24]Raw Call Stat: {"success":true,"response":{"success":true,"channel":"SIP\/2002-00000034","status":"up","status_detail":"Call is active and answered - media is flowing","dtmf_input":null,"dtmf_updated_at":null,"dtmf_array":[false]},"error:x:x:":null}
[2025-11-04 08:49:24]Starting api.php
[2025-11-04 08:49:24]Database connection successful
[2025-11-04 08:49:24]MagnusBilling initialized successfully
[2025-11-04 08:49:24]Processing action: get_call_status, User ID: 7, Session data: {"csrf_token":"365fbcdc174ca126c4cc4cea7e3ad54bf919a17de606593d8b1788f136ddee02","user_id":7,"username":"ldata"}
[2025-11-04 08:49:26]Raw Call Stat: {"success":true,"response":{"success":true,"channel":"SIP\/2002-00000034","status":"up","status_detail":"Call is active and answered - media is flowing","dtmf_input":null,"dtmf_updated_at":null,"dtmf_array":[false]},"error:x:x:":null}
[2025-11-04 08:49:26]Starting api.php
[2025-11-04 08:49:26]Database connection successful
[2025-11-04 08:49:26]MagnusBilling initialized successfully
[2025-11-04 08:49:26]Processing action: get_call_status, User ID: 7, Session data: {"csrf_token":"365fbcdc174ca126c4cc4cea7e3ad54bf919a17de606593d8b1788f136ddee02","user_id":7,"username":"ldata"}
[2025-11-04 08:49:28]Raw Call Stat: {"success":true,"response":{"success":true,"channel":"SIP\/2002-00000034","status":"up","status_detail":"Call is active and answered - media is flowing","dtmf_input":null,"dtmf_updated_at":null,"dtmf_array":[false]},"error:x:x:":null}
[2025-11-04 08:49:28]Starting api.php
[2025-11-04 08:49:28]Database connection successful
[2025-11-04 08:49:28]MagnusBilling initialized successfully
[2025-11-04 08:49:28]Processing action: get_call_status, User ID: 7, Session data: {"csrf_token":"365fbcdc174ca126c4cc4cea7e3ad54bf919a17de606593d8b1788f136ddee02","user_id":7,"username":"ldata"}
[2025-11-04 08:49:30]Raw Call Stat: {"success":true,"response":{"success":true,"channel":"SIP\/2002-00000034","status":"up","status_detail":"Call is active and answered - media is flowing","dtmf_input":null,"dtmf_updated_at":null,"dtmf_array":[false]},"error:x:x:":null}
[2025-11-04 08:49:30]Starting api.php
[2025-11-04 08:49:30]Database connection successful
[2025-11-04 08:49:30]MagnusBilling initialized successfully
[2025-11-04 08:49:30]Processing action: get_call_status, User ID: 7, Session data: {"csrf_token":"365fbcdc174ca126c4cc4cea7e3ad54bf919a17de606593d8b1788f136ddee02","user_id":7,"username":"ldata"}
[2025-11-04 08:49:32]Raw Call Stat: {"success":true,"response":{"success":true,"channel":"SIP\/2002-00000034","status":"up","status_detail":"Call is active and answered - media is flowing","dtmf_input":null,"dtmf_updated_at":null,"dtmf_array":[false]},"error:x:x:":null}
[2025-11-04 08:49:32]Starting api.php
[2025-11-04 08:49:32]Database connection successful
[2025-11-04 08:49:32]MagnusBilling initialized successfully
[2025-11-04 08:49:32]Processing action: get_call_status, User ID: 7, Session data: {"csrf_token":"365fbcdc174ca126c4cc4cea7e3ad54bf919a17de606593d8b1788f136ddee02","user_id":7,"username":"ldata"}
[2025-11-04 08:49:34]Raw Call Stat: {"success":true,"response":{"success":true,"channel":"SIP\/2002-00000034","status":"up","status_detail":"Call is active and answered - media is flowing","dtmf_input":null,"dtmf_updated_at":null,"dtmf_array":[false]},"error:x:x:":null}
[2025-11-04 08:49:34]Starting api.php
[2025-11-04 08:49:34]Database connection successful
[2025-11-04 08:49:34]MagnusBilling initialized successfully
[2025-11-04 08:49:34]Processing action: get_call_status, User ID: 7, Session data: {"csrf_token":"365fbcdc174ca126c4cc4cea7e3ad54bf919a17de606593d8b1788f136ddee02","user_id":7,"username":"ldata"}
[2025-11-04 08:49:36]Raw Call Stat: {"success":true,"response":{"success":true,"channel":"SIP\/2002-00000034","status":"up","status_detail":"Call is active and answered - media is flowing","dtmf_input":null,"dtmf_updated_at":null,"dtmf_array":[false]},"error:x:x:":null}
[2025-11-04 08:49:36]Starting api.php
[2025-11-04 08:49:36]Database connection successful
[2025-11-04 08:49:36]MagnusBilling initialized successfully
[2025-11-04 08:49:36]Processing action: get_call_status, User ID: 7, Session data: {"csrf_token":"365fbcdc174ca126c4cc4cea7e3ad54bf919a17de606593d8b1788f136ddee02","user_id":7,"username":"ldata"}
[2025-11-04 08:49:38]Raw Call Stat: {"success":true,"response":{"success":true,"channel":"SIP\/2002-00000034","status":"up","status_detail":"Call is active and answered - media is flowing","dtmf_input":null,"dtmf_updated_at":null,"dtmf_array":[false]},"error:x:x:":null}
[2025-11-04 08:49:38]Starting api.php
[2025-11-04 08:49:38]Database connection successful
[2025-11-04 08:49:38]MagnusBilling initialized successfully
[2025-11-04 08:49:38]Processing action: get_call_status, User ID: 7, Session data: {"csrf_token":"365fbcdc174ca126c4cc4cea7e3ad54bf919a17de606593d8b1788f136ddee02","user_id":7,"username":"ldata"}
[2025-11-04 08:49:40]Raw Call Stat: {"success":true,"response":{"success":true,"channel":"SIP\/2002-00000034","status":"up","status_detail":"Call is active and answered - media is flowing","dtmf_input":null,"dtmf_updated_at":null,"dtmf_array":[false]},"error:x:x:":null}
[2025-11-04 08:49:40]Starting api.php
[2025-11-04 08:49:40]Database connection successful
[2025-11-04 08:49:40]MagnusBilling initialized successfully
[2025-11-04 08:49:40]Processing action: get_call_status, User ID: 7, Session data: {"csrf_token":"365fbcdc174ca126c4cc4cea7e3ad54bf919a17de606593d8b1788f136ddee02","user_id":7,"username":"ldata"}
[2025-11-04 08:49:42]Raw Call Stat: {"success":true,"response":{"success":true,"channel":"SIP\/2002-00000034","status":"up","status_detail":"Call is active and answered - media is flowing","dtmf_input":null,"dtmf_updated_at":null,"dtmf_array":[false]},"error:x:x:":null}
[2025-11-04 08:49:42]Starting api.php
[2025-11-04 08:49:42]Database connection successful
[2025-11-04 08:49:42]MagnusBilling initialized successfully
[2025-11-04 08:49:42]Processing action: get_call_status, User ID: 7, Session data: {"csrf_token":"365fbcdc174ca126c4cc4cea7e3ad54bf919a17de606593d8b1788f136ddee02","user_id":7,"username":"ldata"}
[2025-11-04 08:49:44]Raw Call Stat: {"success":true,"response":{"success":true,"channel":"SIP\/2002-00000034","status":"up","status_detail":"Call is active and answered - media is flowing","dtmf_input":null,"dtmf_updated_at":null,"dtmf_array":[false]},"error:x:x:":null}
[2025-11-04 08:49:44]Starting api.php
[2025-11-04 08:49:44]Database connection successful
[2025-11-04 08:49:44]MagnusBilling initialized successfully
[2025-11-04 08:49:44]Processing action: get_call_status, User ID: 7, Session data: {"csrf_token":"365fbcdc174ca126c4cc4cea7e3ad54bf919a17de606593d8b1788f136ddee02","user_id":7,"username":"ldata"}
[2025-11-04 08:49:46]Raw Call Stat: {"success":true,"response":{"success":true,"channel":"SIP\/2002-00000034","status":"up","status_detail":"Call is active and answered - media is flowing","dtmf_input":null,"dtmf_updated_at":null,"dtmf_array":[false]},"error:x:x:":null}
[2025-11-04 08:49:46]Starting api.php
[2025-11-04 08:49:46]Database connection successful
[2025-11-04 08:49:46]MagnusBilling initialized successfully
[2025-11-04 08:49:46]Processing action: get_call_status, User ID: 7, Session data: {"csrf_token":"365fbcdc174ca126c4cc4cea7e3ad54bf919a17de606593d8b1788f136ddee02","user_id":7,"username":"ldata"}
[2025-11-04 08:49:48]Raw Call Stat: {"success":true,"response":{"success":true,"channel":"SIP\/2002-00000034","status":"up","status_detail":"Call is active and answered - media is flowing","dtmf_input":null,"dtmf_updated_at":null,"dtmf_array":[false]},"error:x:x:":null}
[2025-11-04 08:49:48]Starting api.php
[2025-11-04 08:49:48]Database connection successful
[2025-11-04 08:49:48]MagnusBilling initialized successfully
[2025-11-04 08:49:48]Processing action: get_call_status, User ID: 7, Session data: {"csrf_token":"365fbcdc174ca126c4cc4cea7e3ad54bf919a17de606593d8b1788f136ddee02","user_id":7,"username":"ldata"}
[2025-11-04 08:49:50]Raw Call Stat: {"success":false,"response":"{\"success\":false,\"error\":\"Error:x: Read timeout Line: 424 File:\\\/var\\\/www\\\/html\\\/mbilling\\\/api\\\/call\\\/vendor\\\/marcelog\\\/pami\\\/src\\\/PAMI\\\/Client\\\/Impl\\\/ClientImpl.php\"}","error":"HTTP Error: 400"}
[2025-11-04 08:49:50]Failed to get call status: HTTP Error: 400
[2025-11-04 08:49:50]Starting api.php
[2025-11-04 08:49:50]Database connection successful
[2025-11-04 08:49:50]MagnusBilling initialized successfully
[2025-11-04 08:49:50]Processing action: get_call_status, User ID: 7, Session data: {"csrf_token":"365fbcdc174ca126c4cc4cea7e3ad54bf919a17de606593d8b1788f136ddee02","user_id":7,"username":"ldata"}
[2025-11-04 08:49:52]Raw Call Stat: {"success":true,"response":{"success":true,"channel":"SIP\/2002-00000034","status":"up","status_detail":"Call is active and answered - media is flowing","dtmf_input":null,"dtmf_updated_at":null,"dtmf_array":[false]},"error:x:x:":null}
[2025-11-04 08:49:52]Starting api.php
[2025-11-04 08:49:52]Database connection successful
[2025-11-04 08:49:52]MagnusBilling initialized successfully
[2025-11-04 08:49:52]Processing action: get_call_status, User ID: 7, Session data: {"csrf_token":"365fbcdc174ca126c4cc4cea7e3ad54bf919a17de606593d8b1788f136ddee02","user_id":7,"username":"ldata"}
[2025-11-04 08:49:54]Raw Call Stat: {"success":true,"response":{"success":true,"channel":"SIP\/2002-00000034","status":"up","status_detail":"Call is active and answered - media is flowing","dtmf_input":null,"dtmf_updated_at":null,"dtmf_array":[false]},"error:x:x:":null}
[2025-11-04 08:49:54]Starting api.php
[2025-11-04 08:49:54]Database connection successful
[2025-11-04 08:49:54]MagnusBilling initialized successfully
[2025-11-04 08:49:54]Processing action: get_call_status, User ID: 7, Session data: {"csrf_token":"365fbcdc174ca126c4cc4cea7e3ad54bf919a17de606593d8b1788f136ddee02","user_id":7,"username":"ldata"}
[2025-11-04 08:49:56]Raw Call Stat: {"success":true,"response":{"success":true,"channel":"SIP\/2002-00000034","status":"up","status_detail":"Call is active and answered - media is flowing","dtmf_input":null,"dtmf_updated_at":null,"dtmf_array":[false]},"error:x:x:":null}
[2025-11-04 08:49:56]Starting api.php
[2025-11-04 08:49:56]Database connection successful
[2025-11-04 08:49:56]MagnusBilling initialized successfully
[2025-11-04 08:49:56]Processing action: get_call_status, User ID: 7, Session data: {"csrf_token":"365fbcdc174ca126c4cc4cea7e3ad54bf919a17de606593d8b1788f136ddee02","user_id":7,"username":"ldata"}
[2025-11-04 08:49:58]Raw Call Stat: {"success":true,"response":{"success":true,"channel":"SIP\/2002-00000034","status":"up","status_detail":"Call is active and answered - media is flowing","dtmf_input":null,"dtmf_updated_at":null,"dtmf_array":[false]},"error:x:x:":null}
[2025-11-04 08:49:58]Starting api.php
[2025-11-04 08:49:58]Database connection successful
[2025-11-04 08:49:58]MagnusBilling initialized successfully
[2025-11-04 08:49:58]Processing action: get_call_status, User ID: 7, Session data: {"csrf_token":"365fbcdc174ca126c4cc4cea7e3ad54bf919a17de606593d8b1788f136ddee02","user_id":7,"username":"ldata"}
[2025-11-04 08:50:00]Raw Call Stat: {"success":true,"response":{"success":true,"channel":"SIP\/2002-00000034","status":"up","status_detail":"Call is active and answered - media is flowing","dtmf_input":null,"dtmf_updated_at":null,"dtmf_array":[false]},"error:x:x:":null}
[2025-11-04 08:50:00]Starting api.php
[2025-11-04 08:50:00]Database connection successful
[2025-11-04 08:50:00]MagnusBilling initialized successfully
[2025-11-04 08:50:00]Processing action: get_call_status, User ID: 7, Session data: {"csrf_token":"365fbcdc174ca126c4cc4cea7e3ad54bf919a17de606593d8b1788f136ddee02","user_id":7,"username":"ldata"}
[2025-11-04 08:50:04]Raw Call Stat: {"success":true,"response":{"success":true,"channel":"SIP\/2002-00000034","status":"up","status_detail":"Call is active and answered - media is flowing","dtmf_input":"2","dtmf_updated_at":"2025-11-04 03:19:59","dtmf_array":{"dtmf_input":"2","updated_at":"2025-11-04 03:19:59"}},"error:x:x:":null}
[2025-11-04 08:50:04]Starting api.php
[2025-11-04 08:50:04]Database connection successful
[2025-11-04 08:50:04]MagnusBilling initialized successfully
[2025-11-04 08:50:04]Processing action: get_call_status, User ID: 7, Session data: {"csrf_token":"365fbcdc174ca126c4cc4cea7e3ad54bf919a17de606593d8b1788f136ddee02","user_id":7,"username":"ldata"}
[2025-11-04 08:50:10]Raw Call Stat: {"success":true,"response":{"success":true,"channel":"SIP\/2002-00000034","status":"ended","status_detail":"Channel no longer exists","dtmf_input":"2","dtmf_updated_at":"2025-11-04 03:19:59","dtmf_array":{"dtmf_input":"2","updated_at":"2025-11-04 03:19:59"}},"error:x:x:":null}
[2025-11-04 08:50:10]Starting api.php
[2025-11-04 08:50:10]Database connection successful
[2025-11-04 08:50:10]MagnusBilling initialized successfully
[2025-11-04 08:50:10]Processing action: get_call_status, User ID: 7, Session data: {"csrf_token":"365fbcdc174ca126c4cc4cea7e3ad54bf919a17de606593d8b1788f136ddee02","user_id":7,"username":"ldata"}
[2025-11-04 08:50:12]Raw Call Stat: {"success":true,"response":{"success":true,"channel":"SIP\/2002-00000034","status":"ended","status_detail":"Channel no longer exists","dtmf_input":"2","dtmf_updated_at":"2025-11-04 03:19:59","dtmf_array":{"dtmf_input":"2","updated_at":"2025-11-04 03:19:59"}},"error:x:x:":null}
[2025-11-04 08:50:12]Starting api.php
[2025-11-04 08:50:12]Database connection successful
[2025-11-04 08:50:12]MagnusBilling initialized successfully
[2025-11-04 08:50:12]Processing action: get_call_status, User ID: 7, Session data: {"csrf_token":"365fbcdc174ca126c4cc4cea7e3ad54bf919a17de606593d8b1788f136ddee02","user_id":7,"username":"ldata"}
[2025-11-04 08:50:13]Raw Call Stat: {"success":true,"response":{"success":true,"channel":"SIP\/2002-00000034","status":"ended","status_detail":"Channel no longer exists","dtmf_input":"2","dtmf_updated_at":"2025-11-04 03:19:59","dtmf_array":{"dtmf_input":"2","updated_at":"2025-11-04 03:19:59"}},"error:x:x:":null}
[2025-11-04 08:50:13]Starting api.php
[2025-11-04 08:50:13]Database connection successful
[2025-11-04 08:50:13]MagnusBilling initialized successfully
[2025-11-04 08:50:13]Processing action: get_call_status, User ID: 7, Session data: {"csrf_token":"365fbcdc174ca126c4cc4cea7e3ad54bf919a17de606593d8b1788f136ddee02","user_id":7,"username":"ldata"}
[2025-11-04 08:50:15]Raw Call Stat: {"success":true,"response":{"success":true,"channel":"SIP\/2002-00000034","status":"ended","status_detail":"Channel no longer exists","dtmf_input":"2","dtmf_updated_at":"2025-11-04 03:19:59","dtmf_array":{"dtmf_input":"2","updated_at":"2025-11-04 03:19:59"}},"error:x:x:":null}
[2025-11-04 08:52:03]Starting api.php
[2025-11-04 08:52:03]Database connection successful
[2025-11-04 08:52:03]MagnusBilling initialized successfully
[2025-11-04 08:52:03]Processing action: end_call, User ID: 7, Session data: {"csrf_token":"365fbcdc174ca126c4cc4cea7e3ad54bf919a17de606593d8b1788f136ddee02","user_id":7,"username":"ldata"}
[2025-11-04 08:52:08]CallManager Output: {"success":false,"response":"","error":"HTTP Error: 500"}
[2025-11-04 08:52:08]Failed to end call: HTTP Error: 500
[2025-11-04 08:52:08]Starting api.php
[2025-11-04 08:52:08]Database connection successful
[2025-11-04 08:52:08]MagnusBilling initialized successfully
[2025-11-04 08:52:08]Processing action: end_call, User ID: 7, Session data: {"csrf_token":"365fbcdc174ca126c4cc4cea7e3ad54bf919a17de606593d8b1788f136ddee02","user_id":7,"username":"ldata"}
[2025-11-04 08:52:10]CallManager Output: {"success":true,"response":{"success":true,"output":"No such channel"},"error:x:x:":null}
[2025-11-04 08:52:10]Ended call: call_id=278, callChannel=SIP/2002-00000033, CDR Uniqueid=call_69096f48e0483
[2025-11-04 08:52:11]Starting api.php
[2025-11-04 08:52:11]Database connection successful
[2025-11-04 08:52:11]MagnusBilling initialized successfully
[2025-11-04 08:52:11]Processing action: end_call, User ID: 7, Session data: {"csrf_token":"365fbcdc174ca126c4cc4cea7e3ad54bf919a17de606593d8b1788f136ddee02","user_id":7,"username":"ldata"}
[2025-11-04 08:52:13]CallManager Output: {"success":true,"response":{"success":true,"output":"No such channel"},"error:x:x:":null}
[2025-11-04 08:52:13]Ended call: call_id=279, callChannel=SIP/2002-00000034, CDR Uniqueid=call_69097075c6cc0
[2025-11-04 08:52:18]Starting api.php
[2025-11-04 08:52:18]Database connection successful
[2025-11-04 08:52:18]MagnusBilling initialized successfully
[2025-11-04 08:52:18]Processing action: initiate_call, User ID: 7, Session data: {"csrf_token":"365fbcdc174ca126c4cc4cea7e3ad54bf919a17de606593d8b1788f136ddee02","user_id":7,"username":"ldata"}
[2025-11-04 08:52:24]CallManager Output: {"success":true,"response":{"success":true,"output":{"success":true,"ami_response":{"response":"Success","actionid":"orig_6909716fab951","message":"Originate successfully queued"},"channel":"SIP\/2002-00000035","error":null},"channel":"SIP\/2002-00000035","cdr_uniqueid":"call_6909716f1845f"},"error:x:x:":null}
[2025-11-04 08:52:24]CallManager Output(2): {"success":true,"output":{"success":true,"ami_response":{"response":"Success","actionid":"orig_6909716fab951","message":"Originate successfully queued"},"channel":"SIP\/2002-00000035","error":null},"channel":"SIP\/2002-00000035","cdr_uniqueid":"call_6909716f1845f"}
[2025-11-04 08:52:24]Initiated call: call_id=280, magnus_call_id=call_6909716f1845f, customer_number=2002, callback_method=softphone
[2025-11-04 08:52:26]Starting api.php
[2025-11-04 08:52:26]Database connection successful
[2025-11-04 08:52:26]MagnusBilling initialized successfully
[2025-11-04 08:52:26]Processing action: get_call_status, User ID: 7, Session data: {"csrf_token":"365fbcdc174ca126c4cc4cea7e3ad54bf919a17de606593d8b1788f136ddee02","user_id":7,"username":"ldata"}
[2025-11-04 08:52:27]Raw Call Stat: {"success":true,"response":{"success":true,"channel":"SIP\/2002-00000035","status":"down","status_detail":null,"dtmf_input":null,"dtmf_updated_at":null,"dtmf_array":[false]},"error:x:x:":null}
[2025-11-04 08:52:28]Starting api.php
[2025-11-04 08:52:28]Database connection successful
[2025-11-04 08:52:28]MagnusBilling initialized successfully
[2025-11-04 08:52:28]Processing action: get_call_status, User ID: 7, Session data: {"csrf_token":"365fbcdc174ca126c4cc4cea7e3ad54bf919a17de606593d8b1788f136ddee02","user_id":7,"username":"ldata"}
[2025-11-04 08:52:29]Raw Call Stat: {"success":true,"response":{"success":true,"channel":"SIP\/2002-00000035","status":"down","status_detail":null,"dtmf_input":null,"dtmf_updated_at":null,"dtmf_array":[false]},"error:x:x:":null}
[2025-11-04 08:52:30]Starting api.php
[2025-11-04 08:52:30]Database connection successful
[2025-11-04 08:52:30]MagnusBilling initialized successfully
[2025-11-04 08:52:30]Processing action: get_call_status, User ID: 7, Session data: {"csrf_token":"365fbcdc174ca126c4cc4cea7e3ad54bf919a17de606593d8b1788f136ddee02","user_id":7,"username":"ldata"}
[2025-11-04 08:52:32]Raw Call Stat: {"success":true,"response":{"success":true,"channel":"SIP\/2002-00000035","status":"down","status_detail":null,"dtmf_input":null,"dtmf_updated_at":null,"dtmf_array":[false]},"error:x:x:":null}
[2025-11-04 08:52:32]Starting api.php
[2025-11-04 08:52:32]Database connection successful
[2025-11-04 08:52:32]MagnusBilling initialized successfully
[2025-11-04 08:52:32]Processing action: get_call_status, User ID: 7, Session data: {"csrf_token":"365fbcdc174ca126c4cc4cea7e3ad54bf919a17de606593d8b1788f136ddee02","user_id":7,"username":"ldata"}
[2025-11-04 08:52:34]Raw Call Stat: {"success":true,"response":{"success":true,"channel":"SIP\/2002-00000035","status":"down","status_detail":null,"dtmf_input":null,"dtmf_updated_at":null,"dtmf_array":[false]},"error:x:x:":null}
[2025-11-04 08:52:34]Starting api.php
[2025-11-04 08:52:34]Database connection successful
[2025-11-04 08:52:34]MagnusBilling initialized successfully
[2025-11-04 08:52:34]Processing action: get_call_status, User ID: 7, Session data: {"csrf_token":"365fbcdc174ca126c4cc4cea7e3ad54bf919a17de606593d8b1788f136ddee02","user_id":7,"username":"ldata"}
[2025-11-04 08:52:36]Raw Call Stat: {"success":true,"response":{"success":true,"channel":"SIP\/2002-00000035","status":"down","status_detail":null,"dtmf_input":null,"dtmf_updated_at":null,"dtmf_array":[false]},"error:x:x:":null}
[2025-11-04 08:52:36]Starting api.php
[2025-11-04 08:52:36]Database connection successful
[2025-11-04 08:52:36]MagnusBilling initialized successfully
[2025-11-04 08:52:36]Processing action: get_call_status, User ID: 7, Session data: {"csrf_token":"365fbcdc174ca126c4cc4cea7e3ad54bf919a17de606593d8b1788f136ddee02","user_id":7,"username":"ldata"}
[2025-11-04 08:52:37]Raw Call Stat: {"success":true,"response":{"success":true,"channel":"SIP\/2002-00000035","status":"down","status_detail":null,"dtmf_input":null,"dtmf_updated_at":null,"dtmf_array":[false]},"error:x:x:":null}
[2025-11-04 08:52:38]Starting api.php
[2025-11-04 08:52:38]Database connection successful
[2025-11-04 08:52:38]MagnusBilling initialized successfully
[2025-11-04 08:52:38]Processing action: get_call_status, User ID: 7, Session data: {"csrf_token":"365fbcdc174ca126c4cc4cea7e3ad54bf919a17de606593d8b1788f136ddee02","user_id":7,"username":"ldata"}
[2025-11-04 08:52:40]Raw Call Stat: {"success":true,"response":{"success":true,"channel":"SIP\/2002-00000035","status":"down","status_detail":null,"dtmf_input":null,"dtmf_updated_at":null,"dtmf_array":[false]},"error:x:x:":null}
[2025-11-04 08:52:40]Starting api.php
[2025-11-04 08:52:40]Database connection successful
[2025-11-04 08:52:40]MagnusBilling initialized successfully
[2025-11-04 08:52:40]Processing action: get_call_status, User ID: 7, Session data: {"csrf_token":"365fbcdc174ca126c4cc4cea7e3ad54bf919a17de606593d8b1788f136ddee02","user_id":7,"username":"ldata"}
[2025-11-04 08:52:42]Raw Call Stat: {"success":true,"response":{"success":true,"channel":"SIP\/2002-00000035","status":"down","status_detail":null,"dtmf_input":null,"dtmf_updated_at":null,"dtmf_array":[false]},"error:x:x:":null}
[2025-11-04 08:52:42]Starting api.php
[2025-11-04 08:52:42]Database connection successful
[2025-11-04 08:52:42]MagnusBilling initialized successfully
[2025-11-04 08:52:42]Processing action: get_call_status, User ID: 7, Session data: {"csrf_token":"365fbcdc174ca126c4cc4cea7e3ad54bf919a17de606593d8b1788f136ddee02","user_id":7,"username":"ldata"}
[2025-11-04 08:52:43]Raw Call Stat: {"success":true,"response":{"success":true,"channel":"SIP\/2002-00000035","status":"down","status_detail":null,"dtmf_input":null,"dtmf_updated_at":null,"dtmf_array":[false]},"error:x:x:":null}
[2025-11-04 08:52:44]Starting api.php
[2025-11-04 08:52:44]Database connection successful
[2025-11-04 08:52:44]MagnusBilling initialized successfully
[2025-11-04 08:52:44]Processing action: get_call_status, User ID: 7, Session data: {"csrf_token":"365fbcdc174ca126c4cc4cea7e3ad54bf919a17de606593d8b1788f136ddee02","user_id":7,"username":"ldata"}
[2025-11-04 08:52:45]Raw Call Stat: {"success":true,"response":{"success":true,"channel":"SIP\/2002-00000035","status":"down","status_detail":null,"dtmf_input":null,"dtmf_updated_at":null,"dtmf_array":[false]},"error:x:x:":null}
[2025-11-04 08:52:46]Starting api.php
[2025-11-04 08:52:46]Database connection successful
[2025-11-04 08:52:46]MagnusBilling initialized successfully
[2025-11-04 08:52:46]Processing action: get_call_status, User ID: 7, Session data: {"csrf_token":"365fbcdc174ca126c4cc4cea7e3ad54bf919a17de606593d8b1788f136ddee02","user_id":7,"username":"ldata"}
[2025-11-04 08:52:48]Raw Call Stat: {"success":false,"response":"{\"success\":false,\"error\":\"Error:x: Read timeout Line: 424 File:\\\/var\\\/www\\\/html\\\/mbilling\\\/api\\\/call\\\/vendor\\\/marcelog\\\/pami\\\/src\\\/PAMI\\\/Client\\\/Impl\\\/ClientImpl.php\"}","error":"HTTP Error: 400"}
[2025-11-04 08:52:48]Failed to get call status: HTTP Error: 400
[2025-11-04 08:52:48]Starting api.php
[2025-11-04 08:52:48]Database connection successful
[2025-11-04 08:52:48]MagnusBilling initialized successfully
[2025-11-04 08:52:48]Processing action: get_call_status, User ID: 7, Session data: {"csrf_token":"365fbcdc174ca126c4cc4cea7e3ad54bf919a17de606593d8b1788f136ddee02","user_id":7,"username":"ldata"}
[2025-11-04 08:52:50]Raw Call Stat: {"success":true,"response":{"success":true,"channel":"SIP\/2002-00000035","status":"down","status_detail":null,"dtmf_input":null,"dtmf_updated_at":null,"dtmf_array":[false]},"error:x:x:":null}
[2025-11-04 08:52:50]Starting api.php
[2025-11-04 08:52:50]Database connection successful
[2025-11-04 08:52:50]MagnusBilling initialized successfully
[2025-11-04 08:52:50]Processing action: get_call_status, User ID: 7, Session data: {"csrf_token":"365fbcdc174ca126c4cc4cea7e3ad54bf919a17de606593d8b1788f136ddee02","user_id":7,"username":"ldata"}
[2025-11-04 08:52:52]Raw Call Stat: {"success":true,"response":{"success":true,"channel":"SIP\/2002-00000035","status":"down","status_detail":null,"dtmf_input":null,"dtmf_updated_at":null,"dtmf_array":[false]},"error:x:x:":null}
[2025-11-04 08:52:52]Starting api.php
[2025-11-04 08:52:52]Database connection successful
[2025-11-04 08:52:52]MagnusBilling initialized successfully
[2025-11-04 08:52:52]Processing action: get_call_status, User ID: 7, Session data: {"csrf_token":"365fbcdc174ca126c4cc4cea7e3ad54bf919a17de606593d8b1788f136ddee02","user_id":7,"username":"ldata"}
[2025-11-04 08:52:53]Raw Call Stat: {"success":true,"response":{"success":true,"channel":"SIP\/2002-00000035","status":"down","status_detail":null,"dtmf_input":null,"dtmf_updated_at":null,"dtmf_array":[false]},"error:x:x:":null}
[2025-11-04 08:52:54]Starting api.php
[2025-11-04 08:52:54]Database connection successful
[2025-11-04 08:52:54]MagnusBilling initialized successfully
[2025-11-04 08:52:54]Processing action: get_call_status, User ID: 7, Session data: {"csrf_token":"365fbcdc174ca126c4cc4cea7e3ad54bf919a17de606593d8b1788f136ddee02","user_id":7,"username":"ldata"}
[2025-11-04 08:52:55]Raw Call Stat: {"success":true,"response":{"success":true,"channel":"SIP\/2002-00000035","status":"ended","status_detail":"Channel no longer exists","dtmf_input":null,"dtmf_updated_at":null,"dtmf_array":[false]},"error:x:x:":null}
[2025-11-04 08:53:01]Starting api.php
[2025-11-04 08:53:01]Database connection successful
[2025-11-04 08:53:01]MagnusBilling initialized successfully
[2025-11-04 08:53:01]Processing action: end_call, User ID: 7, Session data: {"csrf_token":"365fbcdc174ca126c4cc4cea7e3ad54bf919a17de606593d8b1788f136ddee02","user_id":7,"username":"ldata"}
[2025-11-04 08:53:04]CallManager Output: {"success":true,"response":{"success":true,"output":"No such channel"},"error:x:x:":null}
[2025-11-04 08:53:04]Ended call: call_id=280, callChannel=SIP/2002-00000035, CDR Uniqueid=call_6909716f1845f
[2025-11-04 08:53:06]Starting api.php
[2025-11-04 08:53:06]Database connection successful
[2025-11-04 08:53:06]MagnusBilling initialized successfully
[2025-11-04 08:53:06]Processing action: initiate_call, User ID: 7, Session data: {"csrf_token":"365fbcdc174ca126c4cc4cea7e3ad54bf919a17de606593d8b1788f136ddee02","user_id":7,"username":"ldata"}
[2025-11-04 08:53:12]CallManager Output: {"success":true,"response":{"success":true,"output":{"success":true,"ami_response":{"response":"Success","actionid":"orig_690971a0190db","message":"Originate successfully queued"},"channel":"SIP\/2002-00000036","error":null},"channel":"SIP\/2002-00000036","cdr_uniqueid":"call_6909719f62bf2"},"error:x:x:":null}
[2025-11-04 08:53:12]CallManager Output(2): {"success":true,"output":{"success":true,"ami_response":{"response":"Success","actionid":"orig_690971a0190db","message":"Originate successfully queued"},"channel":"SIP\/2002-00000036","error":null},"channel":"SIP\/2002-00000036","cdr_uniqueid":"call_6909719f62bf2"}
[2025-11-04 08:53:13]Initiated call: call_id=281, magnus_call_id=call_6909719f62bf2, customer_number=2002, callback_method=softphone
[2025-11-04 08:53:15]Starting api.php
[2025-11-04 08:53:15]Database connection successful
[2025-11-04 08:53:15]MagnusBilling initialized successfully
[2025-11-04 08:53:15]Processing action: get_call_status, User ID: 7, Session data: {"csrf_token":"365fbcdc174ca126c4cc4cea7e3ad54bf919a17de606593d8b1788f136ddee02","user_id":7,"username":"ldata"}
[2025-11-04 08:53:16]Raw Call Stat: {"success":true,"response":{"success":true,"channel":"SIP\/2002-00000036","status":"down","status_detail":null,"dtmf_input":null,"dtmf_updated_at":null,"dtmf_array":[false]},"error:x:x:":null}
[2025-11-04 08:53:17]Starting api.php
[2025-11-04 08:53:17]Database connection successful
[2025-11-04 08:53:17]MagnusBilling initialized successfully
[2025-11-04 08:53:17]Processing action: get_call_status, User ID: 7, Session data: {"csrf_token":"365fbcdc174ca126c4cc4cea7e3ad54bf919a17de606593d8b1788f136ddee02","user_id":7,"username":"ldata"}
[2025-11-04 08:53:18]Raw Call Stat: {"success":true,"response":{"success":true,"channel":"SIP\/2002-00000036","status":"down","status_detail":null,"dtmf_input":null,"dtmf_updated_at":null,"dtmf_array":[false]},"error:x:x:":null}
[2025-11-04 08:53:19]Starting api.php
[2025-11-04 08:53:19]Database connection successful
[2025-11-04 08:53:19]MagnusBilling initialized successfully
[2025-11-04 08:53:19]Processing action: get_call_status, User ID: 7, Session data: {"csrf_token":"365fbcdc174ca126c4cc4cea7e3ad54bf919a17de606593d8b1788f136ddee02","user_id":7,"username":"ldata"}
[2025-11-04 08:53:20]Raw Call Stat: {"success":true,"response":{"success":true,"channel":"SIP\/2002-00000036","status":"down","status_detail":null,"dtmf_input":null,"dtmf_updated_at":null,"dtmf_array":[false]},"error:x:x:":null}
[2025-11-04 08:53:21]Starting api.php
[2025-11-04 08:53:21]Database connection successful
[2025-11-04 08:53:21]MagnusBilling initialized successfully
[2025-11-04 08:53:21]Processing action: get_call_status, User ID: 7, Session data: {"csrf_token":"365fbcdc174ca126c4cc4cea7e3ad54bf919a17de606593d8b1788f136ddee02","user_id":7,"username":"ldata"}
[2025-11-04 08:53:22]Raw Call Stat: {"success":true,"response":{"success":true,"channel":"SIP\/2002-00000036","status":"down","status_detail":null,"dtmf_input":null,"dtmf_updated_at":null,"dtmf_array":[false]},"error:x:x:":null}
[2025-11-04 08:53:23]Starting api.php
[2025-11-04 08:53:23]Database connection successful
[2025-11-04 08:53:23]MagnusBilling initialized successfully
[2025-11-04 08:53:23]Processing action: get_call_status, User ID: 7, Session data: {"csrf_token":"365fbcdc174ca126c4cc4cea7e3ad54bf919a17de606593d8b1788f136ddee02","user_id":7,"username":"ldata"}
[2025-11-04 08:53:24]Raw Call Stat: {"success":true,"response":{"success":true,"channel":"SIP\/2002-00000036","status":"down","status_detail":null,"dtmf_input":null,"dtmf_updated_at":null,"dtmf_array":[false]},"error:x:x:":null}
[2025-11-04 08:53:25]Starting api.php
[2025-11-04 08:53:25]Database connection successful
[2025-11-04 08:53:25]MagnusBilling initialized successfully
[2025-11-04 08:53:25]Processing action: get_call_status, User ID: 7, Session data: {"csrf_token":"365fbcdc174ca126c4cc4cea7e3ad54bf919a17de606593d8b1788f136ddee02","user_id":7,"username":"ldata"}
[2025-11-04 08:53:26]Raw Call Stat: {"success":true,"response":{"success":true,"channel":"SIP\/2002-00000036","status":"down","status_detail":null,"dtmf_input":null,"dtmf_updated_at":null,"dtmf_array":[false]},"error:x:x:":null}
[2025-11-04 08:53:27]Starting api.php
[2025-11-04 08:53:27]Database connection successful
[2025-11-04 08:53:27]MagnusBilling initialized successfully
[2025-11-04 08:53:27]Processing action: get_call_status, User ID: 7, Session data: {"csrf_token":"365fbcdc174ca126c4cc4cea7e3ad54bf919a17de606593d8b1788f136ddee02","user_id":7,"username":"ldata"}
[2025-11-04 08:53:28]Raw Call Stat: {"success":true,"response":{"success":true,"channel":"SIP\/2002-00000036","status":"down","status_detail":null,"dtmf_input":null,"dtmf_updated_at":null,"dtmf_array":[false]},"error:x:x:":null}
[2025-11-04 08:53:29]Starting api.php
[2025-11-04 08:53:29]Database connection successful
[2025-11-04 08:53:29]MagnusBilling initialized successfully
[2025-11-04 08:53:29]Processing action: get_call_status, User ID: 7, Session data: {"csrf_token":"365fbcdc174ca126c4cc4cea7e3ad54bf919a17de606593d8b1788f136ddee02","user_id":7,"username":"ldata"}
[2025-11-04 08:53:30]Raw Call Stat: {"success":true,"response":{"success":true,"channel":"SIP\/2002-00000036","status":"down","status_detail":null,"dtmf_input":null,"dtmf_updated_at":null,"dtmf_array":[false]},"error:x:x:":null}
[2025-11-04 08:53:31]Starting api.php
[2025-11-04 08:53:31]Database connection successful
[2025-11-04 08:53:31]MagnusBilling initialized successfully
[2025-11-04 08:53:31]Processing action: get_call_status, User ID: 7, Session data: {"csrf_token":"365fbcdc174ca126c4cc4cea7e3ad54bf919a17de606593d8b1788f136ddee02","user_id":7,"username":"ldata"}
[2025-11-04 08:53:32]Raw Call Stat: {"success":true,"response":{"success":true,"channel":"SIP\/2002-00000036","status":"down","status_detail":null,"dtmf_input":null,"dtmf_updated_at":null,"dtmf_array":[false]},"error:x:x:":null}
[2025-11-04 08:53:33]Starting api.php
[2025-11-04 08:53:33]Database connection successful
[2025-11-04 08:53:33]MagnusBilling initialized successfully
[2025-11-04 08:53:33]Processing action: get_call_status, User ID: 7, Session data: {"csrf_token":"365fbcdc174ca126c4cc4cea7e3ad54bf919a17de606593d8b1788f136ddee02","user_id":7,"username":"ldata"}
[2025-11-04 08:53:34]Raw Call Stat: {"success":true,"response":{"success":true,"channel":"SIP\/2002-00000036","status":"down","status_detail":null,"dtmf_input":null,"dtmf_updated_at":null,"dtmf_array":[false]},"error:x:x:":null}
[2025-11-04 08:53:35]Starting api.php
[2025-11-04 08:53:35]Database connection successful
[2025-11-04 08:53:35]MagnusBilling initialized successfully
[2025-11-04 08:53:35]Processing action: get_call_status, User ID: 7, Session data: {"csrf_token":"365fbcdc174ca126c4cc4cea7e3ad54bf919a17de606593d8b1788f136ddee02","user_id":7,"username":"ldata"}
[2025-11-04 08:53:36]Raw Call Stat: {"success":true,"response":{"success":true,"channel":"SIP\/2002-00000036","status":"down","status_detail":null,"dtmf_input":null,"dtmf_updated_at":null,"dtmf_array":[false]},"error:x:x:":null}
[2025-11-04 08:53:37]Starting api.php
[2025-11-04 08:53:37]Database connection successful
[2025-11-04 08:53:37]MagnusBilling initialized successfully
[2025-11-04 08:53:37]Processing action: get_call_status, User ID: 7, Session data: {"csrf_token":"365fbcdc174ca126c4cc4cea7e3ad54bf919a17de606593d8b1788f136ddee02","user_id":7,"username":"ldata"}
[2025-11-04 08:53:38]Raw Call Stat: {"success":true,"response":{"success":true,"channel":"SIP\/2002-00000036","status":"ended","status_detail":"Channel no longer exists","dtmf_input":null,"dtmf_updated_at":null,"dtmf_array":[false]},"error:x:x:":null}
[2025-11-04 08:53:53]Starting api.php
[2025-11-04 08:53:53]Database connection successful
[2025-11-04 08:53:53]MagnusBilling initialized successfully
[2025-11-04 08:53:53]Processing action: end_call, User ID: 7, Session data: {"csrf_token":"365fbcdc174ca126c4cc4cea7e3ad54bf919a17de606593d8b1788f136ddee02","user_id":7,"username":"ldata"}
[2025-11-04 08:53:54]CallManager Output: {"success":true,"response":{"success":true,"output":"No such channel"},"error:x:x:":null}
[2025-11-04 08:53:54]Ended call: call_id=281, callChannel=SIP/2002-00000036, CDR Uniqueid=call_6909719f62bf2
[2025-11-04 08:53:56]Starting api.php
[2025-11-04 08:53:56]Database connection successful
[2025-11-04 08:53:56]MagnusBilling initialized successfully
[2025-11-04 08:53:56]Processing action: initiate_call, User ID: 7, Session data: {"csrf_token":"365fbcdc174ca126c4cc4cea7e3ad54bf919a17de606593d8b1788f136ddee02","user_id":7,"username":"ldata"}
[2025-11-04 08:54:02]CallManager Output: {"success":true,"response":{"success":true,"output":{"success":true,"ami_response":{"response":"Success","actionid":"orig_690971d130500","message":"Originate successfully queued"},"channel":"SIP\/2002-00000039","error":null},"channel":"SIP\/2002-00000039","cdr_uniqueid":"call_690971d060052"},"error:x:x:":null}
[2025-11-04 08:54:02]CallManager Output(2): {"success":true,"output":{"success":true,"ami_response":{"response":"Success","actionid":"orig_690971d130500","message":"Originate successfully queued"},"channel":"SIP\/2002-00000039","error":null},"channel":"SIP\/2002-00000039","cdr_uniqueid":"call_690971d060052"}
[2025-11-04 08:54:02]Initiated call: call_id=282, magnus_call_id=call_690971d060052, customer_number=2002, callback_method=softphone
[2025-11-04 08:54:04]Starting api.php
[2025-11-04 08:54:04]Database connection successful
[2025-11-04 08:54:04]MagnusBilling initialized successfully
[2025-11-04 08:54:04]Processing action: get_call_status, User ID: 7, Session data: {"csrf_token":"365fbcdc174ca126c4cc4cea7e3ad54bf919a17de606593d8b1788f136ddee02","user_id":7,"username":"ldata"}
[2025-11-04 08:54:08]Raw Call Stat: {"success":true,"response":{"success":true,"channel":"SIP\/2002-00000039","status":"ringing","status_detail":"Call is ringing at the destination (not yet answered)","dtmf_input":null,"dtmf_updated_at":null,"dtmf_array":[false]},"error:x:x:":null}
[2025-11-04 08:54:08]Starting api.php
[2025-11-04 08:54:08]Database connection successful
[2025-11-04 08:54:08]MagnusBilling initialized successfully
[2025-11-04 08:54:08]Processing action: get_call_status, User ID: 7, Session data: {"csrf_token":"365fbcdc174ca126c4cc4cea7e3ad54bf919a17de606593d8b1788f136ddee02","user_id":7,"username":"ldata"}
[2025-11-04 08:54:10]Raw Call Stat: {"success":true,"response":{"success":true,"channel":"SIP\/2002-00000039","status":"ringing","status_detail":"Call is ringing at the destination (not yet answered)","dtmf_input":null,"dtmf_updated_at":null,"dtmf_array":[false]},"error:x:x:":null}
[2025-11-04 08:54:10]Starting api.php
[2025-11-04 08:54:10]Database connection successful
[2025-11-04 08:54:10]MagnusBilling initialized successfully
[2025-11-04 08:54:10]Processing action: get_call_status, User ID: 7, Session data: {"csrf_token":"365fbcdc174ca126c4cc4cea7e3ad54bf919a17de606593d8b1788f136ddee02","user_id":7,"username":"ldata"}
[2025-11-04 08:54:12]Raw Call Stat: {"success":true,"response":{"success":true,"channel":"SIP\/2002-00000039","status":"ringing","status_detail":"Call is ringing at the destination (not yet answered)","dtmf_input":null,"dtmf_updated_at":null,"dtmf_array":[false]},"error:x:x:":null}
[2025-11-04 08:54:12]Starting api.php
[2025-11-04 08:54:12]Database connection successful
[2025-11-04 08:54:12]MagnusBilling initialized successfully
[2025-11-04 08:54:12]Processing action: get_call_status, User ID: 7, Session data: {"csrf_token":"365fbcdc174ca126c4cc4cea7e3ad54bf919a17de606593d8b1788f136ddee02","user_id":7,"username":"ldata"}
[2025-11-04 08:54:14]Raw Call Stat: {"success":true,"response":{"success":true,"channel":"SIP\/2002-00000039","status":"ringing","status_detail":"Call is ringing at the destination (not yet answered)","dtmf_input":null,"dtmf_updated_at":null,"dtmf_array":[false]},"error:x:x:":null}
[2025-11-04 08:54:14]Starting api.php
[2025-11-04 08:54:14]Database connection successful
[2025-11-04 08:54:14]MagnusBilling initialized successfully
[2025-11-04 08:54:14]Processing action: get_call_status, User ID: 7, Session data: {"csrf_token":"365fbcdc174ca126c4cc4cea7e3ad54bf919a17de606593d8b1788f136ddee02","user_id":7,"username":"ldata"}
[2025-11-04 08:54:16]Raw Call Stat: {"success":true,"response":{"success":true,"channel":"SIP\/2002-00000039","status":"ringing","status_detail":"Call is ringing at the destination (not yet answered)","dtmf_input":null,"dtmf_updated_at":null,"dtmf_array":[false]},"error:x:x:":null}
[2025-11-04 08:54:16]Starting api.php
[2025-11-04 08:54:16]Database connection successful
[2025-11-04 08:54:16]MagnusBilling initialized successfully
[2025-11-04 08:54:16]Processing action: get_call_status, User ID: 7, Session data: {"csrf_token":"365fbcdc174ca126c4cc4cea7e3ad54bf919a17de606593d8b1788f136ddee02","user_id":7,"username":"ldata"}
[2025-11-04 08:54:17]Raw Call Stat: {"success":true,"response":{"success":true,"channel":"SIP\/2002-00000039","status":"ringing","status_detail":"Call is ringing at the destination (not yet answered)","dtmf_input":null,"dtmf_updated_at":null,"dtmf_array":[false]},"error:x:x:":null}
[2025-11-04 08:54:17]Starting api.php
[2025-11-04 08:54:17]Database connection successful
[2025-11-04 08:54:17]MagnusBilling initialized successfully
[2025-11-04 08:54:17]Processing action: get_call_status, User ID: 7, Session data: {"csrf_token":"365fbcdc174ca126c4cc4cea7e3ad54bf919a17de606593d8b1788f136ddee02","user_id":7,"username":"ldata"}
[2025-11-04 08:54:19]Raw Call Stat: {"success":true,"response":{"success":true,"channel":"SIP\/2002-00000039","status":"ringing","status_detail":"Call is ringing at the destination (not yet answered)","dtmf_input":null,"dtmf_updated_at":null,"dtmf_array":[false]},"error:x:x:":null}
[2025-11-04 08:54:19]Starting api.php
[2025-11-04 08:54:19]Database connection successful
[2025-11-04 08:54:19]MagnusBilling initialized successfully
[2025-11-04 08:54:19]Processing action: get_call_status, User ID: 7, Session data: {"csrf_token":"365fbcdc174ca126c4cc4cea7e3ad54bf919a17de606593d8b1788f136ddee02","user_id":7,"username":"ldata"}
[2025-11-04 08:54:20]Raw Call Stat: {"success":true,"response":{"success":true,"channel":"SIP\/2002-00000039","status":"ringing","status_detail":"Call is ringing at the destination (not yet answered)","dtmf_input":null,"dtmf_updated_at":null,"dtmf_array":[false]},"error:x:x:":null}
[2025-11-04 08:54:20]Starting api.php
[2025-11-04 08:54:20]Database connection successful
[2025-11-04 08:54:20]MagnusBilling initialized successfully
[2025-11-04 08:54:20]Processing action: get_call_status, User ID: 7, Session data: {"csrf_token":"365fbcdc174ca126c4cc4cea7e3ad54bf919a17de606593d8b1788f136ddee02","user_id":7,"username":"ldata"}
[2025-11-04 08:54:22]Raw Call Stat: {"success":true,"response":{"success":true,"channel":"SIP\/2002-00000039","status":"ringing","status_detail":"Call is ringing at the destination (not yet answered)","dtmf_input":null,"dtmf_updated_at":null,"dtmf_array":[false]},"error:x:x:":null}
[2025-11-04 08:54:22]Starting api.php
[2025-11-04 08:54:22]Database connection successful
[2025-11-04 08:54:22]MagnusBilling initialized successfully
[2025-11-04 08:54:22]Processing action: get_call_status, User ID: 7, Session data: {"csrf_token":"365fbcdc174ca126c4cc4cea7e3ad54bf919a17de606593d8b1788f136ddee02","user_id":7,"username":"ldata"}
[2025-11-04 08:54:23]Raw Call Stat: {"success":true,"response":{"success":true,"channel":"SIP\/2002-00000039","status":"ringing","status_detail":"Call is ringing at the destination (not yet answered)","dtmf_input":null,"dtmf_updated_at":null,"dtmf_array":[false]},"error:x:x:":null}
[2025-11-04 08:54:24]Starting api.php
[2025-11-04 08:54:24]Database connection successful
[2025-11-04 08:54:24]MagnusBilling initialized successfully
[2025-11-04 08:54:24]Processing action: get_call_status, User ID: 7, Session data: {"csrf_token":"365fbcdc174ca126c4cc4cea7e3ad54bf919a17de606593d8b1788f136ddee02","user_id":7,"username":"ldata"}
[2025-11-04 08:54:25]Raw Call Stat: {"success":true,"response":{"success":true,"channel":"SIP\/2002-00000039","status":"up","status_detail":"Call is active and answered - media is flowing","dtmf_input":null,"dtmf_updated_at":null,"dtmf_array":[false]},"error:x:x:":null}
[2025-11-04 08:54:26]Starting api.php
[2025-11-04 08:54:26]Database connection successful
[2025-11-04 08:54:26]MagnusBilling initialized successfully
[2025-11-04 08:54:26]Processing action: get_call_status, User ID: 7, Session data: {"csrf_token":"365fbcdc174ca126c4cc4cea7e3ad54bf919a17de606593d8b1788f136ddee02","user_id":7,"username":"ldata"}
[2025-11-04 08:54:27]Raw Call Stat: {"success":true,"response":{"success":true,"channel":"SIP\/2002-00000039","status":"up","status_detail":"Call is active and answered - media is flowing","dtmf_input":null,"dtmf_updated_at":null,"dtmf_array":[false]},"error:x:x:":null}
[2025-11-04 08:54:28]Starting api.php
[2025-11-04 08:54:28]Database connection successful
[2025-11-04 08:54:28]MagnusBilling initialized successfully
[2025-11-04 08:54:28]Processing action: get_call_status, User ID: 7, Session data: {"csrf_token":"365fbcdc174ca126c4cc4cea7e3ad54bf919a17de606593d8b1788f136ddee02","user_id":7,"username":"ldata"}
[2025-11-04 08:54:29]Raw Call Stat: {"success":true,"response":{"success":true,"channel":"SIP\/2002-00000039","status":"up","status_detail":"Call is active and answered - media is flowing","dtmf_input":null,"dtmf_updated_at":null,"dtmf_array":[false]},"error:x:x:":null}
[2025-11-04 08:54:30]Starting api.php
[2025-11-04 08:54:30]Database connection successful
[2025-11-04 08:54:30]MagnusBilling initialized successfully
[2025-11-04 08:54:30]Processing action: get_call_status, User ID: 7, Session data: {"csrf_token":"365fbcdc174ca126c4cc4cea7e3ad54bf919a17de606593d8b1788f136ddee02","user_id":7,"username":"ldata"}
[2025-11-04 08:54:31]Raw Call Stat: {"success":true,"response":{"success":true,"channel":"SIP\/2002-00000039","status":"up","status_detail":"Call is active and answered - media is flowing","dtmf_input":null,"dtmf_updated_at":null,"dtmf_array":[false]},"error:x:x:":null}
[2025-11-04 08:54:32]Starting api.php
[2025-11-04 08:54:32]Database connection successful
[2025-11-04 08:54:32]MagnusBilling initialized successfully
[2025-11-04 08:54:32]Processing action: get_call_status, User ID: 7, Session data: {"csrf_token":"365fbcdc174ca126c4cc4cea7e3ad54bf919a17de606593d8b1788f136ddee02","user_id":7,"username":"ldata"}
[2025-11-04 08:54:33]Raw Call Stat: {"success":true,"response":{"success":true,"channel":"SIP\/2002-00000039","status":"up","status_detail":"Call is active and answered - media is flowing","dtmf_input":null,"dtmf_updated_at":null,"dtmf_array":[false]},"error:x:x:":null}
[2025-11-04 08:54:34]Starting api.php
[2025-11-04 08:54:34]Database connection successful
[2025-11-04 08:54:34]MagnusBilling initialized successfully
[2025-11-04 08:54:34]Processing action: get_call_status, User ID: 7, Session data: {"csrf_token":"365fbcdc174ca126c4cc4cea7e3ad54bf919a17de606593d8b1788f136ddee02","user_id":7,"username":"ldata"}
[2025-11-04 08:54:35]Raw Call Stat: {"success":true,"response":{"success":true,"channel":"SIP\/2002-00000039","status":"up","status_detail":"Call is active and answered - media is flowing","dtmf_input":null,"dtmf_updated_at":null,"dtmf_array":[false]},"error:x:x:":null}
[2025-11-04 08:54:36]Starting api.php
[2025-11-04 08:54:36]Database connection successful
[2025-11-04 08:54:36]MagnusBilling initialized successfully
[2025-11-04 08:54:36]Processing action: get_call_status, User ID: 7, Session data: {"csrf_token":"365fbcdc174ca126c4cc4cea7e3ad54bf919a17de606593d8b1788f136ddee02","user_id":7,"username":"ldata"}
[2025-11-04 08:54:37]Raw Call Stat: {"success":true,"response":{"success":true,"channel":"SIP\/2002-00000039","status":"up","status_detail":"Call is active and answered - media is flowing","dtmf_input":null,"dtmf_updated_at":null,"dtmf_array":[false]},"error:x:x:":null}
[2025-11-04 08:54:38]Starting api.php
[2025-11-04 08:54:38]Database connection successful
[2025-11-04 08:54:38]MagnusBilling initialized successfully
[2025-11-04 08:54:38]Processing action: get_call_status, User ID: 7, Session data: {"csrf_token":"365fbcdc174ca126c4cc4cea7e3ad54bf919a17de606593d8b1788f136ddee02","user_id":7,"username":"ldata"}
[2025-11-04 08:54:39]Raw Call Stat: {"success":true,"response":{"success":true,"channel":"SIP\/2002-00000039","status":"up","status_detail":"Call is active and answered - media is flowing","dtmf_input":null,"dtmf_updated_at":null,"dtmf_array":[false]},"error:x:x:":null}
[2025-11-04 08:54:40]Starting api.php
[2025-11-04 08:54:40]Database connection successful
[2025-11-04 08:54:40]MagnusBilling initialized successfully
[2025-11-04 08:54:40]Processing action: get_call_status, User ID: 7, Session data: {"csrf_token":"365fbcdc174ca126c4cc4cea7e3ad54bf919a17de606593d8b1788f136ddee02","user_id":7,"username":"ldata"}
[2025-11-04 08:54:41]Raw Call Stat: {"success":true,"response":{"success":true,"channel":"SIP\/2002-00000039","status":"up","status_detail":"Call is active and answered - media is flowing","dtmf_input":null,"dtmf_updated_at":null,"dtmf_array":[false]},"error:x:x:":null}
[2025-11-04 08:54:42]Starting api.php
[2025-11-04 08:54:42]Database connection successful
[2025-11-04 08:54:42]MagnusBilling initialized successfully
[2025-11-04 08:54:42]Processing action: get_call_status, User ID: 7, Session data: {"csrf_token":"365fbcdc174ca126c4cc4cea7e3ad54bf919a17de606593d8b1788f136ddee02","user_id":7,"username":"ldata"}
[2025-11-04 08:54:43]Raw Call Stat: {"success":true,"response":{"success":true,"channel":"SIP\/2002-00000039","status":"up","status_detail":"Call is active and answered - media is flowing","dtmf_input":null,"dtmf_updated_at":null,"dtmf_array":[false]},"error:x:x:":null}
[2025-11-04 08:54:44]Starting api.php
[2025-11-04 08:54:44]Database connection successful
[2025-11-04 08:54:44]MagnusBilling initialized successfully
[2025-11-04 08:54:44]Processing action: get_call_status, User ID: 7, Session data: {"csrf_token":"365fbcdc174ca126c4cc4cea7e3ad54bf919a17de606593d8b1788f136ddee02","user_id":7,"username":"ldata"}
[2025-11-04 08:54:45]Raw Call Stat: {"success":true,"response":{"success":true,"channel":"SIP\/2002-00000039","status":"up","status_detail":"Call is active and answered - media is flowing","dtmf_input":null,"dtmf_updated_at":null,"dtmf_array":[false]},"error:x:x:":null}
[2025-11-04 08:54:46]Starting api.php
[2025-11-04 08:54:46]Database connection successful
[2025-11-04 08:54:46]MagnusBilling initialized successfully
[2025-11-04 08:54:46]Processing action: get_call_status, User ID: 7, Session data: {"csrf_token":"365fbcdc174ca126c4cc4cea7e3ad54bf919a17de606593d8b1788f136ddee02","user_id":7,"username":"ldata"}
[2025-11-04 08:54:47]Raw Call Stat: {"success":true,"response":{"success":true,"channel":"SIP\/2002-00000039","status":"up","status_detail":"Call is active and answered - media is flowing","dtmf_input":null,"dtmf_updated_at":null,"dtmf_array":[false]},"error:x:x:":null}
[2025-11-04 08:54:48]Starting api.php
[2025-11-04 08:54:48]Database connection successful
[2025-11-04 08:54:48]MagnusBilling initialized successfully
[2025-11-04 08:54:48]Processing action: get_call_status, User ID: 7, Session data: {"csrf_token":"365fbcdc174ca126c4cc4cea7e3ad54bf919a17de606593d8b1788f136ddee02","user_id":7,"username":"ldata"}
[2025-11-04 08:54:49]Raw Call Stat: {"success":true,"response":{"success":true,"channel":"SIP\/2002-00000039","status":"up","status_detail":"Call is active and answered - media is flowing","dtmf_input":null,"dtmf_updated_at":null,"dtmf_array":[false]},"error:x:x:":null}
[2025-11-04 08:54:50]Starting api.php
[2025-11-04 08:54:50]Database connection successful
[2025-11-04 08:54:50]MagnusBilling initialized successfully
[2025-11-04 08:54:50]Processing action: get_call_status, User ID: 7, Session data: {"csrf_token":"365fbcdc174ca126c4cc4cea7e3ad54bf919a17de606593d8b1788f136ddee02","user_id":7,"username":"ldata"}
[2025-11-04 08:54:51]Raw Call Stat: {"success":true,"response":{"success":true,"channel":"SIP\/2002-00000039","status":"up","status_detail":"Call is active and answered - media is flowing","dtmf_input":null,"dtmf_updated_at":null,"dtmf_array":[false]},"error:x:x:":null}
[2025-11-04 08:54:52]Starting api.php
[2025-11-04 08:54:52]Database connection successful
[2025-11-04 08:54:52]MagnusBilling initialized successfully
[2025-11-04 08:54:52]Processing action: get_call_status, User ID: 7, Session data: {"csrf_token":"365fbcdc174ca126c4cc4cea7e3ad54bf919a17de606593d8b1788f136ddee02","user_id":7,"username":"ldata"}
[2025-11-04 08:54:53]Raw Call Stat: {"success":true,"response":{"success":true,"channel":"SIP\/2002-00000039","status":"up","status_detail":"Call is active and answered - media is flowing","dtmf_input":null,"dtmf_updated_at":null,"dtmf_array":[false]},"error:x:x:":null}
[2025-11-04 08:54:54]Starting api.php
[2025-11-04 08:54:54]Database connection successful
[2025-11-04 08:54:54]MagnusBilling initialized successfully
[2025-11-04 08:54:54]Processing action: get_call_status, User ID: 7, Session data: {"csrf_token":"365fbcdc174ca126c4cc4cea7e3ad54bf919a17de606593d8b1788f136ddee02","user_id":7,"username":"ldata"}
[2025-11-04 08:54:55]Raw Call Stat: {"success":true,"response":{"success":true,"channel":"SIP\/2002-00000039","status":"up","status_detail":"Call is active and answered - media is flowing","dtmf_input":null,"dtmf_updated_at":null,"dtmf_array":[false]},"error:x:x:":null}
[2025-11-04 08:54:56]Starting api.php
[2025-11-04 08:54:56]Database connection successful
[2025-11-04 08:54:56]MagnusBilling initialized successfully
[2025-11-04 08:54:56]Processing action: get_call_status, User ID: 7, Session data: {"csrf_token":"365fbcdc174ca126c4cc4cea7e3ad54bf919a17de606593d8b1788f136ddee02","user_id":7,"username":"ldata"}
[2025-11-04 08:54:57]Raw Call Stat: {"success":true,"response":{"success":true,"channel":"SIP\/2002-00000039","status":"up","status_detail":"Call is active and answered - media is flowing","dtmf_input":null,"dtmf_updated_at":null,"dtmf_array":[false]},"error:x:x:":null}
[2025-11-04 08:54:58]Starting api.php
[2025-11-04 08:54:58]Database connection successful
[2025-11-04 08:54:58]MagnusBilling initialized successfully
[2025-11-04 08:54:58]Processing action: get_call_status, User ID: 7, Session data: {"csrf_token":"365fbcdc174ca126c4cc4cea7e3ad54bf919a17de606593d8b1788f136ddee02","user_id":7,"username":"ldata"}
[2025-11-04 08:54:59]Raw Call Stat: {"success":true,"response":{"success":true,"channel":"SIP\/2002-00000039","status":"up","status_detail":"Call is active and answered - media is flowing","dtmf_input":null,"dtmf_updated_at":null,"dtmf_array":[false]},"error:x:x:":null}
[2025-11-04 08:55:00]Starting api.php
[2025-11-04 08:55:00]Database connection successful
[2025-11-04 08:55:00]MagnusBilling initialized successfully
[2025-11-04 08:55:00]Processing action: get_call_status, User ID: 7, Session data: {"csrf_token":"365fbcdc174ca126c4cc4cea7e3ad54bf919a17de606593d8b1788f136ddee02","user_id":7,"username":"ldata"}
[2025-11-04 08:55:01]Raw Call Stat: {"success":true,"response":{"success":true,"channel":"SIP\/2002-00000039","status":"up","status_detail":"Call is active and answered - media is flowing","dtmf_input":null,"dtmf_updated_at":null,"dtmf_array":[false]},"error:x:x:":null}
[2025-11-04 08:55:02]Starting api.php
[2025-11-04 08:55:02]Database connection successful
[2025-11-04 08:55:02]MagnusBilling initialized successfully
[2025-11-04 08:55:02]Processing action: get_call_status, User ID: 7, Session data: {"csrf_token":"365fbcdc174ca126c4cc4cea7e3ad54bf919a17de606593d8b1788f136ddee02","user_id":7,"username":"ldata"}
[2025-11-04 08:55:06]Raw Call Stat: {"success":true,"response":{"success":true,"channel":"SIP\/2002-00000039","status":"up","status_detail":"Call is active and answered - media is flowing","dtmf_input":null,"dtmf_updated_at":null,"dtmf_array":[false]},"error:x:x:":null}
[2025-11-04 08:55:06]Starting api.php
[2025-11-04 08:55:06]Database connection successful
[2025-11-04 08:55:06]MagnusBilling initialized successfully
[2025-11-04 08:55:06]Processing action: get_call_status, User ID: 7, Session data: {"csrf_token":"365fbcdc174ca126c4cc4cea7e3ad54bf919a17de606593d8b1788f136ddee02","user_id":7,"username":"ldata"}
[2025-11-04 08:55:07]Raw Call Stat: {"success":true,"response":{"success":true,"channel":"SIP\/2002-00000039","status":"up","status_detail":"Call is active and answered - media is flowing","dtmf_input":null,"dtmf_updated_at":null,"dtmf_array":[false]},"error:x:x:":null}
[2025-11-04 08:55:08]Starting api.php
[2025-11-04 08:55:08]Database connection successful
[2025-11-04 08:55:08]MagnusBilling initialized successfully
[2025-11-04 08:55:08]Processing action: get_call_status, User ID: 7, Session data: {"csrf_token":"365fbcdc174ca126c4cc4cea7e3ad54bf919a17de606593d8b1788f136ddee02","user_id":7,"username":"ldata"}
[2025-11-04 08:55:09]Raw Call Stat: {"success":true,"response":{"success":true,"channel":"SIP\/2002-00000039","status":"up","status_detail":"Call is active and answered - media is flowing","dtmf_input":null,"dtmf_updated_at":null,"dtmf_array":[false]},"error:x:x:":null}
[2025-11-04 08:55:09]Starting api.php
[2025-11-04 08:55:09]Database connection successful
[2025-11-04 08:55:09]MagnusBilling initialized successfully
[2025-11-04 08:55:09]Processing action: get_call_status, User ID: 7, Session data: {"csrf_token":"365fbcdc174ca126c4cc4cea7e3ad54bf919a17de606593d8b1788f136ddee02","user_id":7,"username":"ldata"}
[2025-11-04 08:55:10]Raw Call Stat: {"success":true,"response":{"success":true,"channel":"SIP\/2002-00000039","status":"up","status_detail":"Call is active and answered - media is flowing","dtmf_input":null,"dtmf_updated_at":null,"dtmf_array":[false]},"error:x:x:":null}
[2025-11-04 08:55:10]Starting api.php
[2025-11-04 08:55:10]Database connection successful
[2025-11-04 08:55:10]MagnusBilling initialized successfully
[2025-11-04 08:55:10]Processing action: get_call_status, User ID: 7, Session data: {"csrf_token":"365fbcdc174ca126c4cc4cea7e3ad54bf919a17de606593d8b1788f136ddee02","user_id":7,"username":"ldata"}
[2025-11-04 08:55:12]Raw Call Stat: {"success":true,"response":{"success":true,"channel":"SIP\/2002-00000039","status":"up","status_detail":"Call is active and answered - media is flowing","dtmf_input":null,"dtmf_updated_at":null,"dtmf_array":[false]},"error:x:x:":null}
[2025-11-04 08:55:12]Starting api.php
[2025-11-04 08:55:12]Database connection successful
[2025-11-04 08:55:12]MagnusBilling initialized successfully
[2025-11-04 08:55:12]Processing action: get_call_status, User ID: 7, Session data: {"csrf_token":"365fbcdc174ca126c4cc4cea7e3ad54bf919a17de606593d8b1788f136ddee02","user_id":7,"username":"ldata"}
[2025-11-04 08:55:13]Raw Call Stat: {"success":true,"response":{"success":true,"channel":"SIP\/2002-00000039","status":"up","status_detail":"Call is active and answered - media is flowing","dtmf_input":null,"dtmf_updated_at":null,"dtmf_array":[false]},"error:x:x:":null}
[2025-11-04 08:55:14]Starting api.php
[2025-11-04 08:55:14]Database connection successful
[2025-11-04 08:55:14]MagnusBilling initialized successfully
[2025-11-04 08:55:14]Processing action: get_call_status, User ID: 7, Session data: {"csrf_token":"365fbcdc174ca126c4cc4cea7e3ad54bf919a17de606593d8b1788f136ddee02","user_id":7,"username":"ldata"}
[2025-11-04 08:55:15]Raw Call Stat: {"success":true,"response":{"success":true,"channel":"SIP\/2002-00000039","status":"up","status_detail":"Call is active and answered - media is flowing","dtmf_input":null,"dtmf_updated_at":null,"dtmf_array":[false]},"error:x:x:":null}
[2025-11-04 08:55:16]Starting api.php
[2025-11-04 08:55:16]Database connection successful
[2025-11-04 08:55:16]MagnusBilling initialized successfully
[2025-11-04 08:55:16]Processing action: get_call_status, User ID: 7, Session data: {"csrf_token":"365fbcdc174ca126c4cc4cea7e3ad54bf919a17de606593d8b1788f136ddee02","user_id":7,"username":"ldata"}
[2025-11-04 08:55:17]Raw Call Stat: {"success":true,"response":{"success":true,"channel":"SIP\/2002-00000039","status":"up","status_detail":"Call is active and answered - media is flowing","dtmf_input":null,"dtmf_updated_at":null,"dtmf_array":[false]},"error:x:x:":null}
[2025-11-04 08:55:18]Starting api.php
[2025-11-04 08:55:18]Database connection successful
[2025-11-04 08:55:18]MagnusBilling initialized successfully
[2025-11-04 08:55:18]Processing action: get_call_status, User ID: 7, Session data: {"csrf_token":"365fbcdc174ca126c4cc4cea7e3ad54bf919a17de606593d8b1788f136ddee02","user_id":7,"username":"ldata"}
[2025-11-04 08:55:19]Raw Call Stat: {"success":true,"response":{"success":true,"channel":"SIP\/2002-00000039","status":"up","status_detail":"Call is active and answered - media is flowing","dtmf_input":null,"dtmf_updated_at":null,"dtmf_array":[false]},"error:x:x:":null}
[2025-11-04 08:55:20]Starting api.php
[2025-11-04 08:55:20]Database connection successful
[2025-11-04 08:55:20]MagnusBilling initialized successfully
[2025-11-04 08:55:20]Processing action: get_call_status, User ID: 7, Session data: {"csrf_token":"365fbcdc174ca126c4cc4cea7e3ad54bf919a17de606593d8b1788f136ddee02","user_id":7,"username":"ldata"}
[2025-11-04 08:55:21]Raw Call Stat: {"success":true,"response":{"success":true,"channel":"SIP\/2002-00000039","status":"up","status_detail":"Call is active and answered - media is flowing","dtmf_input":null,"dtmf_updated_at":null,"dtmf_array":[false]},"error:x:x:":null}
[2025-11-04 08:55:22]Starting api.php
[2025-11-04 08:55:22]Database connection successful
[2025-11-04 08:55:22]MagnusBilling initialized successfully
[2025-11-04 08:55:22]Processing action: get_call_status, User ID: 7, Session data: {"csrf_token":"365fbcdc174ca126c4cc4cea7e3ad54bf919a17de606593d8b1788f136ddee02","user_id":7,"username":"ldata"}
[2025-11-04 08:55:23]Raw Call Stat: {"success":true,"response":{"success":true,"channel":"SIP\/2002-00000039","status":"up","status_detail":"Call is active and answered - media is flowing","dtmf_input":null,"dtmf_updated_at":null,"dtmf_array":[false]},"error:x:x:":null}
[2025-11-04 08:55:24]Starting api.php
[2025-11-04 08:55:24]Database connection successful
[2025-11-04 08:55:24]MagnusBilling initialized successfully
[2025-11-04 08:55:24]Processing action: get_call_status, User ID: 7, Session data: {"csrf_token":"365fbcdc174ca126c4cc4cea7e3ad54bf919a17de606593d8b1788f136ddee02","user_id":7,"username":"ldata"}
[2025-11-04 08:55:25]Raw Call Stat: {"success":true,"response":{"success":true,"channel":"SIP\/2002-00000039","status":"up","status_detail":"Call is active and answered - media is flowing","dtmf_input":null,"dtmf_updated_at":null,"dtmf_array":[false]},"error:x:x:":null}
[2025-11-04 08:55:26]Starting api.php
[2025-11-04 08:55:26]Database connection successful
[2025-11-04 08:55:26]MagnusBilling initialized successfully
[2025-11-04 08:55:26]Processing action: get_call_status, User ID: 7, Session data: {"csrf_token":"365fbcdc174ca126c4cc4cea7e3ad54bf919a17de606593d8b1788f136ddee02","user_id":7,"username":"ldata"}
[2025-11-04 08:55:27]Raw Call Stat: {"success":true,"response":{"success":true,"channel":"SIP\/2002-00000039","status":"up","status_detail":"Call is active and answered - media is flowing","dtmf_input":null,"dtmf_updated_at":null,"dtmf_array":[false]},"error:x:x:":null}
[2025-11-04 08:55:28]Starting api.php
[2025-11-04 08:55:28]Database connection successful
[2025-11-04 08:55:28]MagnusBilling initialized successfully
[2025-11-04 08:55:28]Processing action: get_call_status, User ID: 7, Session data: {"csrf_token":"365fbcdc174ca126c4cc4cea7e3ad54bf919a17de606593d8b1788f136ddee02","user_id":7,"username":"ldata"}
[2025-11-04 08:55:29]Raw Call Stat: {"success":true,"response":{"success":true,"channel":"SIP\/2002-00000039","status":"up","status_detail":"Call is active and answered - media is flowing","dtmf_input":null,"dtmf_updated_at":null,"dtmf_array":[false]},"error:x:x:":null}
[2025-11-04 08:55:30]Starting api.php
[2025-11-04 08:55:30]Database connection successful
[2025-11-04 08:55:30]MagnusBilling initialized successfully
[2025-11-04 08:55:30]Processing action: get_call_status, User ID: 7, Session data: {"csrf_token":"365fbcdc174ca126c4cc4cea7e3ad54bf919a17de606593d8b1788f136ddee02","user_id":7,"username":"ldata"}
[2025-11-04 08:55:31]Raw Call Stat: {"success":true,"response":{"success":true,"channel":"SIP\/2002-00000039","status":"up","status_detail":"Call is active and answered - media is flowing","dtmf_input":null,"dtmf_updated_at":null,"dtmf_array":[false]},"error:x:x:":null}
[2025-11-04 08:55:32]Starting api.php
[2025-11-04 08:55:32]Database connection successful
[2025-11-04 08:55:32]MagnusBilling initialized successfully
[2025-11-04 08:55:32]Processing action: get_call_status, User ID: 7, Session data: {"csrf_token":"365fbcdc174ca126c4cc4cea7e3ad54bf919a17de606593d8b1788f136ddee02","user_id":7,"username":"ldata"}
[2025-11-04 08:55:33]Raw Call Stat: {"success":true,"response":{"success":true,"channel":"SIP\/2002-00000039","status":"up","status_detail":"Call is active and answered - media is flowing","dtmf_input":null,"dtmf_updated_at":null,"dtmf_array":[false]},"error:x:x:":null}
[2025-11-04 08:55:34]Starting api.php
[2025-11-04 08:55:34]Database connection successful
[2025-11-04 08:55:34]MagnusBilling initialized successfully
[2025-11-04 08:55:34]Processing action: get_call_status, User ID: 7, Session data: {"csrf_token":"365fbcdc174ca126c4cc4cea7e3ad54bf919a17de606593d8b1788f136ddee02","user_id":7,"username":"ldata"}
[2025-11-04 08:55:35]Raw Call Stat: {"success":true,"response":{"success":true,"channel":"SIP\/2002-00000039","status":"up","status_detail":"Call is active and answered - media is flowing","dtmf_input":null,"dtmf_updated_at":null,"dtmf_array":[false]},"error:x:x:":null}
[2025-11-04 08:55:36]Starting api.php
[2025-11-04 08:55:36]Database connection successful
[2025-11-04 08:55:36]MagnusBilling initialized successfully
[2025-11-04 08:55:36]Processing action: get_call_status, User ID: 7, Session data: {"csrf_token":"365fbcdc174ca126c4cc4cea7e3ad54bf919a17de606593d8b1788f136ddee02","user_id":7,"username":"ldata"}
[2025-11-04 08:55:37]Raw Call Stat: {"success":true,"response":{"success":true,"channel":"SIP\/2002-00000039","status":"up","status_detail":"Call is active and answered - media is flowing","dtmf_input":null,"dtmf_updated_at":null,"dtmf_array":[false]},"error:x:x:":null}
[2025-11-04 08:55:38]Starting api.php
[2025-11-04 08:55:38]Database connection successful
[2025-11-04 08:55:38]MagnusBilling initialized successfully
[2025-11-04 08:55:38]Processing action: get_call_status, User ID: 7, Session data: {"csrf_token":"365fbcdc174ca126c4cc4cea7e3ad54bf919a17de606593d8b1788f136ddee02","user_id":7,"username":"ldata"}
[2025-11-04 08:55:39]Raw Call Stat: {"success":true,"response":{"success":true,"channel":"SIP\/2002-00000039","status":"up","status_detail":"Call is active and answered - media is flowing","dtmf_input":"2","dtmf_updated_at":"2025-11-04 03:25:38","dtmf_array":{"dtmf_input":"2","updated_at":"2025-11-04 03:25:38"}},"error:x:x:":null}
[2025-11-04 08:55:40]Starting api.php
[2025-11-04 08:55:40]Database connection successful
[2025-11-04 08:55:40]MagnusBilling initialized successfully
[2025-11-04 08:55:40]Processing action: get_call_status, User ID: 7, Session data: {"csrf_token":"365fbcdc174ca126c4cc4cea7e3ad54bf919a17de606593d8b1788f136ddee02","user_id":7,"username":"ldata"}
[2025-11-04 08:55:41]Raw Call Stat: {"success":true,"response":{"success":true,"channel":"SIP\/2002-00000039","status":"up","status_detail":"Call is active and answered - media is flowing","dtmf_input":"2","dtmf_updated_at":"2025-11-04 03:25:38","dtmf_array":{"dtmf_input":"2","updated_at":"2025-11-04 03:25:38"}},"error:x:x:":null}
[2025-11-04 08:55:42]Starting api.php
[2025-11-04 08:55:42]Database connection successful
[2025-11-04 08:55:42]MagnusBilling initialized successfully
[2025-11-04 08:55:42]Processing action: get_call_status, User ID: 7, Session data: {"csrf_token":"365fbcdc174ca126c4cc4cea7e3ad54bf919a17de606593d8b1788f136ddee02","user_id":7,"username":"ldata"}
[2025-11-04 08:55:43]Raw Call Stat: {"success":true,"response":{"success":true,"channel":"SIP\/2002-00000039","status":"up","status_detail":"Call is active and answered - media is flowing","dtmf_input":"2","dtmf_updated_at":"2025-11-04 03:25:38","dtmf_array":{"dtmf_input":"2","updated_at":"2025-11-04 03:25:38"}},"error:x:x:":null}
[2025-11-04 08:55:44]Starting api.php
[2025-11-04 08:55:44]Database connection successful
[2025-11-04 08:55:44]MagnusBilling initialized successfully
[2025-11-04 08:55:44]Processing action: get_call_status, User ID: 7, Session data: {"csrf_token":"365fbcdc174ca126c4cc4cea7e3ad54bf919a17de606593d8b1788f136ddee02","user_id":7,"username":"ldata"}
[2025-11-04 08:55:45]Raw Call Stat: {"success":true,"response":{"success":true,"channel":"SIP\/2002-00000039","status":"ended","status_detail":"Channel no longer exists","dtmf_input":"2","dtmf_updated_at":"2025-11-04 03:25:38","dtmf_array":{"dtmf_input":"2","updated_at":"2025-11-04 03:25:38"}},"error:x:x:":null}
[2025-11-04 09:05:49]Starting api.php
[2025-11-04 09:05:49]Database connection successful
[2025-11-04 09:05:49]MagnusBilling initialized successfully
[2025-11-04 09:05:49]Processing action: initiate_call, User ID: 7, Session data: {"csrf_token":"365fbcdc174ca126c4cc4cea7e3ad54bf919a17de606593d8b1788f136ddee02","user_id":7,"username":"ldata"}
[2025-11-04 09:05:55]CallManager Output: {"success":true,"response":{"success":true,"output":{"success":true,"ami_response":{"response":"Success","actionid":"orig_6909749a7a46c","message":"Originate successfully queued"},"channel":"SIP\/2002-0000003a","error":null},"channel":"SIP\/2002-0000003a","cdr_uniqueid":"call_69097499bd295"},"error:x:x:":null}
[2025-11-04 09:05:55]CallManager Output(2): {"success":true,"output":{"success":true,"ami_response":{"response":"Success","actionid":"orig_6909749a7a46c","message":"Originate successfully queued"},"channel":"SIP\/2002-0000003a","error":null},"channel":"SIP\/2002-0000003a","cdr_uniqueid":"call_69097499bd295"}
[2025-11-04 09:05:55]Initiated call: call_id=283, magnus_call_id=call_69097499bd295, customer_number=2002, callback_method=softphone
[2025-11-04 09:05:57]Starting api.php
[2025-11-04 09:05:57]Database connection successful
[2025-11-04 09:05:57]MagnusBilling initialized successfully
[2025-11-04 09:05:57]Processing action: get_call_status, User ID: 7, Session data: {"csrf_token":"365fbcdc174ca126c4cc4cea7e3ad54bf919a17de606593d8b1788f136ddee02","user_id":7,"username":"ldata"}
[2025-11-04 09:05:58]Raw Call Stat: {"success":true,"response":{"success":true,"channel":"SIP\/2002-0000003a","status":"up","status_detail":"Call is active and answered - media is flowing","dtmf_input":null,"dtmf_updated_at":null,"dtmf_array":[false]},"error:x:x:":null}
[2025-11-04 09:05:59]Starting api.php
[2025-11-04 09:05:59]Database connection successful
[2025-11-04 09:05:59]MagnusBilling initialized successfully
[2025-11-04 09:05:59]Processing action: get_call_status, User ID: 7, Session data: {"csrf_token":"365fbcdc174ca126c4cc4cea7e3ad54bf919a17de606593d8b1788f136ddee02","user_id":7,"username":"ldata"}
[2025-11-04 09:06:00]Raw Call Stat: {"success":true,"response":{"success":true,"channel":"SIP\/2002-0000003a","status":"up","status_detail":"Call is active and answered - media is flowing","dtmf_input":null,"dtmf_updated_at":null,"dtmf_array":[false]},"error:x:x:":null}
[2025-11-04 09:06:01]Starting api.php
[2025-11-04 09:06:01]Database connection successful
[2025-11-04 09:06:01]MagnusBilling initialized successfully
[2025-11-04 09:06:01]Processing action: get_call_status, User ID: 7, Session data: {"csrf_token":"365fbcdc174ca126c4cc4cea7e3ad54bf919a17de606593d8b1788f136ddee02","user_id":7,"username":"ldata"}
[2025-11-04 09:06:08]Raw Call Stat: {"success":true,"response":{"success":true,"channel":"SIP\/2002-0000003a","status":"up","status_detail":"Call is active and answered - media is flowing","dtmf_input":null,"dtmf_updated_at":null,"dtmf_array":[false]},"error:x:x:":null}
[2025-11-04 09:06:08]Starting api.php
[2025-11-04 09:06:08]Database connection successful
[2025-11-04 09:06:08]MagnusBilling initialized successfully
[2025-11-04 09:06:08]Processing action: get_call_status, User ID: 7, Session data: {"csrf_token":"365fbcdc174ca126c4cc4cea7e3ad54bf919a17de606593d8b1788f136ddee02","user_id":7,"username":"ldata"}
[2025-11-04 09:06:09]Raw Call Stat: {"success":true,"response":{"success":true,"channel":"SIP\/2002-0000003a","status":"up","status_detail":"Call is active and answered - media is flowing","dtmf_input":null,"dtmf_updated_at":null,"dtmf_array":[false]},"error:x:x:":null}
[2025-11-04 09:06:09]Starting api.php
[2025-11-04 09:06:09]Database connection successful
[2025-11-04 09:06:09]MagnusBilling initialized successfully
[2025-11-04 09:06:09]Processing action: get_call_status, User ID: 7, Session data: {"csrf_token":"365fbcdc174ca126c4cc4cea7e3ad54bf919a17de606593d8b1788f136ddee02","user_id":7,"username":"ldata"}
[2025-11-04 09:06:11]Raw Call Stat: {"success":true,"response":{"success":true,"channel":"SIP\/2002-0000003a","status":"up","status_detail":"Call is active and answered - media is flowing","dtmf_input":null,"dtmf_updated_at":null,"dtmf_array":[false]},"error:x:x:":null}
[2025-11-04 09:06:11]Starting api.php
[2025-11-04 09:06:11]Database connection successful
[2025-11-04 09:06:11]MagnusBilling initialized successfully
[2025-11-04 09:06:11]Processing action: get_call_status, User ID: 7, Session data: {"csrf_token":"365fbcdc174ca126c4cc4cea7e3ad54bf919a17de606593d8b1788f136ddee02","user_id":7,"username":"ldata"}
[2025-11-04 09:06:12]Raw Call Stat: {"success":true,"response":{"success":true,"channel":"SIP\/2002-0000003a","status":"up","status_detail":"Call is active and answered - media is flowing","dtmf_input":null,"dtmf_updated_at":null,"dtmf_array":[false]},"error:x:x:":null}
[2025-11-04 09:06:12]Starting api.php
[2025-11-04 09:06:12]Database connection successful
[2025-11-04 09:06:12]MagnusBilling initialized successfully
[2025-11-04 09:06:12]Processing action: get_call_status, User ID: 7, Session data: {"csrf_token":"365fbcdc174ca126c4cc4cea7e3ad54bf919a17de606593d8b1788f136ddee02","user_id":7,"username":"ldata"}
[2025-11-04 09:06:13]Raw Call Stat: {"success":true,"response":{"success":true,"channel":"SIP\/2002-0000003a","status":"up","status_detail":"Call is active and answered - media is flowing","dtmf_input":null,"dtmf_updated_at":null,"dtmf_array":[false]},"error:x:x:":null}
[2025-11-04 09:06:13]Starting api.php
[2025-11-04 09:06:13]Database connection successful
[2025-11-04 09:06:13]MagnusBilling initialized successfully
[2025-11-04 09:06:13]Processing action: get_call_status, User ID: 7, Session data: {"csrf_token":"365fbcdc174ca126c4cc4cea7e3ad54bf919a17de606593d8b1788f136ddee02","user_id":7,"username":"ldata"}
[2025-11-04 09:06:14]Raw Call Stat: {"success":true,"response":{"success":true,"channel":"SIP\/2002-0000003a","status":"up","status_detail":"Call is active and answered - media is flowing","dtmf_input":null,"dtmf_updated_at":null,"dtmf_array":[false]},"error:x:x:":null}
[2025-11-04 09:06:15]Starting api.php
[2025-11-04 09:06:15]Database connection successful
[2025-11-04 09:06:15]MagnusBilling initialized successfully
[2025-11-04 09:06:15]Processing action: get_call_status, User ID: 7, Session data: {"csrf_token":"365fbcdc174ca126c4cc4cea7e3ad54bf919a17de606593d8b1788f136ddee02","user_id":7,"username":"ldata"}
[2025-11-04 09:06:16]Raw Call Stat: {"success":true,"response":{"success":true,"channel":"SIP\/2002-0000003a","status":"up","status_detail":"Call is active and answered - media is flowing","dtmf_input":null,"dtmf_updated_at":null,"dtmf_array":[false]},"error:x:x:":null}
[2025-11-04 09:06:16]Starting api.php
[2025-11-04 09:06:16]Database connection successful
[2025-11-04 09:06:16]MagnusBilling initialized successfully
[2025-11-04 09:06:16]Processing action: get_call_status, User ID: 7, Session data: {"csrf_token":"365fbcdc174ca126c4cc4cea7e3ad54bf919a17de606593d8b1788f136ddee02","user_id":7,"username":"ldata"}
[2025-11-04 09:06:17]Raw Call Stat: {"success":true,"response":{"success":true,"channel":"SIP\/2002-0000003a","status":"up","status_detail":"Call is active and answered - media is flowing","dtmf_input":null,"dtmf_updated_at":null,"dtmf_array":[false]},"error:x:x:":null}
[2025-11-04 09:06:17]Starting api.php
[2025-11-04 09:06:17]Database connection successful
[2025-11-04 09:06:17]MagnusBilling initialized successfully
[2025-11-04 09:06:17]Processing action: get_call_status, User ID: 7, Session data: {"csrf_token":"365fbcdc174ca126c4cc4cea7e3ad54bf919a17de606593d8b1788f136ddee02","user_id":7,"username":"ldata"}
[2025-11-04 09:06:19]Raw Call Stat: {"success":true,"response":{"success":true,"channel":"SIP\/2002-0000003a","status":"up","status_detail":"Call is active and answered - media is flowing","dtmf_input":null,"dtmf_updated_at":null,"dtmf_array":[false]},"error:x:x:":null}
[2025-11-04 09:06:19]Starting api.php
[2025-11-04 09:06:19]Database connection successful
[2025-11-04 09:06:19]MagnusBilling initialized successfully
[2025-11-04 09:06:19]Processing action: get_call_status, User ID: 7, Session data: {"csrf_token":"365fbcdc174ca126c4cc4cea7e3ad54bf919a17de606593d8b1788f136ddee02","user_id":7,"username":"ldata"}
[2025-11-04 09:06:20]Raw Call Stat: {"success":true,"response":{"success":true,"channel":"SIP\/2002-0000003a","status":"up","status_detail":"Call is active and answered - media is flowing","dtmf_input":null,"dtmf_updated_at":null,"dtmf_array":[false]},"error:x:x:":null}
[2025-11-04 09:06:21]Starting api.php
[2025-11-04 09:06:21]Database connection successful
[2025-11-04 09:06:21]MagnusBilling initialized successfully
[2025-11-04 09:06:21]Processing action: get_call_status, User ID: 7, Session data: {"csrf_token":"365fbcdc174ca126c4cc4cea7e3ad54bf919a17de606593d8b1788f136ddee02","user_id":7,"username":"ldata"}
[2025-11-04 09:06:22]Raw Call Stat: {"success":true,"response":{"success":true,"channel":"SIP\/2002-0000003a","status":"up","status_detail":"Call is active and answered - media is flowing","dtmf_input":null,"dtmf_updated_at":null,"dtmf_array":[false]},"error:x:x:":null}
[2025-11-04 09:06:23]Starting api.php
[2025-11-04 09:06:23]Database connection successful
[2025-11-04 09:06:23]MagnusBilling initialized successfully
[2025-11-04 09:06:23]Processing action: get_call_status, User ID: 7, Session data: {"csrf_token":"365fbcdc174ca126c4cc4cea7e3ad54bf919a17de606593d8b1788f136ddee02","user_id":7,"username":"ldata"}
[2025-11-04 09:06:25]Raw Call Stat: {"success":true,"response":{"success":true,"channel":"SIP\/2002-0000003a","status":"up","status_detail":"Call is active and answered - media is flowing","dtmf_input":null,"dtmf_updated_at":null,"dtmf_array":[false]},"error:x:x:":null}
[2025-11-04 09:06:25]Starting api.php
[2025-11-04 09:06:25]Database connection successful
[2025-11-04 09:06:25]MagnusBilling initialized successfully
[2025-11-04 09:06:25]Processing action: get_call_status, User ID: 7, Session data: {"csrf_token":"365fbcdc174ca126c4cc4cea7e3ad54bf919a17de606593d8b1788f136ddee02","user_id":7,"username":"ldata"}
[2025-11-04 09:06:26]Raw Call Stat: {"success":true,"response":{"success":true,"channel":"SIP\/2002-0000003a","status":"up","status_detail":"Call is active and answered - media is flowing","dtmf_input":null,"dtmf_updated_at":null,"dtmf_array":[false]},"error:x:x:":null}
[2025-11-04 09:06:27]Starting api.php
[2025-11-04 09:06:27]Database connection successful
[2025-11-04 09:06:27]MagnusBilling initialized successfully
[2025-11-04 09:06:27]Processing action: get_call_status, User ID: 7, Session data: {"csrf_token":"365fbcdc174ca126c4cc4cea7e3ad54bf919a17de606593d8b1788f136ddee02","user_id":7,"username":"ldata"}
[2025-11-04 09:06:28]Raw Call Stat: {"success":true,"response":{"success":true,"channel":"SIP\/2002-0000003a","status":"up","status_detail":"Call is active and answered - media is flowing","dtmf_input":null,"dtmf_updated_at":null,"dtmf_array":[false]},"error:x:x:":null}
[2025-11-04 09:06:29]Starting api.php
[2025-11-04 09:06:29]Database connection successful
[2025-11-04 09:06:29]MagnusBilling initialized successfully
[2025-11-04 09:06:29]Processing action: get_call_status, User ID: 7, Session data: {"csrf_token":"365fbcdc174ca126c4cc4cea7e3ad54bf919a17de606593d8b1788f136ddee02","user_id":7,"username":"ldata"}
[2025-11-04 09:06:30]Raw Call Stat: {"success":true,"response":{"success":true,"channel":"SIP\/2002-0000003a","status":"up","status_detail":"Call is active and answered - media is flowing","dtmf_input":null,"dtmf_updated_at":null,"dtmf_array":[false]},"error:x:x:":null}
[2025-11-04 09:06:31]Starting api.php
[2025-11-04 09:06:31]Database connection successful
[2025-11-04 09:06:31]MagnusBilling initialized successfully
[2025-11-04 09:06:31]Processing action: get_call_status, User ID: 7, Session data: {"csrf_token":"365fbcdc174ca126c4cc4cea7e3ad54bf919a17de606593d8b1788f136ddee02","user_id":7,"username":"ldata"}
[2025-11-04 09:06:32]Raw Call Stat: {"success":true,"response":{"success":true,"channel":"SIP\/2002-0000003a","status":"up","status_detail":"Call is active and answered - media is flowing","dtmf_input":null,"dtmf_updated_at":null,"dtmf_array":[false]},"error:x:x:":null}
[2025-11-04 09:06:33]Starting api.php
[2025-11-04 09:06:33]Database connection successful
[2025-11-04 09:06:33]MagnusBilling initialized successfully
[2025-11-04 09:06:33]Processing action: get_call_status, User ID: 7, Session data: {"csrf_token":"365fbcdc174ca126c4cc4cea7e3ad54bf919a17de606593d8b1788f136ddee02","user_id":7,"username":"ldata"}
[2025-11-04 09:06:34]Raw Call Stat: {"success":true,"response":{"success":true,"channel":"SIP\/2002-0000003a","status":"up","status_detail":"Call is active and answered - media is flowing","dtmf_input":null,"dtmf_updated_at":null,"dtmf_array":[false]},"error:x:x:":null}
[2025-11-04 09:06:35]Starting api.php
[2025-11-04 09:06:35]Database connection successful
[2025-11-04 09:06:35]MagnusBilling initialized successfully
[2025-11-04 09:06:35]Processing action: get_call_status, User ID: 7, Session data: {"csrf_token":"365fbcdc174ca126c4cc4cea7e3ad54bf919a17de606593d8b1788f136ddee02","user_id":7,"username":"ldata"}
[2025-11-04 09:06:36]Raw Call Stat: {"success":true,"response":{"success":true,"channel":"SIP\/2002-0000003a","status":"up","status_detail":"Call is active and answered - media is flowing","dtmf_input":null,"dtmf_updated_at":null,"dtmf_array":[false]},"error:x:x:":null}
[2025-11-04 09:06:37]Starting api.php
[2025-11-04 09:06:37]Database connection successful
[2025-11-04 09:06:37]MagnusBilling initialized successfully
[2025-11-04 09:06:37]Processing action: get_call_status, User ID: 7, Session data: {"csrf_token":"365fbcdc174ca126c4cc4cea7e3ad54bf919a17de606593d8b1788f136ddee02","user_id":7,"username":"ldata"}
[2025-11-04 09:06:38]Raw Call Stat: {"success":true,"response":{"success":true,"channel":"SIP\/2002-0000003a","status":"up","status_detail":"Call is active and answered - media is flowing","dtmf_input":null,"dtmf_updated_at":null,"dtmf_array":[false]},"error:x:x:":null}
[2025-11-04 09:06:39]Starting api.php
[2025-11-04 09:06:39]Database connection successful
[2025-11-04 09:06:39]MagnusBilling initialized successfully
[2025-11-04 09:06:39]Processing action: get_call_status, User ID: 7, Session data: {"csrf_token":"365fbcdc174ca126c4cc4cea7e3ad54bf919a17de606593d8b1788f136ddee02","user_id":7,"username":"ldata"}
[2025-11-04 09:06:40]Raw Call Stat: {"success":true,"response":{"success":true,"channel":"SIP\/2002-0000003a","status":"up","status_detail":"Call is active and answered - media is flowing","dtmf_input":null,"dtmf_updated_at":null,"dtmf_array":[false]},"error:x:x:":null}
[2025-11-04 09:06:41]Starting api.php
[2025-11-04 09:06:41]Database connection successful
[2025-11-04 09:06:41]MagnusBilling initialized successfully
[2025-11-04 09:06:41]Processing action: get_call_status, User ID: 7, Session data: {"csrf_token":"365fbcdc174ca126c4cc4cea7e3ad54bf919a17de606593d8b1788f136ddee02","user_id":7,"username":"ldata"}
[2025-11-04 09:06:42]Raw Call Stat: {"success":true,"response":{"success":true,"channel":"SIP\/2002-0000003a","status":"up","status_detail":"Call is active and answered - media is flowing","dtmf_input":null,"dtmf_updated_at":null,"dtmf_array":[false]},"error:x:x:":null}
[2025-11-04 09:06:43]Starting api.php
[2025-11-04 09:06:43]Database connection successful
[2025-11-04 09:06:43]MagnusBilling initialized successfully
[2025-11-04 09:06:43]Processing action: get_call_status, User ID: 7, Session data: {"csrf_token":"365fbcdc174ca126c4cc4cea7e3ad54bf919a17de606593d8b1788f136ddee02","user_id":7,"username":"ldata"}
[2025-11-04 09:06:44]Raw Call Stat: {"success":true,"response":{"success":true,"channel":"SIP\/2002-0000003a","status":"up","status_detail":"Call is active and answered - media is flowing","dtmf_input":null,"dtmf_updated_at":null,"dtmf_array":[false]},"error:x:x:":null}
[2025-11-04 09:06:45]Starting api.php
[2025-11-04 09:06:45]Database connection successful
[2025-11-04 09:06:45]MagnusBilling initialized successfully
[2025-11-04 09:06:45]Processing action: get_call_status, User ID: 7, Session data: {"csrf_token":"365fbcdc174ca126c4cc4cea7e3ad54bf919a17de606593d8b1788f136ddee02","user_id":7,"username":"ldata"}
[2025-11-04 09:06:46]Raw Call Stat: {"success":true,"response":{"success":true,"channel":"SIP\/2002-0000003a","status":"up","status_detail":"Call is active and answered - media is flowing","dtmf_input":null,"dtmf_updated_at":null,"dtmf_array":[false]},"error:x:x:":null}
[2025-11-04 09:06:47]Starting api.php
[2025-11-04 09:06:47]Database connection successful
[2025-11-04 09:06:47]MagnusBilling initialized successfully
[2025-11-04 09:06:47]Processing action: get_call_status, User ID: 7, Session data: {"csrf_token":"365fbcdc174ca126c4cc4cea7e3ad54bf919a17de606593d8b1788f136ddee02","user_id":7,"username":"ldata"}
[2025-11-04 09:06:48]Raw Call Stat: {"success":true,"response":{"success":true,"channel":"SIP\/2002-0000003a","status":"up","status_detail":"Call is active and answered - media is flowing","dtmf_input":null,"dtmf_updated_at":null,"dtmf_array":[false]},"error:x:x:":null}
[2025-11-04 09:06:49]Starting api.php
[2025-11-04 09:06:49]Database connection successful
[2025-11-04 09:06:49]MagnusBilling initialized successfully
[2025-11-04 09:06:49]Processing action: get_call_status, User ID: 7, Session data: {"csrf_token":"365fbcdc174ca126c4cc4cea7e3ad54bf919a17de606593d8b1788f136ddee02","user_id":7,"username":"ldata"}
[2025-11-04 09:06:50]Raw Call Stat: {"success":true,"response":{"success":true,"channel":"SIP\/2002-0000003a","status":"up","status_detail":"Call is active and answered - media is flowing","dtmf_input":null,"dtmf_updated_at":null,"dtmf_array":[false]},"error:x:x:":null}
[2025-11-04 09:06:51]Starting api.php
[2025-11-04 09:06:51]Database connection successful
[2025-11-04 09:06:51]MagnusBilling initialized successfully
[2025-11-04 09:06:51]Processing action: get_call_status, User ID: 7, Session data: {"csrf_token":"365fbcdc174ca126c4cc4cea7e3ad54bf919a17de606593d8b1788f136ddee02","user_id":7,"username":"ldata"}
[2025-11-04 09:06:52]Raw Call Stat: {"success":true,"response":{"success":true,"channel":"SIP\/2002-0000003a","status":"up","status_detail":"Call is active and answered - media is flowing","dtmf_input":null,"dtmf_updated_at":null,"dtmf_array":[false]},"error:x:x:":null}
[2025-11-04 09:06:53]Starting api.php
[2025-11-04 09:06:53]Database connection successful
[2025-11-04 09:06:53]MagnusBilling initialized successfully
[2025-11-04 09:06:53]Processing action: get_call_status, User ID: 7, Session data: {"csrf_token":"365fbcdc174ca126c4cc4cea7e3ad54bf919a17de606593d8b1788f136ddee02","user_id":7,"username":"ldata"}
[2025-11-04 09:06:54]Raw Call Stat: {"success":true,"response":{"success":true,"channel":"SIP\/2002-0000003a","status":"up","status_detail":"Call is active and answered - media is flowing","dtmf_input":null,"dtmf_updated_at":null,"dtmf_array":[false]},"error:x:x:":null}
[2025-11-04 09:06:55]Starting api.php
[2025-11-04 09:06:55]Database connection successful
[2025-11-04 09:06:55]MagnusBilling initialized successfully
[2025-11-04 09:06:55]Processing action: get_call_status, User ID: 7, Session data: {"csrf_token":"365fbcdc174ca126c4cc4cea7e3ad54bf919a17de606593d8b1788f136ddee02","user_id":7,"username":"ldata"}
[2025-11-04 09:06:56]Raw Call Stat: {"success":true,"response":{"success":true,"channel":"SIP\/2002-0000003a","status":"up","status_detail":"Call is active and answered - media is flowing","dtmf_input":null,"dtmf_updated_at":null,"dtmf_array":[false]},"error:x:x:":null}
[2025-11-04 09:06:57]Starting api.php
[2025-11-04 09:06:57]Database connection successful
[2025-11-04 09:06:57]MagnusBilling initialized successfully
[2025-11-04 09:06:57]Processing action: get_call_status, User ID: 7, Session data: {"csrf_token":"365fbcdc174ca126c4cc4cea7e3ad54bf919a17de606593d8b1788f136ddee02","user_id":7,"username":"ldata"}
[2025-11-04 09:06:58]Raw Call Stat: {"success":true,"response":{"success":true,"channel":"SIP\/2002-0000003a","status":"up","status_detail":"Call is active and answered - media is flowing","dtmf_input":null,"dtmf_updated_at":null,"dtmf_array":[false]},"error:x:x:":null}
[2025-11-04 09:06:59]Starting api.php
[2025-11-04 09:06:59]Database connection successful
[2025-11-04 09:06:59]MagnusBilling initialized successfully
[2025-11-04 09:06:59]Processing action: get_call_status, User ID: 7, Session data: {"csrf_token":"365fbcdc174ca126c4cc4cea7e3ad54bf919a17de606593d8b1788f136ddee02","user_id":7,"username":"ldata"}
[2025-11-04 09:07:00]Raw Call Stat: {"success":true,"response":{"success":true,"channel":"SIP\/2002-0000003a","status":"up","status_detail":"Call is active and answered - media is flowing","dtmf_input":null,"dtmf_updated_at":null,"dtmf_array":[false]},"error:x:x:":null}
[2025-11-04 09:07:01]Starting api.php
[2025-11-04 09:07:01]Database connection successful
[2025-11-04 09:07:01]MagnusBilling initialized successfully
[2025-11-04 09:07:01]Processing action: get_call_status, User ID: 7, Session data: {"csrf_token":"365fbcdc174ca126c4cc4cea7e3ad54bf919a17de606593d8b1788f136ddee02","user_id":7,"username":"ldata"}
[2025-11-04 09:07:06]Raw Call Stat: {"success":true,"response":{"success":true,"channel":"SIP\/2002-0000003a","status":"up","status_detail":"Call is active and answered - media is flowing","dtmf_input":null,"dtmf_updated_at":null,"dtmf_array":[false]},"error:x:x:":null}
[2025-11-04 09:07:06]Starting api.php
[2025-11-04 09:07:06]Database connection successful
[2025-11-04 09:07:06]MagnusBilling initialized successfully
[2025-11-04 09:07:06]Processing action: get_call_status, User ID: 7, Session data: {"csrf_token":"365fbcdc174ca126c4cc4cea7e3ad54bf919a17de606593d8b1788f136ddee02","user_id":7,"username":"ldata"}
[2025-11-04 09:07:08]Raw Call Stat: {"success":true,"response":{"success":true,"channel":"SIP\/2002-0000003a","status":"up","status_detail":"Call is active and answered - media is flowing","dtmf_input":null,"dtmf_updated_at":null,"dtmf_array":[false]},"error:x:x:":null}
[2025-11-04 09:07:08]Starting api.php
[2025-11-04 09:07:08]Database connection successful
[2025-11-04 09:07:08]MagnusBilling initialized successfully
[2025-11-04 09:07:08]Processing action: get_call_status, User ID: 7, Session data: {"csrf_token":"365fbcdc174ca126c4cc4cea7e3ad54bf919a17de606593d8b1788f136ddee02","user_id":7,"username":"ldata"}
[2025-11-04 09:07:10]Raw Call Stat: {"success":true,"response":{"success":true,"channel":"SIP\/2002-0000003a","status":"up","status_detail":"Call is active and answered - media is flowing","dtmf_input":null,"dtmf_updated_at":null,"dtmf_array":[false]},"error:x:x:":null}
[2025-11-04 09:07:10]Starting api.php
[2025-11-04 09:07:10]Database connection successful
[2025-11-04 09:07:10]MagnusBilling initialized successfully
[2025-11-04 09:07:10]Processing action: get_call_status, User ID: 7, Session data: {"csrf_token":"365fbcdc174ca126c4cc4cea7e3ad54bf919a17de606593d8b1788f136ddee02","user_id":7,"username":"ldata"}
[2025-11-04 09:07:11]Raw Call Stat: {"success":true,"response":{"success":true,"channel":"SIP\/2002-0000003a","status":"up","status_detail":"Call is active and answered - media is flowing","dtmf_input":null,"dtmf_updated_at":null,"dtmf_array":[false]},"error:x:x:":null}
[2025-11-04 09:07:11]Starting api.php
[2025-11-04 09:07:11]Database connection successful
[2025-11-04 09:07:11]MagnusBilling initialized successfully
[2025-11-04 09:07:11]Processing action: get_call_status, User ID: 7, Session data: {"csrf_token":"365fbcdc174ca126c4cc4cea7e3ad54bf919a17de606593d8b1788f136ddee02","user_id":7,"username":"ldata"}
[2025-11-04 09:07:12]Raw Call Stat: {"success":true,"response":{"success":true,"channel":"SIP\/2002-0000003a","status":"up","status_detail":"Call is active and answered - media is flowing","dtmf_input":null,"dtmf_updated_at":null,"dtmf_array":[false]},"error:x:x:":null}
[2025-11-04 09:07:12]Starting api.php
[2025-11-04 09:07:12]Database connection successful
[2025-11-04 09:07:12]MagnusBilling initialized successfully
[2025-11-04 09:07:12]Processing action: get_call_status, User ID: 7, Session data: {"csrf_token":"365fbcdc174ca126c4cc4cea7e3ad54bf919a17de606593d8b1788f136ddee02","user_id":7,"username":"ldata"}
[2025-11-04 09:07:14]Raw Call Stat: {"success":true,"response":{"success":true,"channel":"SIP\/2002-0000003a","status":"up","status_detail":"Call is active and answered - media is flowing","dtmf_input":null,"dtmf_updated_at":null,"dtmf_array":[false]},"error:x:x:":null}
[2025-11-04 09:07:14]Starting api.php
[2025-11-04 09:07:14]Database connection successful
[2025-11-04 09:07:14]MagnusBilling initialized successfully
[2025-11-04 09:07:14]Processing action: get_call_status, User ID: 7, Session data: {"csrf_token":"365fbcdc174ca126c4cc4cea7e3ad54bf919a17de606593d8b1788f136ddee02","user_id":7,"username":"ldata"}
[2025-11-04 09:07:15]Raw Call Stat: {"success":true,"response":{"success":true,"channel":"SIP\/2002-0000003a","status":"up","status_detail":"Call is active and answered - media is flowing","dtmf_input":null,"dtmf_updated_at":null,"dtmf_array":[false]},"error:x:x:":null}
[2025-11-04 09:07:15]Starting api.php
[2025-11-04 09:07:15]Database connection successful
[2025-11-04 09:07:15]MagnusBilling initialized successfully
[2025-11-04 09:07:15]Processing action: get_call_status, User ID: 7, Session data: {"csrf_token":"365fbcdc174ca126c4cc4cea7e3ad54bf919a17de606593d8b1788f136ddee02","user_id":7,"username":"ldata"}
[2025-11-04 09:07:16]Raw Call Stat: {"success":true,"response":{"success":true,"channel":"SIP\/2002-0000003a","status":"up","status_detail":"Call is active and answered - media is flowing","dtmf_input":"2","dtmf_updated_at":"2025-11-04 03:37:15","dtmf_array":{"dtmf_input":"2","updated_at":"2025-11-04 03:37:15"}},"error:x:x:":null}
[2025-11-04 09:07:17]Starting api.php
[2025-11-04 09:07:17]Database connection successful
[2025-11-04 09:07:17]MagnusBilling initialized successfully
[2025-11-04 09:07:17]Processing action: get_call_status, User ID: 7, Session data: {"csrf_token":"365fbcdc174ca126c4cc4cea7e3ad54bf919a17de606593d8b1788f136ddee02","user_id":7,"username":"ldata"}
[2025-11-04 09:07:18]Raw Call Stat: {"success":true,"response":{"success":true,"channel":"SIP\/2002-0000003a","status":"up","status_detail":"Call is active and answered - media is flowing","dtmf_input":"2","dtmf_updated_at":"2025-11-04 03:37:15","dtmf_array":{"dtmf_input":"2","updated_at":"2025-11-04 03:37:15"}},"error:x:x:":null}
[2025-11-04 09:07:19]Starting api.php
[2025-11-04 09:07:19]Database connection successful
[2025-11-04 09:07:19]MagnusBilling initialized successfully
[2025-11-04 09:07:19]Processing action: get_call_status, User ID: 7, Session data: {"csrf_token":"365fbcdc174ca126c4cc4cea7e3ad54bf919a17de606593d8b1788f136ddee02","user_id":7,"username":"ldata"}
[2025-11-04 09:07:20]Raw Call Stat: {"success":true,"response":{"success":true,"channel":"SIP\/2002-0000003a","status":"up","status_detail":"Call is active and answered - media is flowing","dtmf_input":"2","dtmf_updated_at":"2025-11-04 03:37:15","dtmf_array":{"dtmf_input":"2","updated_at":"2025-11-04 03:37:15"}},"error:x:x:":null}
[2025-11-04 09:07:21]Starting api.php
[2025-11-04 09:07:21]Database connection successful
[2025-11-04 09:07:21]MagnusBilling initialized successfully
[2025-11-04 09:07:21]Processing action: get_call_status, User ID: 7, Session data: {"csrf_token":"365fbcdc174ca126c4cc4cea7e3ad54bf919a17de606593d8b1788f136ddee02","user_id":7,"username":"ldata"}
[2025-11-04 09:07:23]Raw Call Stat: {"success":true,"response":{"success":true,"channel":"SIP\/2002-0000003a","status":"ended","status_detail":"Channel no longer exists","dtmf_input":"2","dtmf_updated_at":"2025-11-04 03:37:15","dtmf_array":{"dtmf_input":"2","updated_at":"2025-11-04 03:37:15"}},"error:x:x:":null}
[2025-11-04 09:11:22]Starting api.php
[2025-11-04 09:11:22]Database connection successful
[2025-11-04 09:11:22]MagnusBilling initialized successfully
[2025-11-04 09:11:22]Processing action: initiate_call, User ID: 7, Session data: {"csrf_token":"365fbcdc174ca126c4cc4cea7e3ad54bf919a17de606593d8b1788f136ddee02","user_id":7,"username":"ldata"}
[2025-11-04 09:11:28]CallManager Output: {"success":true,"response":{"success":true,"output":{"success":true,"ami_response":{"response":"Success","actionid":"orig_690975e731c5f","message":"Originate successfully queued"},"channel":"SIP\/2002-0000003b","error":null},"channel":"SIP\/2002-0000003b","cdr_uniqueid":"call_690975e6275b3"},"error:x:x:":null}
[2025-11-04 09:11:28]CallManager Output(2): {"success":true,"output":{"success":true,"ami_response":{"response":"Success","actionid":"orig_690975e731c5f","message":"Originate successfully queued"},"channel":"SIP\/2002-0000003b","error":null},"channel":"SIP\/2002-0000003b","cdr_uniqueid":"call_690975e6275b3"}
[2025-11-04 09:11:28]Initiated call: call_id=284, magnus_call_id=call_690975e6275b3, customer_number=2002, callback_method=softphone
[2025-11-04 09:11:30]Starting api.php
[2025-11-04 09:11:30]Database connection successful
[2025-11-04 09:11:30]MagnusBilling initialized successfully
[2025-11-04 09:11:30]Processing action: get_call_status, User ID: 7, Session data: {"csrf_token":"365fbcdc174ca126c4cc4cea7e3ad54bf919a17de606593d8b1788f136ddee02","user_id":7,"username":"ldata"}
[2025-11-04 09:11:31]Raw Call Stat: {"success":true,"response":{"success":true,"channel":"SIP\/2002-0000003b","status":"up","status_detail":"Call is active and answered - media is flowing","dtmf_input":null,"dtmf_updated_at":null,"dtmf_array":[false]},"error:x:x:":null}
[2025-11-04 09:11:32]Starting api.php
[2025-11-04 09:11:32]Database connection successful
[2025-11-04 09:11:32]MagnusBilling initialized successfully
[2025-11-04 09:11:32]Processing action: get_call_status, User ID: 7, Session data: {"csrf_token":"365fbcdc174ca126c4cc4cea7e3ad54bf919a17de606593d8b1788f136ddee02","user_id":7,"username":"ldata"}
[2025-11-04 09:11:33]Raw Call Stat: {"success":true,"response":{"success":true,"channel":"SIP\/2002-0000003b","status":"up","status_detail":"Call is active and answered - media is flowing","dtmf_input":null,"dtmf_updated_at":null,"dtmf_array":[false]},"error:x:x:":null}
[2025-11-04 09:11:34]Starting api.php
[2025-11-04 09:11:34]Database connection successful
[2025-11-04 09:11:34]MagnusBilling initialized successfully
[2025-11-04 09:11:34]Processing action: get_call_status, User ID: 7, Session data: {"csrf_token":"365fbcdc174ca126c4cc4cea7e3ad54bf919a17de606593d8b1788f136ddee02","user_id":7,"username":"ldata"}
[2025-11-04 09:11:35]Raw Call Stat: {"success":true,"response":{"success":true,"channel":"SIP\/2002-0000003b","status":"up","status_detail":"Call is active and answered - media is flowing","dtmf_input":null,"dtmf_updated_at":null,"dtmf_array":[false]},"error:x:x:":null}
[2025-11-04 09:11:36]Starting api.php
[2025-11-04 09:11:36]Database connection successful
[2025-11-04 09:11:36]MagnusBilling initialized successfully
[2025-11-04 09:11:36]Processing action: get_call_status, User ID: 7, Session data: {"csrf_token":"365fbcdc174ca126c4cc4cea7e3ad54bf919a17de606593d8b1788f136ddee02","user_id":7,"username":"ldata"}
[2025-11-04 09:11:37]Raw Call Stat: {"success":true,"response":{"success":true,"channel":"SIP\/2002-0000003b","status":"up","status_detail":"Call is active and answered - media is flowing","dtmf_input":null,"dtmf_updated_at":null,"dtmf_array":[false]},"error:x:x:":null}
[2025-11-04 09:11:38]Starting api.php
[2025-11-04 09:11:38]Database connection successful
[2025-11-04 09:11:38]MagnusBilling initialized successfully
[2025-11-04 09:11:38]Processing action: get_call_status, User ID: 7, Session data: {"csrf_token":"365fbcdc174ca126c4cc4cea7e3ad54bf919a17de606593d8b1788f136ddee02","user_id":7,"username":"ldata"}
[2025-11-04 09:11:39]Raw Call Stat: {"success":true,"response":{"success":true,"channel":"SIP\/2002-0000003b","status":"up","status_detail":"Call is active and answered - media is flowing","dtmf_input":null,"dtmf_updated_at":null,"dtmf_array":[false]},"error:x:x:":null}
[2025-11-04 09:11:40]Starting api.php
[2025-11-04 09:11:40]Database connection successful
[2025-11-04 09:11:40]MagnusBilling initialized successfully
[2025-11-04 09:11:40]Processing action: get_call_status, User ID: 7, Session data: {"csrf_token":"365fbcdc174ca126c4cc4cea7e3ad54bf919a17de606593d8b1788f136ddee02","user_id":7,"username":"ldata"}
[2025-11-04 09:11:41]Raw Call Stat: {"success":true,"response":{"success":true,"channel":"SIP\/2002-0000003b","status":"up","status_detail":"Call is active and answered - media is flowing","dtmf_input":null,"dtmf_updated_at":null,"dtmf_array":[false]},"error:x:x:":null}
[2025-11-04 09:11:42]Starting api.php
[2025-11-04 09:11:42]Database connection successful
[2025-11-04 09:11:42]MagnusBilling initialized successfully
[2025-11-04 09:11:42]Processing action: get_call_status, User ID: 7, Session data: {"csrf_token":"365fbcdc174ca126c4cc4cea7e3ad54bf919a17de606593d8b1788f136ddee02","user_id":7,"username":"ldata"}
[2025-11-04 09:11:43]Raw Call Stat: {"success":true,"response":{"success":true,"channel":"SIP\/2002-0000003b","status":"up","status_detail":"Call is active and answered - media is flowing","dtmf_input":null,"dtmf_updated_at":null,"dtmf_array":[false]},"error:x:x:":null}
[2025-11-04 09:11:43]Starting api.php
[2025-11-04 09:11:43]Database connection successful
[2025-11-04 09:11:43]MagnusBilling initialized successfully
[2025-11-04 09:11:43]Processing action: end_call, User ID: 7, Session data: {"csrf_token":"365fbcdc174ca126c4cc4cea7e3ad54bf919a17de606593d8b1788f136ddee02","user_id":7,"username":"ldata"}
[2025-11-04 09:11:44]CallManager Output: {"success":true,"response":{"success":true,"output":"No such channel"},"error:x:x:":null}
[2025-11-04 09:11:45]Ended call: call_id=282, callChannel=SIP/2002-00000039, CDR Uniqueid=call_690971d060052
[2025-11-04 09:11:45]Starting api.php
[2025-11-04 09:11:45]Database connection successful
[2025-11-04 09:11:45]MagnusBilling initialized successfully
[2025-11-04 09:11:45]Processing action: get_call_status, User ID: 7, Session data: {"csrf_token":"365fbcdc174ca126c4cc4cea7e3ad54bf919a17de606593d8b1788f136ddee02","user_id":7,"username":"ldata"}
[2025-11-04 09:11:46]Raw Call Stat: {"success":true,"response":{"success":true,"channel":"SIP\/2002-0000003b","status":"up","status_detail":"Call is active and answered - media is flowing","dtmf_input":null,"dtmf_updated_at":null,"dtmf_array":[false]},"error:x:x:":null}
[2025-11-04 09:11:46]Starting api.php
[2025-11-04 09:11:46]Database connection successful
[2025-11-04 09:11:46]MagnusBilling initialized successfully
[2025-11-04 09:11:46]Processing action: get_call_status, User ID: 7, Session data: {"csrf_token":"365fbcdc174ca126c4cc4cea7e3ad54bf919a17de606593d8b1788f136ddee02","user_id":7,"username":"ldata"}
[2025-11-04 09:11:47]Raw Call Stat: {"success":true,"response":{"success":true,"channel":"SIP\/2002-0000003b","status":"up","status_detail":"Call is active and answered - media is flowing","dtmf_input":null,"dtmf_updated_at":null,"dtmf_array":[false]},"error:x:x:":null}
[2025-11-04 09:11:47]Starting api.php
[2025-11-04 09:11:47]Database connection successful
[2025-11-04 09:11:47]MagnusBilling initialized successfully
[2025-11-04 09:11:47]Processing action: end_call, User ID: 7, Session data: {"csrf_token":"365fbcdc174ca126c4cc4cea7e3ad54bf919a17de606593d8b1788f136ddee02","user_id":7,"username":"ldata"}
[2025-11-04 09:11:49]CallManager Output: {"success":true,"response":{"success":true,"output":"No such channel"},"error:x:x:":null}
[2025-11-04 09:11:49]Ended call: call_id=283, callChannel=SIP/2002-0000003a, CDR Uniqueid=call_69097499bd295
[2025-11-04 09:11:49]Starting api.php
[2025-11-04 09:11:49]Database connection successful
[2025-11-04 09:11:49]MagnusBilling initialized successfully
[2025-11-04 09:11:49]Processing action: get_call_status, User ID: 7, Session data: {"csrf_token":"365fbcdc174ca126c4cc4cea7e3ad54bf919a17de606593d8b1788f136ddee02","user_id":7,"username":"ldata"}
[2025-11-04 09:11:50]Raw Call Stat: {"success":true,"response":{"success":true,"channel":"SIP\/2002-0000003b","status":"up","status_detail":"Call is active and answered - media is flowing","dtmf_input":null,"dtmf_updated_at":null,"dtmf_array":[false]},"error:x:x:":null}
[2025-11-04 09:11:50]Starting api.php
[2025-11-04 09:11:50]Database connection successful
[2025-11-04 09:11:50]MagnusBilling initialized successfully
[2025-11-04 09:11:50]Processing action: get_call_status, User ID: 7, Session data: {"csrf_token":"365fbcdc174ca126c4cc4cea7e3ad54bf919a17de606593d8b1788f136ddee02","user_id":7,"username":"ldata"}
[2025-11-04 09:11:51]Raw Call Stat: {"success":true,"response":{"success":true,"channel":"SIP\/2002-0000003b","status":"up","status_detail":"Call is active and answered - media is flowing","dtmf_input":null,"dtmf_updated_at":null,"dtmf_array":[false]},"error:x:x:":null}
[2025-11-04 09:11:52]Starting api.php
[2025-11-04 09:11:52]Database connection successful
[2025-11-04 09:11:52]MagnusBilling initialized successfully
[2025-11-04 09:11:52]Processing action: get_call_status, User ID: 7, Session data: {"csrf_token":"365fbcdc174ca126c4cc4cea7e3ad54bf919a17de606593d8b1788f136ddee02","user_id":7,"username":"ldata"}
[2025-11-04 09:11:54]Raw Call Stat: {"success":true,"response":{"success":true,"channel":"SIP\/2002-0000003b","status":"up","status_detail":"Call is active and answered - media is flowing","dtmf_input":null,"dtmf_updated_at":null,"dtmf_array":[false]},"error:x:x:":null}
[2025-11-04 09:11:54]Starting api.php
[2025-11-04 09:11:54]Database connection successful
[2025-11-04 09:11:54]MagnusBilling initialized successfully
[2025-11-04 09:11:54]Processing action: get_call_status, User ID: 7, Session data: {"csrf_token":"365fbcdc174ca126c4cc4cea7e3ad54bf919a17de606593d8b1788f136ddee02","user_id":7,"username":"ldata"}
[2025-11-04 09:11:56]Raw Call Stat: {"success":true,"response":{"success":true,"channel":"SIP\/2002-0000003b","status":"up","status_detail":"Call is active and answered - media is flowing","dtmf_input":null,"dtmf_updated_at":null,"dtmf_array":[false]},"error:x:x:":null}
[2025-11-04 09:11:56]Starting api.php
[2025-11-04 09:11:56]Database connection successful
[2025-11-04 09:11:56]MagnusBilling initialized successfully
[2025-11-04 09:11:56]Processing action: get_call_status, User ID: 7, Session data: {"csrf_token":"365fbcdc174ca126c4cc4cea7e3ad54bf919a17de606593d8b1788f136ddee02","user_id":7,"username":"ldata"}
[2025-11-04 09:11:57]Raw Call Stat: {"success":true,"response":{"success":true,"channel":"SIP\/2002-0000003b","status":"up","status_detail":"Call is active and answered - media is flowing","dtmf_input":null,"dtmf_updated_at":null,"dtmf_array":[false]},"error:x:x:":null}
[2025-11-04 09:11:58]Starting api.php
[2025-11-04 09:11:58]Database connection successful
[2025-11-04 09:11:58]MagnusBilling initialized successfully
[2025-11-04 09:11:58]Processing action: get_call_status, User ID: 7, Session data: {"csrf_token":"365fbcdc174ca126c4cc4cea7e3ad54bf919a17de606593d8b1788f136ddee02","user_id":7,"username":"ldata"}
[2025-11-04 09:11:59]Raw Call Stat: {"success":true,"response":{"success":true,"channel":"SIP\/2002-0000003b","status":"up","status_detail":"Call is active and answered - media is flowing","dtmf_input":null,"dtmf_updated_at":null,"dtmf_array":[false]},"error:x:x:":null}
[2025-11-04 09:12:00]Starting api.php
[2025-11-04 09:12:00]Database connection successful
[2025-11-04 09:12:00]MagnusBilling initialized successfully
[2025-11-04 09:12:00]Processing action: get_call_status, User ID: 7, Session data: {"csrf_token":"365fbcdc174ca126c4cc4cea7e3ad54bf919a17de606593d8b1788f136ddee02","user_id":7,"username":"ldata"}
[2025-11-04 09:12:01]Raw Call Stat: {"success":true,"response":{"success":true,"channel":"SIP\/2002-0000003b","status":"up","status_detail":"Call is active and answered - media is flowing","dtmf_input":null,"dtmf_updated_at":null,"dtmf_array":[false]},"error:x:x:":null}
[2025-11-04 09:12:02]Starting api.php
[2025-11-04 09:12:02]Database connection successful
[2025-11-04 09:12:02]MagnusBilling initialized successfully
[2025-11-04 09:12:02]Processing action: get_call_status, User ID: 7, Session data: {"csrf_token":"365fbcdc174ca126c4cc4cea7e3ad54bf919a17de606593d8b1788f136ddee02","user_id":7,"username":"ldata"}
[2025-11-04 09:12:07]Raw Call Stat: {"success":true,"response":{"success":true,"channel":"SIP\/2002-0000003b","status":"up","status_detail":"Call is active and answered - media is flowing","dtmf_input":null,"dtmf_updated_at":null,"dtmf_array":[false]},"error:x:x:":null}
[2025-11-04 09:12:07]Starting api.php
[2025-11-04 09:12:07]Database connection successful
[2025-11-04 09:12:07]MagnusBilling initialized successfully
[2025-11-04 09:12:07]Processing action: get_call_status, User ID: 7, Session data: {"csrf_token":"365fbcdc174ca126c4cc4cea7e3ad54bf919a17de606593d8b1788f136ddee02","user_id":7,"username":"ldata"}
[2025-11-04 09:12:09]Raw Call Stat: {"success":true,"response":{"success":true,"channel":"SIP\/2002-0000003b","status":"up","status_detail":"Call is active and answered - media is flowing","dtmf_input":null,"dtmf_updated_at":null,"dtmf_array":[false]},"error:x:x:":null}
[2025-11-04 09:12:09]Starting api.php
[2025-11-04 09:12:09]Database connection successful
[2025-11-04 09:12:09]MagnusBilling initialized successfully
[2025-11-04 09:12:09]Processing action: get_call_status, User ID: 7, Session data: {"csrf_token":"365fbcdc174ca126c4cc4cea7e3ad54bf919a17de606593d8b1788f136ddee02","user_id":7,"username":"ldata"}
[2025-11-04 09:12:11]Raw Call Stat: {"success":true,"response":{"success":true,"channel":"SIP\/2002-0000003b","status":"up","status_detail":"Call is active and answered - media is flowing","dtmf_input":null,"dtmf_updated_at":null,"dtmf_array":[false]},"error:x:x:":null}
[2025-11-04 09:12:11]Starting api.php
[2025-11-04 09:12:11]Database connection successful
[2025-11-04 09:12:11]MagnusBilling initialized successfully
[2025-11-04 09:12:11]Processing action: get_call_status, User ID: 7, Session data: {"csrf_token":"365fbcdc174ca126c4cc4cea7e3ad54bf919a17de606593d8b1788f136ddee02","user_id":7,"username":"ldata"}
[2025-11-04 09:12:12]Raw Call Stat: {"success":true,"response":{"success":true,"channel":"SIP\/2002-0000003b","status":"up","status_detail":"Call is active and answered - media is flowing","dtmf_input":null,"dtmf_updated_at":null,"dtmf_array":[false]},"error:x:x:":null}
[2025-11-04 09:12:12]Starting api.php
[2025-11-04 09:12:12]Database connection successful
[2025-11-04 09:12:12]MagnusBilling initialized successfully
[2025-11-04 09:12:12]Processing action: get_call_status, User ID: 7, Session data: {"csrf_token":"365fbcdc174ca126c4cc4cea7e3ad54bf919a17de606593d8b1788f136ddee02","user_id":7,"username":"ldata"}
[2025-11-04 09:12:14]Raw Call Stat: {"success":true,"response":{"success":true,"channel":"SIP\/2002-0000003b","status":"up","status_detail":"Call is active and answered - media is flowing","dtmf_input":null,"dtmf_updated_at":null,"dtmf_array":[false]},"error:x:x:":null}
[2025-11-04 09:12:14]Starting api.php
[2025-11-04 09:12:14]Database connection successful
[2025-11-04 09:12:14]MagnusBilling initialized successfully
[2025-11-04 09:12:14]Processing action: get_call_status, User ID: 7, Session data: {"csrf_token":"365fbcdc174ca126c4cc4cea7e3ad54bf919a17de606593d8b1788f136ddee02","user_id":7,"username":"ldata"}
[2025-11-04 09:12:15]Raw Call Stat: {"success":true,"response":{"success":true,"channel":"SIP\/2002-0000003b","status":"up","status_detail":"Call is active and answered - media is flowing","dtmf_input":null,"dtmf_updated_at":null,"dtmf_array":[false]},"error:x:x:":null}
[2025-11-04 09:12:15]Starting api.php
[2025-11-04 09:12:15]Database connection successful
[2025-11-04 09:12:15]MagnusBilling initialized successfully
[2025-11-04 09:12:15]Processing action: get_call_status, User ID: 7, Session data: {"csrf_token":"365fbcdc174ca126c4cc4cea7e3ad54bf919a17de606593d8b1788f136ddee02","user_id":7,"username":"ldata"}
[2025-11-04 09:12:17]Raw Call Stat: {"success":true,"response":{"success":true,"channel":"SIP\/2002-0000003b","status":"up","status_detail":"Call is active and answered - media is flowing","dtmf_input":null,"dtmf_updated_at":null,"dtmf_array":[false]},"error:x:x:":null}
[2025-11-04 09:12:17]Starting api.php
[2025-11-04 09:12:17]Database connection successful
[2025-11-04 09:12:17]MagnusBilling initialized successfully
[2025-11-04 09:12:17]Processing action: get_call_status, User ID: 7, Session data: {"csrf_token":"365fbcdc174ca126c4cc4cea7e3ad54bf919a17de606593d8b1788f136ddee02","user_id":7,"username":"ldata"}
[2025-11-04 09:12:18]Raw Call Stat: {"success":true,"response":{"success":true,"channel":"SIP\/2002-0000003b","status":"up","status_detail":"Call is active and answered - media is flowing","dtmf_input":null,"dtmf_updated_at":null,"dtmf_array":[false]},"error:x:x:":null}
[2025-11-04 09:12:18]Starting api.php
[2025-11-04 09:12:18]Database connection successful
[2025-11-04 09:12:18]MagnusBilling initialized successfully
[2025-11-04 09:12:18]Processing action: get_call_status, User ID: 7, Session data: {"csrf_token":"365fbcdc174ca126c4cc4cea7e3ad54bf919a17de606593d8b1788f136ddee02","user_id":7,"username":"ldata"}
[2025-11-04 09:12:20]Raw Call Stat: {"success":true,"response":{"success":true,"channel":"SIP\/2002-0000003b","status":"up","status_detail":"Call is active and answered - media is flowing","dtmf_input":null,"dtmf_updated_at":null,"dtmf_array":[false]},"error:x:x:":null}
[2025-11-04 09:12:20]Starting api.php
[2025-11-04 09:12:20]Database connection successful
[2025-11-04 09:12:20]MagnusBilling initialized successfully
[2025-11-04 09:12:20]Processing action: get_call_status, User ID: 7, Session data: {"csrf_token":"365fbcdc174ca126c4cc4cea7e3ad54bf919a17de606593d8b1788f136ddee02","user_id":7,"username":"ldata"}
[2025-11-04 09:12:21]Raw Call Stat: {"success":true,"response":{"success":true,"channel":"SIP\/2002-0000003b","status":"up","status_detail":"Call is active and answered - media is flowing","dtmf_input":null,"dtmf_updated_at":null,"dtmf_array":[false]},"error:x:x:":null}
[2025-11-04 09:12:22]Starting api.php
[2025-11-04 09:12:22]Database connection successful
[2025-11-04 09:12:22]MagnusBilling initialized successfully
[2025-11-04 09:12:22]Processing action: get_call_status, User ID: 7, Session data: {"csrf_token":"365fbcdc174ca126c4cc4cea7e3ad54bf919a17de606593d8b1788f136ddee02","user_id":7,"username":"ldata"}
[2025-11-04 09:12:23]Raw Call Stat: {"success":true,"response":{"success":true,"channel":"SIP\/2002-0000003b","status":"up","status_detail":"Call is active and answered - media is flowing","dtmf_input":null,"dtmf_updated_at":null,"dtmf_array":[false]},"error:x:x:":null}
[2025-11-04 09:12:24]Starting api.php
[2025-11-04 09:12:24]Database connection successful
[2025-11-04 09:12:24]MagnusBilling initialized successfully
[2025-11-04 09:12:24]Processing action: get_call_status, User ID: 7, Session data: {"csrf_token":"365fbcdc174ca126c4cc4cea7e3ad54bf919a17de606593d8b1788f136ddee02","user_id":7,"username":"ldata"}
[2025-11-04 09:12:25]Raw Call Stat: {"success":true,"response":{"success":true,"channel":"SIP\/2002-0000003b","status":"up","status_detail":"Call is active and answered - media is flowing","dtmf_input":null,"dtmf_updated_at":null,"dtmf_array":[false]},"error:x:x:":null}
[2025-11-04 09:12:26]Starting api.php
[2025-11-04 09:12:26]Database connection successful
[2025-11-04 09:12:26]MagnusBilling initialized successfully
[2025-11-04 09:12:26]Processing action: get_call_status, User ID: 7, Session data: {"csrf_token":"365fbcdc174ca126c4cc4cea7e3ad54bf919a17de606593d8b1788f136ddee02","user_id":7,"username":"ldata"}
[2025-11-04 09:12:27]Raw Call Stat: {"success":true,"response":{"success":true,"channel":"SIP\/2002-0000003b","status":"up","status_detail":"Call is active and answered - media is flowing","dtmf_input":null,"dtmf_updated_at":null,"dtmf_array":[false]},"error:x:x:":null}
[2025-11-04 09:12:28]Starting api.php
[2025-11-04 09:12:28]Database connection successful
[2025-11-04 09:12:28]MagnusBilling initialized successfully
[2025-11-04 09:12:28]Processing action: get_call_status, User ID: 7, Session data: {"csrf_token":"365fbcdc174ca126c4cc4cea7e3ad54bf919a17de606593d8b1788f136ddee02","user_id":7,"username":"ldata"}
[2025-11-04 09:12:29]Raw Call Stat: {"success":true,"response":{"success":true,"channel":"SIP\/2002-0000003b","status":"up","status_detail":"Call is active and answered - media is flowing","dtmf_input":null,"dtmf_updated_at":null,"dtmf_array":[false]},"error:x:x:":null}
[2025-11-04 09:12:30]Starting api.php
[2025-11-04 09:12:30]Database connection successful
[2025-11-04 09:12:30]MagnusBilling initialized successfully
[2025-11-04 09:12:30]Processing action: get_call_status, User ID: 7, Session data: {"csrf_token":"365fbcdc174ca126c4cc4cea7e3ad54bf919a17de606593d8b1788f136ddee02","user_id":7,"username":"ldata"}
[2025-11-04 09:12:31]Raw Call Stat: {"success":true,"response":{"success":true,"channel":"SIP\/2002-0000003b","status":"up","status_detail":"Call is active and answered - media is flowing","dtmf_input":null,"dtmf_updated_at":null,"dtmf_array":[false]},"error:x:x:":null}
[2025-11-04 09:12:32]Starting api.php
[2025-11-04 09:12:32]Database connection successful
[2025-11-04 09:12:32]MagnusBilling initialized successfully
[2025-11-04 09:12:32]Processing action: get_call_status, User ID: 7, Session data: {"csrf_token":"365fbcdc174ca126c4cc4cea7e3ad54bf919a17de606593d8b1788f136ddee02","user_id":7,"username":"ldata"}
[2025-11-04 09:12:33]Raw Call Stat: {"success":true,"response":{"success":true,"channel":"SIP\/2002-0000003b","status":"up","status_detail":"Call is active and answered - media is flowing","dtmf_input":null,"dtmf_updated_at":null,"dtmf_array":[false]},"error:x:x:":null}
[2025-11-04 09:12:34]Starting api.php
[2025-11-04 09:12:34]Database connection successful
[2025-11-04 09:12:34]MagnusBilling initialized successfully
[2025-11-04 09:12:34]Processing action: get_call_status, User ID: 7, Session data: {"csrf_token":"365fbcdc174ca126c4cc4cea7e3ad54bf919a17de606593d8b1788f136ddee02","user_id":7,"username":"ldata"}
[2025-11-04 09:12:35]Raw Call Stat: {"success":true,"response":{"success":true,"channel":"SIP\/2002-0000003b","status":"up","status_detail":"Call is active and answered - media is flowing","dtmf_input":null,"dtmf_updated_at":null,"dtmf_array":[false]},"error:x:x:":null}
[2025-11-04 09:12:36]Starting api.php
[2025-11-04 09:12:36]Database connection successful
[2025-11-04 09:12:36]MagnusBilling initialized successfully
[2025-11-04 09:12:36]Processing action: get_call_status, User ID: 7, Session data: {"csrf_token":"365fbcdc174ca126c4cc4cea7e3ad54bf919a17de606593d8b1788f136ddee02","user_id":7,"username":"ldata"}
[2025-11-04 09:12:37]Raw Call Stat: {"success":true,"response":{"success":true,"channel":"SIP\/2002-0000003b","status":"up","status_detail":"Call is active and answered - media is flowing","dtmf_input":null,"dtmf_updated_at":null,"dtmf_array":[false]},"error:x:x:":null}
[2025-11-04 09:12:38]Starting api.php
[2025-11-04 09:12:38]Database connection successful
[2025-11-04 09:12:38]MagnusBilling initialized successfully
[2025-11-04 09:12:38]Processing action: get_call_status, User ID: 7, Session data: {"csrf_token":"365fbcdc174ca126c4cc4cea7e3ad54bf919a17de606593d8b1788f136ddee02","user_id":7,"username":"ldata"}
[2025-11-04 09:12:39]Raw Call Stat: {"success":true,"response":{"success":true,"channel":"SIP\/2002-0000003b","status":"up","status_detail":"Call is active and answered - media is flowing","dtmf_input":null,"dtmf_updated_at":null,"dtmf_array":[false]},"error:x:x:":null}
[2025-11-04 09:12:40]Starting api.php
[2025-11-04 09:12:40]Database connection successful
[2025-11-04 09:12:40]MagnusBilling initialized successfully
[2025-11-04 09:12:40]Processing action: get_call_status, User ID: 7, Session data: {"csrf_token":"365fbcdc174ca126c4cc4cea7e3ad54bf919a17de606593d8b1788f136ddee02","user_id":7,"username":"ldata"}
[2025-11-04 09:12:41]Raw Call Stat: {"success":true,"response":{"success":true,"channel":"SIP\/2002-0000003b","status":"up","status_detail":"Call is active and answered - media is flowing","dtmf_input":null,"dtmf_updated_at":null,"dtmf_array":[false]},"error:x:x:":null}
[2025-11-04 09:12:42]Starting api.php
[2025-11-04 09:12:42]Database connection successful
[2025-11-04 09:12:42]MagnusBilling initialized successfully
[2025-11-04 09:12:42]Processing action: get_call_status, User ID: 7, Session data: {"csrf_token":"365fbcdc174ca126c4cc4cea7e3ad54bf919a17de606593d8b1788f136ddee02","user_id":7,"username":"ldata"}
[2025-11-04 09:12:43]Raw Call Stat: {"success":true,"response":{"success":true,"channel":"SIP\/2002-0000003b","status":"up","status_detail":"Call is active and answered - media is flowing","dtmf_input":null,"dtmf_updated_at":null,"dtmf_array":[false]},"error:x:x:":null}
[2025-11-04 09:12:44]Starting api.php
[2025-11-04 09:12:44]Database connection successful
[2025-11-04 09:12:44]MagnusBilling initialized successfully
[2025-11-04 09:12:44]Processing action: get_call_status, User ID: 7, Session data: {"csrf_token":"365fbcdc174ca126c4cc4cea7e3ad54bf919a17de606593d8b1788f136ddee02","user_id":7,"username":"ldata"}
[2025-11-04 09:12:45]Raw Call Stat: {"success":true,"response":{"success":true,"channel":"SIP\/2002-0000003b","status":"up","status_detail":"Call is active and answered - media is flowing","dtmf_input":null,"dtmf_updated_at":null,"dtmf_array":[false]},"error:x:x:":null}
[2025-11-04 09:12:46]Starting api.php
[2025-11-04 09:12:46]Database connection successful
[2025-11-04 09:12:46]MagnusBilling initialized successfully
[2025-11-04 09:12:46]Processing action: get_call_status, User ID: 7, Session data: {"csrf_token":"365fbcdc174ca126c4cc4cea7e3ad54bf919a17de606593d8b1788f136ddee02","user_id":7,"username":"ldata"}
[2025-11-04 09:12:47]Raw Call Stat: {"success":true,"response":{"success":true,"channel":"SIP\/2002-0000003b","status":"up","status_detail":"Call is active and answered - media is flowing","dtmf_input":"2","dtmf_updated_at":"2025-11-04 03:42:46","dtmf_array":{"dtmf_input":"2","updated_at":"2025-11-04 03:42:46"}},"error:x:x:":null}
[2025-11-04 09:12:48]Starting api.php
[2025-11-04 09:12:48]Database connection successful
[2025-11-04 09:12:48]MagnusBilling initialized successfully
[2025-11-04 09:12:48]Processing action: get_call_status, User ID: 7, Session data: {"csrf_token":"365fbcdc174ca126c4cc4cea7e3ad54bf919a17de606593d8b1788f136ddee02","user_id":7,"username":"ldata"}
[2025-11-04 09:12:49]Raw Call Stat: {"success":true,"response":{"success":true,"channel":"SIP\/2002-0000003b","status":"up","status_detail":"Call is active and answered - media is flowing","dtmf_input":"2","dtmf_updated_at":"2025-11-04 03:42:46","dtmf_array":{"dtmf_input":"2","updated_at":"2025-11-04 03:42:46"}},"error:x:x:":null}
[2025-11-04 09:12:50]Starting api.php
[2025-11-04 09:12:50]Database connection successful
[2025-11-04 09:12:50]MagnusBilling initialized successfully
[2025-11-04 09:12:50]Processing action: get_call_status, User ID: 7, Session data: {"csrf_token":"365fbcdc174ca126c4cc4cea7e3ad54bf919a17de606593d8b1788f136ddee02","user_id":7,"username":"ldata"}
[2025-11-04 09:12:51]Raw Call Stat: {"success":true,"response":{"success":true,"channel":"SIP\/2002-0000003b","status":"up","status_detail":"Call is active and answered - media is flowing","dtmf_input":"2","dtmf_updated_at":"2025-11-04 03:42:46","dtmf_array":{"dtmf_input":"2","updated_at":"2025-11-04 03:42:46"}},"error:x:x:":null}
[2025-11-04 09:12:52]Starting api.php
[2025-11-04 09:12:52]Database connection successful
[2025-11-04 09:12:52]MagnusBilling initialized successfully
[2025-11-04 09:12:52]Processing action: get_call_status, User ID: 7, Session data: {"csrf_token":"365fbcdc174ca126c4cc4cea7e3ad54bf919a17de606593d8b1788f136ddee02","user_id":7,"username":"ldata"}
[2025-11-04 09:12:53]Raw Call Stat: {"success":true,"response":{"success":true,"channel":"SIP\/2002-0000003b","status":"ended","status_detail":"Channel no longer exists","dtmf_input":"2","dtmf_updated_at":"2025-11-04 03:42:46","dtmf_array":{"dtmf_input":"2","updated_at":"2025-11-04 03:42:46"}},"error:x:x:":null}
[2025-11-04 09:14:25]Starting api.php
[2025-11-04 09:14:25]Database connection successful
[2025-11-04 09:14:25]MagnusBilling initialized successfully
[2025-11-04 09:14:25]Processing action: initiate_call, User ID: 7, Session data: {"csrf_token":"365fbcdc174ca126c4cc4cea7e3ad54bf919a17de606593d8b1788f136ddee02","user_id":7,"username":"ldata"}
[2025-11-04 09:14:31]CallManager Output: {"success":false,"response":"{\"success\":false,\"error\":\"ASTDB put Error: Read timeout\"}","error":"HTTP Error: 400"}
[2025-11-04 09:14:31]721: Failed to initiate call: HTTP Error: 400
[2025-11-04 09:15:16]Starting api.php
[2025-11-04 09:15:16]Database connection successful
[2025-11-04 09:15:16]MagnusBilling initialized successfully
[2025-11-04 09:15:16]Processing action: initiate_call, User ID: 7, Session data: {"csrf_token":"365fbcdc174ca126c4cc4cea7e3ad54bf919a17de606593d8b1788f136ddee02","user_id":7,"username":"ldata"}
[2025-11-04 09:15:25]CallManager Output: {"success":true,"response":{"success":true,"output":{"success":true,"ami_response":{"response":"Success","actionid":"orig_690976d3492bf","message":"Originate successfully queued"},"channel":null,"error":null},"channel":"NULL","cdr_uniqueid":"call_690976d270a35"},"error:x:x:":null}
[2025-11-04 09:15:25]CallManager Output(2): {"success":true,"output":{"success":true,"ami_response":{"response":"Success","actionid":"orig_690976d3492bf","message":"Originate successfully queued"},"channel":null,"error":null},"channel":"NULL","cdr_uniqueid":"call_690976d270a35"}
[2025-11-04 09:15:25]Initiated call: call_id=285, magnus_call_id=call_690976d270a35, customer_number=2002, callback_method=softphone
[2025-11-04 09:15:27]Starting api.php
[2025-11-04 09:15:27]Database connection successful
[2025-11-04 09:15:27]MagnusBilling initialized successfully
[2025-11-04 09:15:27]Processing action: get_call_status, User ID: 7, Session data: {"csrf_token":"365fbcdc174ca126c4cc4cea7e3ad54bf919a17de606593d8b1788f136ddee02","user_id":7,"username":"ldata"}
[2025-11-04 09:15:29]Raw Call Stat: {"success":true,"response":{"success":true,"channel":"NULL","status":"ended","status_detail":"Channel no longer exists","dtmf_input":null,"dtmf_updated_at":null,"dtmf_array":[false]},"error:x:x:":null}
[2025-11-04 09:18:23]Starting api.php
[2025-11-04 09:18:23]Database connection successful
[2025-11-04 09:18:23]MagnusBilling initialized successfully
[2025-11-04 09:18:23]Processing action: initiate_call, User ID: 7, Session data: {"csrf_token":"365fbcdc174ca126c4cc4cea7e3ad54bf919a17de606593d8b1788f136ddee02","user_id":7,"username":"ldata"}
[2025-11-04 09:18:29]CallManager Output: {"success":false,"response":"{\"success\":false,\"error\":\"ASTDB put Error: Read timeout\"}","error":"HTTP Error: 400"}
[2025-11-04 09:18:29]721: Failed to initiate call: HTTP Error: 400
[2025-11-04 09:18:38]Starting api.php
[2025-11-04 09:18:38]Database connection successful
[2025-11-04 09:18:38]MagnusBilling initialized successfully
[2025-11-04 09:18:38]Processing action: initiate_call, User ID: 7, Session data: {"csrf_token":"365fbcdc174ca126c4cc4cea7e3ad54bf919a17de606593d8b1788f136ddee02","user_id":7,"username":"ldata"}
[2025-11-04 09:18:43]CallManager Output: {"success":false,"response":"{\"success\":false,\"error\":\"ASTDB put Error: Read timeout\"}","error":"HTTP Error: 400"}
[2025-11-04 09:18:43]721: Failed to initiate call: HTTP Error: 400
[2025-11-04 22:27:05]Starting api.php
[2025-11-04 22:27:05]Database connection successful
[2025-11-04 22:27:05]MagnusBilling initialized successfully
[2025-11-04 22:27:05]Processing action: get_contacts, User ID: 7, Session data: {"csrf_token":"365fbcdc174ca126c4cc4cea7e3ad54bf919a17de606593d8b1788f136ddee02","user_id":7,"username":"ldata"}
[2025-11-04 22:27:05]Fetched 3 contacts for user_id: 7
[2025-11-04 22:27:05]Starting api.php
[2025-11-04 22:27:05]Database connection successful
[2025-11-04 22:27:05]MagnusBilling initialized successfully
[2025-11-04 22:27:05]Processing action: get_ivr_profiles, User ID: 7, Session data: {"csrf_token":"365fbcdc174ca126c4cc4cea7e3ad54bf919a17de606593d8b1788f136ddee02","user_id":7,"username":"ldata"}
[2025-11-04 22:27:05]Fetched 0 IVR profiles for user_id: 7
[2025-11-04 22:27:05]Starting api.php
[2025-11-04 22:27:05]Database connection successful
[2025-11-04 22:27:05]MagnusBilling initialized successfully
[2025-11-04 22:27:05]Processing action: get_institutions, User ID: 7, Session data: {"csrf_token":"365fbcdc174ca126c4cc4cea7e3ad54bf919a17de606593d8b1788f136ddee02","user_id":7,"username":"ldata"}
[2025-11-04 22:27:05]Fetched 1 institutions for user_id: 7
[2025-11-04 22:27:05]Starting api.php
[2025-11-04 22:27:05]Database connection successful
[2025-11-04 22:27:05]MagnusBilling initialized successfully
[2025-11-04 22:27:05]Processing action: get_merchants, User ID: 7, Session data: {"csrf_token":"365fbcdc174ca126c4cc4cea7e3ad54bf919a17de606593d8b1788f136ddee02","user_id":7,"username":"ldata"}
[2025-11-04 22:27:05]Fetched 1 merchants for user_id: 7
[2025-11-04 22:27:42]Starting api.php
[2025-11-04 22:27:42]Database connection successful
[2025-11-04 22:27:42]MagnusBilling initialized successfully
[2025-11-04 22:27:42]Processing action: get_contacts, User ID: 7, Session data: {"csrf_token":"365fbcdc174ca126c4cc4cea7e3ad54bf919a17de606593d8b1788f136ddee02","user_id":7,"username":"ldata"}
[2025-11-04 22:27:42]Fetched 3 contacts for user_id: 7
[2025-11-04 22:27:42]Starting api.php
[2025-11-04 22:27:42]Database connection successful
[2025-11-04 22:27:42]MagnusBilling initialized successfully
[2025-11-04 22:27:42]Processing action: get_ivr_profiles, User ID: 7, Session data: {"csrf_token":"365fbcdc174ca126c4cc4cea7e3ad54bf919a17de606593d8b1788f136ddee02","user_id":7,"username":"ldata"}
[2025-11-04 22:27:42]Fetched 0 IVR profiles for user_id: 7
[2025-11-04 22:27:42]Starting api.php
[2025-11-04 22:27:42]Database connection successful
[2025-11-04 22:27:42]MagnusBilling initialized successfully
[2025-11-04 22:27:42]Processing action: get_institutions, User ID: 7, Session data: {"csrf_token":"365fbcdc174ca126c4cc4cea7e3ad54bf919a17de606593d8b1788f136ddee02","user_id":7,"username":"ldata"}
[2025-11-04 22:27:42]Fetched 1 institutions for user_id: 7
[2025-11-04 22:27:42]Starting api.php
[2025-11-04 22:27:42]Database connection successful
[2025-11-04 22:27:42]MagnusBilling initialized successfully
[2025-11-04 22:27:42]Processing action: get_merchants, User ID: 7, Session data: {"csrf_token":"365fbcdc174ca126c4cc4cea7e3ad54bf919a17de606593d8b1788f136ddee02","user_id":7,"username":"ldata"}
[2025-11-04 22:27:42]Fetched 1 merchants for user_id: 7
[2025-11-04 22:27:45]Starting api.php
[2025-11-04 22:27:45]Database connection successful
[2025-11-04 22:27:45]MagnusBilling initialized successfully
[2025-11-04 22:27:45]Processing action: get_institutions, User ID: 7, Session data: {"csrf_token":"365fbcdc174ca126c4cc4cea7e3ad54bf919a17de606593d8b1788f136ddee02","user_id":7,"username":"ldata"}
[2025-11-04 22:27:45]Fetched 1 institutions for user_id: 7
[2025-11-04 22:27:45]Starting api.php
[2025-11-04 22:27:45]Database connection successful
[2025-11-04 22:27:45]MagnusBilling initialized successfully
[2025-11-04 22:27:45]Processing action: get_contacts, User ID: 7, Session data: {"csrf_token":"365fbcdc174ca126c4cc4cea7e3ad54bf919a17de606593d8b1788f136ddee02","user_id":7,"username":"ldata"}
[2025-11-04 22:27:45]Fetched 3 contacts for user_id: 7
[2025-11-04 22:27:45]Starting api.php
[2025-11-04 22:27:45]Database connection successful
[2025-11-04 22:27:45]MagnusBilling initialized successfully
[2025-11-04 22:27:45]Processing action: get_merchants, User ID: 7, Session data: {"csrf_token":"365fbcdc174ca126c4cc4cea7e3ad54bf919a17de606593d8b1788f136ddee02","user_id":7,"username":"ldata"}
[2025-11-04 22:27:45]Fetched 1 merchants for user_id: 7
[2025-11-04 22:27:45]Starting api.php
[2025-11-04 22:27:45]Database connection successful
[2025-11-04 22:27:45]MagnusBilling initialized successfully
[2025-11-04 22:27:45]Processing action: get_ivr_profiles, User ID: 7, Session data: {"csrf_token":"365fbcdc174ca126c4cc4cea7e3ad54bf919a17de606593d8b1788f136ddee02","user_id":7,"username":"ldata"}
[2025-11-04 22:27:45]Fetched 0 IVR profiles for user_id: 7
[2025-11-04 22:28:18]Starting api.php
[2025-11-04 22:28:18]Database connection successful
[2025-11-04 22:28:18]MagnusBilling initialized successfully
[2025-11-04 22:28:18]Processing action: initiate_call, User ID: 7, Session data: {"csrf_token":"365fbcdc174ca126c4cc4cea7e3ad54bf919a17de606593d8b1788f136ddee02","user_id":7,"username":"ldata"}
[2025-11-04 22:28:52]CallManager Output: {"success":false,"response":"","error":"Invalid JSON response."}
[2025-11-04 22:28:52]721: Failed to initiate call: Invalid JSON response.
[2025-11-04 22:29:42]Starting api.php
[2025-11-04 22:29:42]Database connection successful
[2025-11-04 22:29:42]MagnusBilling initialized successfully
[2025-11-04 22:29:42]Processing action: initiate_call, User ID: 7, Session data: {"csrf_token":"365fbcdc174ca126c4cc4cea7e3ad54bf919a17de606593d8b1788f136ddee02","user_id":7,"username":"ldata"}
[2025-11-04 22:29:52]CallManager Output: {"success":true,"response":{"success":true,"output":{"success":true,"ami_response":{"response":"Success","actionid":"orig_690a3105013f2","message":"Originate successfully queued"},"channel":"SIP\/2002-0000003d","error":null},"channel":"SIP\/2002-0000003d","cdr_uniqueid":"call_690a3103065bd"},"error:x:x:":null}
[2025-11-04 22:29:52]CallManager Output(2): {"success":true,"output":{"success":true,"ami_response":{"response":"Success","actionid":"orig_690a3105013f2","message":"Originate successfully queued"},"channel":"SIP\/2002-0000003d","error":null},"channel":"SIP\/2002-0000003d","cdr_uniqueid":"call_690a3103065bd"}
[2025-11-04 22:29:53]Initiated call: call_id=286, magnus_call_id=call_690a3103065bd, customer_number=2002, callback_method=softphone
[2025-11-04 22:29:55]Starting api.php
[2025-11-04 22:29:55]Database connection successful
[2025-11-04 22:29:55]MagnusBilling initialized successfully
[2025-11-04 22:29:55]Processing action: get_call_status, User ID: 7, Session data: {"csrf_token":"365fbcdc174ca126c4cc4cea7e3ad54bf919a17de606593d8b1788f136ddee02","user_id":7,"username":"ldata"}
[2025-11-04 22:29:57]Raw Call Stat: {"success":true,"response":{"success":true,"channel":"SIP\/2002-0000003d","status":"down","status_detail":null,"dtmf_input":null,"dtmf_updated_at":null,"dtmf_array":[false]},"error:x:x:":null}
[2025-11-04 22:29:57]Starting api.php
[2025-11-04 22:29:57]Database connection successful
[2025-11-04 22:29:57]MagnusBilling initialized successfully
[2025-11-04 22:29:57]Processing action: get_call_status, User ID: 7, Session data: {"csrf_token":"365fbcdc174ca126c4cc4cea7e3ad54bf919a17de606593d8b1788f136ddee02","user_id":7,"username":"ldata"}
[2025-11-04 22:29:59]Raw Call Stat: {"success":true,"response":{"success":true,"channel":"SIP\/2002-0000003d","status":"down","status_detail":null,"dtmf_input":null,"dtmf_updated_at":null,"dtmf_array":[false]},"error:x:x:":null}
[2025-11-04 22:29:59]Starting api.php
[2025-11-04 22:29:59]Database connection successful
[2025-11-04 22:29:59]MagnusBilling initialized successfully
[2025-11-04 22:29:59]Processing action: get_call_status, User ID: 7, Session data: {"csrf_token":"365fbcdc174ca126c4cc4cea7e3ad54bf919a17de606593d8b1788f136ddee02","user_id":7,"username":"ldata"}
[2025-11-04 22:30:00]Raw Call Stat: {"success":true,"response":{"success":true,"channel":"SIP\/2002-0000003d","status":"down","status_detail":null,"dtmf_input":null,"dtmf_updated_at":null,"dtmf_array":[false]},"error:x:x:":null}
[2025-11-04 22:30:01]Starting api.php
[2025-11-04 22:30:01]Database connection successful
[2025-11-04 22:30:01]MagnusBilling initialized successfully
[2025-11-04 22:30:01]Processing action: get_call_status, User ID: 7, Session data: {"csrf_token":"365fbcdc174ca126c4cc4cea7e3ad54bf919a17de606593d8b1788f136ddee02","user_id":7,"username":"ldata"}
[2025-11-04 22:30:08]Raw Call Stat: {"success":true,"response":{"success":true,"channel":"SIP\/2002-0000003d","status":"down","status_detail":null,"dtmf_input":null,"dtmf_updated_at":null,"dtmf_array":[false]},"error:x:x:":null}
[2025-11-04 22:30:08]Starting api.php
[2025-11-04 22:30:08]Database connection successful
[2025-11-04 22:30:08]MagnusBilling initialized successfully
[2025-11-04 22:30:08]Processing action: get_call_status, User ID: 7, Session data: {"csrf_token":"365fbcdc174ca126c4cc4cea7e3ad54bf919a17de606593d8b1788f136ddee02","user_id":7,"username":"ldata"}
[2025-11-04 22:30:11]Raw Call Stat: {"success":true,"response":{"success":true,"channel":"SIP\/2002-0000003d","status":"ended","status_detail":"Channel no longer exists","dtmf_input":null,"dtmf_updated_at":null,"dtmf_array":[false]},"error:x:x:":null}
[2025-11-04 22:30:11]Starting api.php
[2025-11-04 22:30:11]Database connection successful
[2025-11-04 22:30:11]MagnusBilling initialized successfully
[2025-11-04 22:30:11]Processing action: get_call_status, User ID: 7, Session data: {"csrf_token":"365fbcdc174ca126c4cc4cea7e3ad54bf919a17de606593d8b1788f136ddee02","user_id":7,"username":"ldata"}
[2025-11-04 22:30:13]Raw Call Stat: {"success":true,"response":{"success":true,"channel":"SIP\/2002-0000003d","status":"ended","status_detail":"Channel no longer exists","dtmf_input":null,"dtmf_updated_at":null,"dtmf_array":[false]},"error:x:x:":null}
[2025-11-04 22:30:13]Starting api.php
[2025-11-04 22:30:13]Database connection successful
[2025-11-04 22:30:13]MagnusBilling initialized successfully
[2025-11-04 22:30:13]Processing action: get_call_status, User ID: 7, Session data: {"csrf_token":"365fbcdc174ca126c4cc4cea7e3ad54bf919a17de606593d8b1788f136ddee02","user_id":7,"username":"ldata"}
[2025-11-04 22:30:14]Raw Call Stat: {"success":true,"response":{"success":true,"channel":"SIP\/2002-0000003d","status":"ended","status_detail":"Channel no longer exists","dtmf_input":null,"dtmf_updated_at":null,"dtmf_array":[false]},"error:x:x:":null}
[2025-11-04 22:30:14]Starting api.php
[2025-11-04 22:30:14]Database connection successful
[2025-11-04 22:30:14]MagnusBilling initialized successfully
[2025-11-04 22:30:14]Processing action: get_call_status, User ID: 7, Session data: {"csrf_token":"365fbcdc174ca126c4cc4cea7e3ad54bf919a17de606593d8b1788f136ddee02","user_id":7,"username":"ldata"}
[2025-11-04 22:30:16]Raw Call Stat: {"success":true,"response":{"success":true,"channel":"SIP\/2002-0000003d","status":"ended","status_detail":"Channel no longer exists","dtmf_input":null,"dtmf_updated_at":null,"dtmf_array":[false]},"error:x:x:":null}
[2025-11-04 22:30:16]Starting api.php
[2025-11-04 22:30:16]Database connection successful
[2025-11-04 22:30:16]MagnusBilling initialized successfully
[2025-11-04 22:30:16]Processing action: get_call_status, User ID: 7, Session data: {"csrf_token":"365fbcdc174ca126c4cc4cea7e3ad54bf919a17de606593d8b1788f136ddee02","user_id":7,"username":"ldata"}
[2025-11-04 22:30:18]Raw Call Stat: {"success":true,"response":{"success":true,"channel":"SIP\/2002-0000003d","status":"ended","status_detail":"Channel no longer exists","dtmf_input":null,"dtmf_updated_at":null,"dtmf_array":[false]},"error:x:x:":null}
[2025-11-04 22:30:21]Starting api.php
[2025-11-04 22:30:21]Database connection successful
[2025-11-04 22:30:21]MagnusBilling initialized successfully
[2025-11-04 22:30:21]Processing action: end_call, User ID: 7, Session data: {"csrf_token":"365fbcdc174ca126c4cc4cea7e3ad54bf919a17de606593d8b1788f136ddee02","user_id":7,"username":"ldata"}
[2025-11-04 22:30:22]CallManager Output: {"success":true,"response":{"success":true,"output":"No such channel"},"error:x:x:":null}
[2025-11-04 22:30:22]Ended call: call_id=284, callChannel=SIP/2002-0000003b, CDR Uniqueid=call_690975e6275b3
[2025-11-04 22:30:22]Starting api.php
[2025-11-04 22:30:22]Database connection successful
[2025-11-04 22:30:22]MagnusBilling initialized successfully
[2025-11-04 22:30:22]Processing action: end_call, User ID: 7, Session data: {"csrf_token":"365fbcdc174ca126c4cc4cea7e3ad54bf919a17de606593d8b1788f136ddee02","user_id":7,"username":"ldata"}
[2025-11-04 22:30:24]CallManager Output: {"success":false,"response":"","error":"HTTP Error: 500"}
[2025-11-04 22:30:24]Failed to end call: HTTP Error: 500
[2025-11-04 22:30:24]Starting api.php
[2025-11-04 22:30:24]Database connection successful
[2025-11-04 22:30:24]MagnusBilling initialized successfully
[2025-11-04 22:30:24]Processing action: end_call, User ID: 7, Session data: {"csrf_token":"365fbcdc174ca126c4cc4cea7e3ad54bf919a17de606593d8b1788f136ddee02","user_id":7,"username":"ldata"}
[2025-11-04 22:30:25]CallManager Output: {"success":true,"response":{"success":true,"output":"No such channel"},"error:x:x:":null}
[2025-11-04 22:30:25]Ended call: call_id=284, callChannel=SIP/2002-0000003b, CDR Uniqueid=call_690975e6275b3
[2025-11-04 22:30:25]Starting api.php
[2025-11-04 22:30:25]Database connection successful
[2025-11-04 22:30:25]MagnusBilling initialized successfully
[2025-11-04 22:30:25]Processing action: end_call, User ID: 7, Session data: {"csrf_token":"365fbcdc174ca126c4cc4cea7e3ad54bf919a17de606593d8b1788f136ddee02","user_id":7,"username":"ldata"}
[2025-11-04 22:30:27]CallManager Output: {"success":true,"response":{"success":true,"output":"No such channel"},"error:x:x:":null}
[2025-11-04 22:30:27]Ended call: call_id=284, callChannel=SIP/2002-0000003b, CDR Uniqueid=call_690975e6275b3
[2025-11-04 22:30:27]Starting api.php
[2025-11-04 22:30:27]Database connection successful
[2025-11-04 22:30:27]MagnusBilling initialized successfully
[2025-11-04 22:30:27]Processing action: end_call, User ID: 7, Session data: {"csrf_token":"365fbcdc174ca126c4cc4cea7e3ad54bf919a17de606593d8b1788f136ddee02","user_id":7,"username":"ldata"}
[2025-11-04 22:30:29]CallManager Output: {"success":true,"response":{"success":true,"output":"No such channel"},"error:x:x:":null}
[2025-11-04 22:30:29]Ended call: call_id=285, callChannel=NULL, CDR Uniqueid=call_690976d270a35
[2025-11-04 22:30:29]Starting api.php
[2025-11-04 22:30:29]Database connection successful
[2025-11-04 22:30:29]MagnusBilling initialized successfully
[2025-11-04 22:30:29]Processing action: end_call, User ID: 7, Session data: {"csrf_token":"365fbcdc174ca126c4cc4cea7e3ad54bf919a17de606593d8b1788f136ddee02","user_id":7,"username":"ldata"}
[2025-11-04 22:30:30]CallManager Output: {"success":true,"response":{"success":true,"output":"No such channel"},"error:x:x:":null}
[2025-11-04 22:30:30]Ended call: call_id=286, callChannel=SIP/2002-0000003d, CDR Uniqueid=call_690a3103065bd
[2025-11-04 22:30:30]Starting api.php
[2025-11-04 22:30:30]Database connection successful
[2025-11-04 22:30:30]MagnusBilling initialized successfully
[2025-11-04 22:30:30]Processing action: end_call, User ID: 7, Session data: {"csrf_token":"365fbcdc174ca126c4cc4cea7e3ad54bf919a17de606593d8b1788f136ddee02","user_id":7,"username":"ldata"}
[2025-11-04 22:30:32]CallManager Output: {"success":true,"response":{"success":true,"output":"No such channel"},"error:x:x:":null}
[2025-11-04 22:30:32]Ended call: call_id=286, callChannel=SIP/2002-0000003d, CDR Uniqueid=call_690a3103065bd
[2025-11-04 22:30:32]Starting api.php
[2025-11-04 22:30:32]Database connection successful
[2025-11-04 22:30:32]MagnusBilling initialized successfully
[2025-11-04 22:30:32]Processing action: end_call, User ID: 7, Session data: {"csrf_token":"365fbcdc174ca126c4cc4cea7e3ad54bf919a17de606593d8b1788f136ddee02","user_id":7,"username":"ldata"}
[2025-11-04 22:30:34]CallManager Output: {"success":true,"response":{"success":true,"output":"No such channel"},"error:x:x:":null}
[2025-11-04 22:30:34]Ended call: call_id=286, callChannel=SIP/2002-0000003d, CDR Uniqueid=call_690a3103065bd
[2025-11-04 22:30:44]Starting api.php
[2025-11-04 22:30:44]Database connection successful
[2025-11-04 22:30:44]MagnusBilling initialized successfully
[2025-11-04 22:30:44]Processing action: initiate_call, User ID: 7, Session data: {"csrf_token":"365fbcdc174ca126c4cc4cea7e3ad54bf919a17de606593d8b1788f136ddee02","user_id":7,"username":"ldata"}
[2025-11-04 22:30:51]CallManager Output: {"success":true,"response":{"success":true,"output":{"success":true,"ami_response":{"response":"Success","actionid":"orig_690a31423202c","message":"Originate successfully queued"},"channel":"SIP\/2002-0000003e","error":null},"channel":"SIP\/2002-0000003e","cdr_uniqueid":"call_690a314105c87"},"error:x:x:":null}
[2025-11-04 22:30:51]CallManager Output(2): {"success":true,"output":{"success":true,"ami_response":{"response":"Success","actionid":"orig_690a31423202c","message":"Originate successfully queued"},"channel":"SIP\/2002-0000003e","error":null},"channel":"SIP\/2002-0000003e","cdr_uniqueid":"call_690a314105c87"}
[2025-11-04 22:30:51]Initiated call: call_id=287, magnus_call_id=call_690a314105c87, customer_number=2002, callback_method=softphone
[2025-11-04 22:30:53]Starting api.php
[2025-11-04 22:30:53]Database connection successful
[2025-11-04 22:30:53]MagnusBilling initialized successfully
[2025-11-04 22:30:53]Processing action: get_call_status, User ID: 7, Session data: {"csrf_token":"365fbcdc174ca126c4cc4cea7e3ad54bf919a17de606593d8b1788f136ddee02","user_id":7,"username":"ldata"}
[2025-11-04 22:30:54]Raw Call Stat: {"success":true,"response":{"success":true,"channel":"SIP\/2002-0000003e","status":"down","status_detail":null,"dtmf_input":null,"dtmf_updated_at":null,"dtmf_array":[false]},"error:x:x:":null}
[2025-11-04 22:30:55]Starting api.php
[2025-11-04 22:30:55]Database connection successful
[2025-11-04 22:30:55]MagnusBilling initialized successfully
[2025-11-04 22:30:55]Processing action: get_call_status, User ID: 7, Session data: {"csrf_token":"365fbcdc174ca126c4cc4cea7e3ad54bf919a17de606593d8b1788f136ddee02","user_id":7,"username":"ldata"}
[2025-11-04 22:30:56]Raw Call Stat: {"success":true,"response":{"success":true,"channel":"SIP\/2002-0000003e","status":"down","status_detail":null,"dtmf_input":null,"dtmf_updated_at":null,"dtmf_array":[false]},"error:x:x:":null}
[2025-11-04 22:30:57]Starting api.php
[2025-11-04 22:30:57]Database connection successful
[2025-11-04 22:30:57]MagnusBilling initialized successfully
[2025-11-04 22:30:57]Processing action: get_call_status, User ID: 7, Session data: {"csrf_token":"365fbcdc174ca126c4cc4cea7e3ad54bf919a17de606593d8b1788f136ddee02","user_id":7,"username":"ldata"}
[2025-11-04 22:30:58]Raw Call Stat: {"success":true,"response":{"success":true,"channel":"SIP\/2002-0000003e","status":"down","status_detail":null,"dtmf_input":null,"dtmf_updated_at":null,"dtmf_array":[false]},"error:x:x:":null}
[2025-11-04 22:30:59]Starting api.php
[2025-11-04 22:30:59]Database connection successful
[2025-11-04 22:30:59]MagnusBilling initialized successfully
[2025-11-04 22:30:59]Processing action: get_call_status, User ID: 7, Session data: {"csrf_token":"365fbcdc174ca126c4cc4cea7e3ad54bf919a17de606593d8b1788f136ddee02","user_id":7,"username":"ldata"}
[2025-11-04 22:31:00]Raw Call Stat: {"success":true,"response":{"success":true,"channel":"SIP\/2002-0000003e","status":"down","status_detail":null,"dtmf_input":null,"dtmf_updated_at":null,"dtmf_array":[false]},"error:x:x:":null}
[2025-11-04 22:31:01]Starting api.php
[2025-11-04 22:31:01]Database connection successful
[2025-11-04 22:31:01]MagnusBilling initialized successfully
[2025-11-04 22:31:01]Processing action: get_call_status, User ID: 7, Session data: {"csrf_token":"365fbcdc174ca126c4cc4cea7e3ad54bf919a17de606593d8b1788f136ddee02","user_id":7,"username":"ldata"}
[2025-11-04 22:31:05]Raw Call Stat: {"success":true,"response":{"success":true,"channel":"SIP\/2002-0000003e","status":"down","status_detail":null,"dtmf_input":null,"dtmf_updated_at":null,"dtmf_array":[false]},"error:x:x:":null}
[2025-11-04 22:31:05]Starting api.php
[2025-11-04 22:31:05]Database connection successful
[2025-11-04 22:31:05]MagnusBilling initialized successfully
[2025-11-04 22:31:05]Processing action: get_call_status, User ID: 7, Session data: {"csrf_token":"365fbcdc174ca126c4cc4cea7e3ad54bf919a17de606593d8b1788f136ddee02","user_id":7,"username":"ldata"}
[2025-11-04 22:31:08]Raw Call Stat: {"success":false,"response":"{\"success\":false,\"error\":\"Error:x: Read timeout Line: 424 File:\\\/var\\\/www\\\/html\\\/mbilling\\\/api\\\/call\\\/vendor\\\/marcelog\\\/pami\\\/src\\\/PAMI\\\/Client\\\/Impl\\\/ClientImpl.php\"}","error":"HTTP Error: 400"}
[2025-11-04 22:31:08]Failed to get call status: HTTP Error: 400
[2025-11-04 22:31:08]Starting api.php
[2025-11-04 22:31:08]Database connection successful
[2025-11-04 22:31:08]MagnusBilling initialized successfully
[2025-11-04 22:31:08]Processing action: get_call_status, User ID: 7, Session data: {"csrf_token":"365fbcdc174ca126c4cc4cea7e3ad54bf919a17de606593d8b1788f136ddee02","user_id":7,"username":"ldata"}
[2025-11-04 22:31:09]Raw Call Stat: {"success":true,"response":{"success":true,"channel":"SIP\/2002-0000003e","status":"ended","status_detail":"Channel no longer exists","dtmf_input":null,"dtmf_updated_at":null,"dtmf_array":[false]},"error:x:x:":null}
[2025-11-04 22:31:09]Starting api.php
[2025-11-04 22:31:09]Database connection successful
[2025-11-04 22:31:09]MagnusBilling initialized successfully
[2025-11-04 22:31:09]Processing action: get_call_status, User ID: 7, Session data: {"csrf_token":"365fbcdc174ca126c4cc4cea7e3ad54bf919a17de606593d8b1788f136ddee02","user_id":7,"username":"ldata"}
[2025-11-04 22:31:10]Raw Call Stat: {"success":true,"response":{"success":true,"channel":"SIP\/2002-0000003e","status":"ended","status_detail":"Channel no longer exists","dtmf_input":null,"dtmf_updated_at":null,"dtmf_array":[false]},"error:x:x:":null}
[2025-11-04 22:31:10]Starting api.php
[2025-11-04 22:31:10]Database connection successful
[2025-11-04 22:31:10]MagnusBilling initialized successfully
[2025-11-04 22:31:10]Processing action: get_call_status, User ID: 7, Session data: {"csrf_token":"365fbcdc174ca126c4cc4cea7e3ad54bf919a17de606593d8b1788f136ddee02","user_id":7,"username":"ldata"}
[2025-11-04 22:31:12]Raw Call Stat: {"success":true,"response":{"success":true,"channel":"SIP\/2002-0000003e","status":"ended","status_detail":"Channel no longer exists","dtmf_input":null,"dtmf_updated_at":null,"dtmf_array":[false]},"error:x:x:":null}
[2025-11-04 22:31:18]Starting api.php
[2025-11-04 22:31:18]Database connection successful
[2025-11-04 22:31:18]MagnusBilling initialized successfully
[2025-11-04 22:31:18]Processing action: end_call, User ID: 7, Session data: {"csrf_token":"365fbcdc174ca126c4cc4cea7e3ad54bf919a17de606593d8b1788f136ddee02","user_id":7,"username":"ldata"}
[2025-11-04 22:31:20]CallManager Output: {"success":true,"response":{"success":true,"output":"No such channel"},"error:x:x:":null}
[2025-11-04 22:31:20]Ended call: call_id=287, callChannel=SIP/2002-0000003e, CDR Uniqueid=call_690a314105c87
[2025-11-04 22:32:49]Starting api.php
[2025-11-04 22:32:49]Database connection successful
[2025-11-04 22:32:49]MagnusBilling initialized successfully
[2025-11-04 22:32:49]Processing action: initiate_call, User ID: 7, Session data: {"csrf_token":"365fbcdc174ca126c4cc4cea7e3ad54bf919a17de606593d8b1788f136ddee02","user_id":7,"username":"ldata"}
[2025-11-04 22:32:55]CallManager Output: {"success":true,"response":{"success":true,"output":{"success":true,"ami_response":{"response":"Success","actionid":"orig_690a31bf186d9","message":"Originate successfully queued"},"channel":"SIP\/2002-00000042","error":null},"channel":"SIP\/2002-00000042","cdr_uniqueid":"call_690a31bddda30"},"error:x:x:":null}
[2025-11-04 22:32:55]CallManager Output(2): {"success":true,"output":{"success":true,"ami_response":{"response":"Success","actionid":"orig_690a31bf186d9","message":"Originate successfully queued"},"channel":"SIP\/2002-00000042","error":null},"channel":"SIP\/2002-00000042","cdr_uniqueid":"call_690a31bddda30"}
[2025-11-04 22:32:55]Initiated call: call_id=288, magnus_call_id=call_690a31bddda30, customer_number=2002, callback_method=softphone
[2025-11-04 22:32:58]Starting api.php
[2025-11-04 22:32:58]Database connection successful
[2025-11-04 22:32:58]MagnusBilling initialized successfully
[2025-11-04 22:32:58]Processing action: get_call_status, User ID: 7, Session data: {"csrf_token":"365fbcdc174ca126c4cc4cea7e3ad54bf919a17de606593d8b1788f136ddee02","user_id":7,"username":"ldata"}
[2025-11-04 22:32:59]Raw Call Stat: {"success":true,"response":{"success":true,"channel":"SIP\/2002-00000042","status":"up","status_detail":"Call is active and answered - media is flowing","dtmf_input":null,"dtmf_updated_at":null,"dtmf_array":[false]},"error:x:x:":null}
[2025-11-04 22:33:00]Starting api.php
[2025-11-04 22:33:00]Database connection successful
[2025-11-04 22:33:00]MagnusBilling initialized successfully
[2025-11-04 22:33:00]Processing action: get_call_status, User ID: 7, Session data: {"csrf_token":"365fbcdc174ca126c4cc4cea7e3ad54bf919a17de606593d8b1788f136ddee02","user_id":7,"username":"ldata"}
[2025-11-04 22:33:01]Raw Call Stat: {"success":true,"response":{"success":true,"channel":"SIP\/2002-00000042","status":"up","status_detail":"Call is active and answered - media is flowing","dtmf_input":null,"dtmf_updated_at":null,"dtmf_array":[false]},"error:x:x:":null}
[2025-11-04 22:33:02]Starting api.php
[2025-11-04 22:33:02]Database connection successful
[2025-11-04 22:33:02]MagnusBilling initialized successfully
[2025-11-04 22:33:02]Processing action: get_call_status, User ID: 7, Session data: {"csrf_token":"365fbcdc174ca126c4cc4cea7e3ad54bf919a17de606593d8b1788f136ddee02","user_id":7,"username":"ldata"}
[2025-11-04 22:33:05]Raw Call Stat: {"success":true,"response":{"success":true,"channel":"SIP\/2002-00000042","status":"up","status_detail":"Call is active and answered - media is flowing","dtmf_input":null,"dtmf_updated_at":null,"dtmf_array":[false]},"error:x:x:":null}
[2025-11-04 22:33:05]Starting api.php
[2025-11-04 22:33:05]Database connection successful
[2025-11-04 22:33:05]MagnusBilling initialized successfully
[2025-11-04 22:33:05]Processing action: get_call_status, User ID: 7, Session data: {"csrf_token":"365fbcdc174ca126c4cc4cea7e3ad54bf919a17de606593d8b1788f136ddee02","user_id":7,"username":"ldata"}
[2025-11-04 22:33:07]Raw Call Stat: {"success":false,"response":"{\"success\":false,\"error\":\"Error:x: Read timeout Line: 424 File:\\\/var\\\/www\\\/html\\\/mbilling\\\/api\\\/call\\\/vendor\\\/marcelog\\\/pami\\\/src\\\/PAMI\\\/Client\\\/Impl\\\/ClientImpl.php\"}","error":"HTTP Error: 400"}
[2025-11-04 22:33:07]Failed to get call status: HTTP Error: 400
[2025-11-04 22:33:07]Starting api.php
[2025-11-04 22:33:07]Database connection successful
[2025-11-04 22:33:07]MagnusBilling initialized successfully
[2025-11-04 22:33:07]Processing action: get_call_status, User ID: 7, Session data: {"csrf_token":"365fbcdc174ca126c4cc4cea7e3ad54bf919a17de606593d8b1788f136ddee02","user_id":7,"username":"ldata"}
[2025-11-04 22:33:09]Raw Call Stat: {"success":true,"response":{"success":true,"channel":"SIP\/2002-00000042","status":"up","status_detail":"Call is active and answered - media is flowing","dtmf_input":null,"dtmf_updated_at":null,"dtmf_array":[false]},"error:x:x:":null}
[2025-11-04 22:33:09]Starting api.php
[2025-11-04 22:33:09]Database connection successful
[2025-11-04 22:33:09]MagnusBilling initialized successfully
[2025-11-04 22:33:09]Processing action: get_call_status, User ID: 7, Session data: {"csrf_token":"365fbcdc174ca126c4cc4cea7e3ad54bf919a17de606593d8b1788f136ddee02","user_id":7,"username":"ldata"}
[2025-11-04 22:33:10]Raw Call Stat: {"success":true,"response":{"success":true,"channel":"SIP\/2002-00000042","status":"up","status_detail":"Call is active and answered - media is flowing","dtmf_input":null,"dtmf_updated_at":null,"dtmf_array":[false]},"error:x:x:":null}
[2025-11-04 22:33:10]Starting api.php
[2025-11-04 22:33:10]Database connection successful
[2025-11-04 22:33:10]MagnusBilling initialized successfully
[2025-11-04 22:33:10]Processing action: get_call_status, User ID: 7, Session data: {"csrf_token":"365fbcdc174ca126c4cc4cea7e3ad54bf919a17de606593d8b1788f136ddee02","user_id":7,"username":"ldata"}
[2025-11-04 22:33:12]Raw Call Stat: {"success":true,"response":{"success":true,"channel":"SIP\/2002-00000042","status":"up","status_detail":"Call is active and answered - media is flowing","dtmf_input":null,"dtmf_updated_at":null,"dtmf_array":[false]},"error:x:x:":null}
[2025-11-04 22:33:12]Starting api.php
[2025-11-04 22:33:12]Database connection successful
[2025-11-04 22:33:12]MagnusBilling initialized successfully
[2025-11-04 22:33:12]Processing action: get_call_status, User ID: 7, Session data: {"csrf_token":"365fbcdc174ca126c4cc4cea7e3ad54bf919a17de606593d8b1788f136ddee02","user_id":7,"username":"ldata"}
[2025-11-04 22:33:13]Raw Call Stat: {"success":true,"response":{"success":true,"channel":"SIP\/2002-00000042","status":"up","status_detail":"Call is active and answered - media is flowing","dtmf_input":null,"dtmf_updated_at":null,"dtmf_array":[false]},"error:x:x:":null}
[2025-11-04 22:33:14]Starting api.php
[2025-11-04 22:33:14]Database connection successful
[2025-11-04 22:33:14]MagnusBilling initialized successfully
[2025-11-04 22:33:14]Processing action: get_call_status, User ID: 7, Session data: {"csrf_token":"365fbcdc174ca126c4cc4cea7e3ad54bf919a17de606593d8b1788f136ddee02","user_id":7,"username":"ldata"}
[2025-11-04 22:33:15]Raw Call Stat: {"success":true,"response":{"success":true,"channel":"SIP\/2002-00000042","status":"up","status_detail":"Call is active and answered - media is flowing","dtmf_input":null,"dtmf_updated_at":null,"dtmf_array":[false]},"error:x:x:":null}
[2025-11-04 22:33:16]Starting api.php
[2025-11-04 22:33:16]Database connection successful
[2025-11-04 22:33:16]MagnusBilling initialized successfully
[2025-11-04 22:33:16]Processing action: get_call_status, User ID: 7, Session data: {"csrf_token":"365fbcdc174ca126c4cc4cea7e3ad54bf919a17de606593d8b1788f136ddee02","user_id":7,"username":"ldata"}
[2025-11-04 22:33:17]Raw Call Stat: {"success":true,"response":{"success":true,"channel":"SIP\/2002-00000042","status":"up","status_detail":"Call is active and answered - media is flowing","dtmf_input":null,"dtmf_updated_at":null,"dtmf_array":[false]},"error:x:x:":null}
[2025-11-04 22:33:18]Starting api.php
[2025-11-04 22:33:18]Database connection successful
[2025-11-04 22:33:18]MagnusBilling initialized successfully
[2025-11-04 22:33:18]Processing action: get_call_status, User ID: 7, Session data: {"csrf_token":"365fbcdc174ca126c4cc4cea7e3ad54bf919a17de606593d8b1788f136ddee02","user_id":7,"username":"ldata"}
[2025-11-04 22:33:19]Raw Call Stat: {"success":true,"response":{"success":true,"channel":"SIP\/2002-00000042","status":"up","status_detail":"Call is active and answered - media is flowing","dtmf_input":null,"dtmf_updated_at":null,"dtmf_array":[false]},"error:x:x:":null}
[2025-11-04 22:33:20]Starting api.php
[2025-11-04 22:33:20]Database connection successful
[2025-11-04 22:33:20]MagnusBilling initialized successfully
[2025-11-04 22:33:20]Processing action: get_call_status, User ID: 7, Session data: {"csrf_token":"365fbcdc174ca126c4cc4cea7e3ad54bf919a17de606593d8b1788f136ddee02","user_id":7,"username":"ldata"}
[2025-11-04 22:33:21]Raw Call Stat: {"success":true,"response":{"success":true,"channel":"SIP\/2002-00000042","status":"up","status_detail":"Call is active and answered - media is flowing","dtmf_input":null,"dtmf_updated_at":null,"dtmf_array":[false]},"error:x:x:":null}
[2025-11-04 22:33:22]Starting api.php
[2025-11-04 22:33:22]Database connection successful
[2025-11-04 22:33:22]MagnusBilling initialized successfully
[2025-11-04 22:33:22]Processing action: get_call_status, User ID: 7, Session data: {"csrf_token":"365fbcdc174ca126c4cc4cea7e3ad54bf919a17de606593d8b1788f136ddee02","user_id":7,"username":"ldata"}
[2025-11-04 22:33:23]Raw Call Stat: {"success":true,"response":{"success":true,"channel":"SIP\/2002-00000042","status":"up","status_detail":"Call is active and answered - media is flowing","dtmf_input":null,"dtmf_updated_at":null,"dtmf_array":[false]},"error:x:x:":null}
[2025-11-04 22:33:24]Starting api.php
[2025-11-04 22:33:24]Database connection successful
[2025-11-04 22:33:24]MagnusBilling initialized successfully
[2025-11-04 22:33:24]Processing action: get_call_status, User ID: 7, Session data: {"csrf_token":"365fbcdc174ca126c4cc4cea7e3ad54bf919a17de606593d8b1788f136ddee02","user_id":7,"username":"ldata"}
[2025-11-04 22:33:25]Raw Call Stat: {"success":true,"response":{"success":true,"channel":"SIP\/2002-00000042","status":"up","status_detail":"Call is active and answered - media is flowing","dtmf_input":null,"dtmf_updated_at":null,"dtmf_array":[false]},"error:x:x:":null}
[2025-11-04 22:33:26]Starting api.php
[2025-11-04 22:33:26]Database connection successful
[2025-11-04 22:33:26]MagnusBilling initialized successfully
[2025-11-04 22:33:26]Processing action: get_call_status, User ID: 7, Session data: {"csrf_token":"365fbcdc174ca126c4cc4cea7e3ad54bf919a17de606593d8b1788f136ddee02","user_id":7,"username":"ldata"}
[2025-11-04 22:33:27]Raw Call Stat: {"success":true,"response":{"success":true,"channel":"SIP\/2002-00000042","status":"up","status_detail":"Call is active and answered - media is flowing","dtmf_input":null,"dtmf_updated_at":null,"dtmf_array":[false]},"error:x:x:":null}
[2025-11-04 22:33:28]Starting api.php
[2025-11-04 22:33:28]Database connection successful
[2025-11-04 22:33:28]MagnusBilling initialized successfully
[2025-11-04 22:33:28]Processing action: get_call_status, User ID: 7, Session data: {"csrf_token":"365fbcdc174ca126c4cc4cea7e3ad54bf919a17de606593d8b1788f136ddee02","user_id":7,"username":"ldata"}
[2025-11-04 22:33:29]Raw Call Stat: {"success":true,"response":{"success":true,"channel":"SIP\/2002-00000042","status":"up","status_detail":"Call is active and answered - media is flowing","dtmf_input":null,"dtmf_updated_at":null,"dtmf_array":[false]},"error:x:x:":null}
[2025-11-04 22:33:30]Starting api.php
[2025-11-04 22:33:30]Database connection successful
[2025-11-04 22:33:30]MagnusBilling initialized successfully
[2025-11-04 22:33:30]Processing action: get_call_status, User ID: 7, Session data: {"csrf_token":"365fbcdc174ca126c4cc4cea7e3ad54bf919a17de606593d8b1788f136ddee02","user_id":7,"username":"ldata"}
[2025-11-04 22:33:32]Raw Call Stat: {"success":true,"response":{"success":true,"channel":"SIP\/2002-00000042","status":"up","status_detail":"Call is active and answered - media is flowing","dtmf_input":null,"dtmf_updated_at":null,"dtmf_array":[false]},"error:x:x:":null}
[2025-11-04 22:33:32]Starting api.php
[2025-11-04 22:33:32]Database connection successful
[2025-11-04 22:33:32]MagnusBilling initialized successfully
[2025-11-04 22:33:32]Processing action: get_call_status, User ID: 7, Session data: {"csrf_token":"365fbcdc174ca126c4cc4cea7e3ad54bf919a17de606593d8b1788f136ddee02","user_id":7,"username":"ldata"}
[2025-11-04 22:33:33]Raw Call Stat: {"success":true,"response":{"success":true,"channel":"SIP\/2002-00000042","status":"up","status_detail":"Call is active and answered - media is flowing","dtmf_input":null,"dtmf_updated_at":null,"dtmf_array":[false]},"error:x:x:":null}
[2025-11-04 22:33:34]Starting api.php
[2025-11-04 22:33:34]Database connection successful
[2025-11-04 22:33:34]MagnusBilling initialized successfully
[2025-11-04 22:33:34]Processing action: get_call_status, User ID: 7, Session data: {"csrf_token":"365fbcdc174ca126c4cc4cea7e3ad54bf919a17de606593d8b1788f136ddee02","user_id":7,"username":"ldata"}
[2025-11-04 22:33:35]Raw Call Stat: {"success":true,"response":{"success":true,"channel":"SIP\/2002-00000042","status":"up","status_detail":"Call is active and answered - media is flowing","dtmf_input":null,"dtmf_updated_at":null,"dtmf_array":[false]},"error:x:x:":null}
[2025-11-04 22:33:36]Starting api.php
[2025-11-04 22:33:36]Database connection successful
[2025-11-04 22:33:36]MagnusBilling initialized successfully
[2025-11-04 22:33:36]Processing action: get_call_status, User ID: 7, Session data: {"csrf_token":"365fbcdc174ca126c4cc4cea7e3ad54bf919a17de606593d8b1788f136ddee02","user_id":7,"username":"ldata"}
[2025-11-04 22:33:37]Raw Call Stat: {"success":true,"response":{"success":true,"channel":"SIP\/2002-00000042","status":"up","status_detail":"Call is active and answered - media is flowing","dtmf_input":null,"dtmf_updated_at":null,"dtmf_array":[false]},"error:x:x:":null}
[2025-11-04 22:33:38]Starting api.php
[2025-11-04 22:33:38]Database connection successful
[2025-11-04 22:33:38]MagnusBilling initialized successfully
[2025-11-04 22:33:38]Processing action: get_call_status, User ID: 7, Session data: {"csrf_token":"365fbcdc174ca126c4cc4cea7e3ad54bf919a17de606593d8b1788f136ddee02","user_id":7,"username":"ldata"}
[2025-11-04 22:33:39]Raw Call Stat: {"success":true,"response":{"success":true,"channel":"SIP\/2002-00000042","status":"up","status_detail":"Call is active and answered - media is flowing","dtmf_input":null,"dtmf_updated_at":null,"dtmf_array":[false]},"error:x:x:":null}
[2025-11-04 22:33:40]Starting api.php
[2025-11-04 22:33:40]Database connection successful
[2025-11-04 22:33:40]MagnusBilling initialized successfully
[2025-11-04 22:33:40]Processing action: get_call_status, User ID: 7, Session data: {"csrf_token":"365fbcdc174ca126c4cc4cea7e3ad54bf919a17de606593d8b1788f136ddee02","user_id":7,"username":"ldata"}
[2025-11-04 22:33:41]Raw Call Stat: {"success":true,"response":{"success":true,"channel":"SIP\/2002-00000042","status":"up","status_detail":"Call is active and answered - media is flowing","dtmf_input":null,"dtmf_updated_at":null,"dtmf_array":[false]},"error:x:x:":null}
[2025-11-04 22:33:42]Starting api.php
[2025-11-04 22:33:42]Database connection successful
[2025-11-04 22:33:42]MagnusBilling initialized successfully
[2025-11-04 22:33:42]Processing action: get_call_status, User ID: 7, Session data: {"csrf_token":"365fbcdc174ca126c4cc4cea7e3ad54bf919a17de606593d8b1788f136ddee02","user_id":7,"username":"ldata"}
[2025-11-04 22:33:43]Raw Call Stat: {"success":true,"response":{"success":true,"channel":"SIP\/2002-00000042","status":"up","status_detail":"Call is active and answered - media is flowing","dtmf_input":null,"dtmf_updated_at":null,"dtmf_array":[false]},"error:x:x:":null}
[2025-11-04 22:33:44]Starting api.php
[2025-11-04 22:33:44]Database connection successful
[2025-11-04 22:33:44]MagnusBilling initialized successfully
[2025-11-04 22:33:44]Processing action: get_call_status, User ID: 7, Session data: {"csrf_token":"365fbcdc174ca126c4cc4cea7e3ad54bf919a17de606593d8b1788f136ddee02","user_id":7,"username":"ldata"}
[2025-11-04 22:33:45]Raw Call Stat: {"success":true,"response":{"success":true,"channel":"SIP\/2002-00000042","status":"up","status_detail":"Call is active and answered - media is flowing","dtmf_input":null,"dtmf_updated_at":null,"dtmf_array":[false]},"error:x:x:":null}
[2025-11-04 22:33:46]Starting api.php
[2025-11-04 22:33:46]Database connection successful
[2025-11-04 22:33:46]MagnusBilling initialized successfully
[2025-11-04 22:33:46]Processing action: get_call_status, User ID: 7, Session data: {"csrf_token":"365fbcdc174ca126c4cc4cea7e3ad54bf919a17de606593d8b1788f136ddee02","user_id":7,"username":"ldata"}
[2025-11-04 22:33:47]Raw Call Stat: {"success":true,"response":{"success":true,"channel":"SIP\/2002-00000042","status":"up","status_detail":"Call is active and answered - media is flowing","dtmf_input":null,"dtmf_updated_at":null,"dtmf_array":[false]},"error:x:x:":null}
[2025-11-04 22:33:48]Starting api.php
[2025-11-04 22:33:48]Database connection successful
[2025-11-04 22:33:48]MagnusBilling initialized successfully
[2025-11-04 22:33:48]Processing action: get_call_status, User ID: 7, Session data: {"csrf_token":"365fbcdc174ca126c4cc4cea7e3ad54bf919a17de606593d8b1788f136ddee02","user_id":7,"username":"ldata"}
[2025-11-04 22:33:49]Raw Call Stat: {"success":true,"response":{"success":true,"channel":"SIP\/2002-00000042","status":"up","status_detail":"Call is active and answered - media is flowing","dtmf_input":null,"dtmf_updated_at":null,"dtmf_array":[false]},"error:x:x:":null}
[2025-11-04 22:33:50]Starting api.php
[2025-11-04 22:33:50]Database connection successful
[2025-11-04 22:33:50]MagnusBilling initialized successfully
[2025-11-04 22:33:50]Processing action: get_call_status, User ID: 7, Session data: {"csrf_token":"365fbcdc174ca126c4cc4cea7e3ad54bf919a17de606593d8b1788f136ddee02","user_id":7,"username":"ldata"}
[2025-11-04 22:33:51]Raw Call Stat: {"success":true,"response":{"success":true,"channel":"SIP\/2002-00000042","status":"up","status_detail":"Call is active and answered - media is flowing","dtmf_input":null,"dtmf_updated_at":null,"dtmf_array":[false]},"error:x:x:":null}
[2025-11-04 22:33:52]Starting api.php
[2025-11-04 22:33:52]Database connection successful
[2025-11-04 22:33:52]MagnusBilling initialized successfully
[2025-11-04 22:33:52]Processing action: get_call_status, User ID: 7, Session data: {"csrf_token":"365fbcdc174ca126c4cc4cea7e3ad54bf919a17de606593d8b1788f136ddee02","user_id":7,"username":"ldata"}
[2025-11-04 22:33:53]Raw Call Stat: {"success":true,"response":{"success":true,"channel":"SIP\/2002-00000042","status":"up","status_detail":"Call is active and answered - media is flowing","dtmf_input":null,"dtmf_updated_at":null,"dtmf_array":[false]},"error:x:x:":null}
[2025-11-04 22:33:54]Starting api.php
[2025-11-04 22:33:54]Database connection successful
[2025-11-04 22:33:54]MagnusBilling initialized successfully
[2025-11-04 22:33:54]Processing action: get_call_status, User ID: 7, Session data: {"csrf_token":"365fbcdc174ca126c4cc4cea7e3ad54bf919a17de606593d8b1788f136ddee02","user_id":7,"username":"ldata"}
[2025-11-04 22:33:55]Raw Call Stat: {"success":true,"response":{"success":true,"channel":"SIP\/2002-00000042","status":"up","status_detail":"Call is active and answered - media is flowing","dtmf_input":null,"dtmf_updated_at":null,"dtmf_array":[false]},"error:x:x:":null}
[2025-11-04 22:33:56]Starting api.php
[2025-11-04 22:33:56]Database connection successful
[2025-11-04 22:33:56]MagnusBilling initialized successfully
[2025-11-04 22:33:56]Processing action: get_call_status, User ID: 7, Session data: {"csrf_token":"365fbcdc174ca126c4cc4cea7e3ad54bf919a17de606593d8b1788f136ddee02","user_id":7,"username":"ldata"}
[2025-11-04 22:33:57]Raw Call Stat: {"success":true,"response":{"success":true,"channel":"SIP\/2002-00000042","status":"up","status_detail":"Call is active and answered - media is flowing","dtmf_input":null,"dtmf_updated_at":null,"dtmf_array":[false]},"error:x:x:":null}
[2025-11-04 22:33:58]Starting api.php
[2025-11-04 22:33:58]Database connection successful
[2025-11-04 22:33:58]MagnusBilling initialized successfully
[2025-11-04 22:33:58]Processing action: get_call_status, User ID: 7, Session data: {"csrf_token":"365fbcdc174ca126c4cc4cea7e3ad54bf919a17de606593d8b1788f136ddee02","user_id":7,"username":"ldata"}
[2025-11-04 22:33:59]Raw Call Stat: {"success":true,"response":{"success":true,"channel":"SIP\/2002-00000042","status":"up","status_detail":"Call is active and answered - media is flowing","dtmf_input":null,"dtmf_updated_at":null,"dtmf_array":[false]},"error:x:x:":null}
[2025-11-04 22:34:00]Starting api.php
[2025-11-04 22:34:00]Database connection successful
[2025-11-04 22:34:00]MagnusBilling initialized successfully
[2025-11-04 22:34:00]Processing action: get_call_status, User ID: 7, Session data: {"csrf_token":"365fbcdc174ca126c4cc4cea7e3ad54bf919a17de606593d8b1788f136ddee02","user_id":7,"username":"ldata"}
[2025-11-04 22:34:01]Raw Call Stat: {"success":true,"response":{"success":true,"channel":"SIP\/2002-00000042","status":"up","status_detail":"Call is active and answered - media is flowing","dtmf_input":null,"dtmf_updated_at":null,"dtmf_array":[false]},"error:x:x:":null}
[2025-11-04 22:34:02]Starting api.php
[2025-11-04 22:34:02]Database connection successful
[2025-11-04 22:34:02]MagnusBilling initialized successfully
[2025-11-04 22:34:02]Processing action: get_call_status, User ID: 7, Session data: {"csrf_token":"365fbcdc174ca126c4cc4cea7e3ad54bf919a17de606593d8b1788f136ddee02","user_id":7,"username":"ldata"}
[2025-11-04 22:34:07]Raw Call Stat: {"success":true,"response":{"success":true,"channel":"SIP\/2002-00000042","status":"up","status_detail":"Call is active and answered - media is flowing","dtmf_input":null,"dtmf_updated_at":null,"dtmf_array":[false]},"error:x:x:":null}
[2025-11-04 22:34:07]Starting api.php
[2025-11-04 22:34:07]Database connection successful
[2025-11-04 22:34:07]MagnusBilling initialized successfully
[2025-11-04 22:34:07]Processing action: get_call_status, User ID: 7, Session data: {"csrf_token":"365fbcdc174ca126c4cc4cea7e3ad54bf919a17de606593d8b1788f136ddee02","user_id":7,"username":"ldata"}
[2025-11-04 22:34:09]Raw Call Stat: {"success":true,"response":{"success":true,"channel":"SIP\/2002-00000042","status":"up","status_detail":"Call is active and answered - media is flowing","dtmf_input":null,"dtmf_updated_at":null,"dtmf_array":[false]},"error:x:x:":null}
[2025-11-04 22:34:09]Starting api.php
[2025-11-04 22:34:09]Database connection successful
[2025-11-04 22:34:09]MagnusBilling initialized successfully
[2025-11-04 22:34:09]Processing action: get_call_status, User ID: 7, Session data: {"csrf_token":"365fbcdc174ca126c4cc4cea7e3ad54bf919a17de606593d8b1788f136ddee02","user_id":7,"username":"ldata"}
[2025-11-04 22:34:10]Raw Call Stat: {"success":true,"response":{"success":true,"channel":"SIP\/2002-00000042","status":"up","status_detail":"Call is active and answered - media is flowing","dtmf_input":null,"dtmf_updated_at":null,"dtmf_array":[false]},"error:x:x:":null}
[2025-11-04 22:34:10]Starting api.php
[2025-11-04 22:34:10]Database connection successful
[2025-11-04 22:34:10]MagnusBilling initialized successfully
[2025-11-04 22:34:10]Processing action: get_call_status, User ID: 7, Session data: {"csrf_token":"365fbcdc174ca126c4cc4cea7e3ad54bf919a17de606593d8b1788f136ddee02","user_id":7,"username":"ldata"}
[2025-11-04 22:34:11]Raw Call Stat: {"success":true,"response":{"success":true,"channel":"SIP\/2002-00000042","status":"up","status_detail":"Call is active and answered - media is flowing","dtmf_input":null,"dtmf_updated_at":null,"dtmf_array":[false]},"error:x:x:":null}
[2025-11-04 22:34:11]Starting api.php
[2025-11-04 22:34:11]Database connection successful
[2025-11-04 22:34:11]MagnusBilling initialized successfully
[2025-11-04 22:34:11]Processing action: get_call_status, User ID: 7, Session data: {"csrf_token":"365fbcdc174ca126c4cc4cea7e3ad54bf919a17de606593d8b1788f136ddee02","user_id":7,"username":"ldata"}
[2025-11-04 22:34:13]Raw Call Stat: {"success":true,"response":{"success":true,"channel":"SIP\/2002-00000042","status":"up","status_detail":"Call is active and answered - media is flowing","dtmf_input":null,"dtmf_updated_at":null,"dtmf_array":[false]},"error:x:x:":null}
[2025-11-04 22:34:13]Starting api.php
[2025-11-04 22:34:13]Database connection successful
[2025-11-04 22:34:13]MagnusBilling initialized successfully
[2025-11-04 22:34:13]Processing action: get_call_status, User ID: 7, Session data: {"csrf_token":"365fbcdc174ca126c4cc4cea7e3ad54bf919a17de606593d8b1788f136ddee02","user_id":7,"username":"ldata"}
[2025-11-04 22:34:14]Raw Call Stat: {"success":true,"response":{"success":true,"channel":"SIP\/2002-00000042","status":"up","status_detail":"Call is active and answered - media is flowing","dtmf_input":null,"dtmf_updated_at":null,"dtmf_array":[false]},"error:x:x:":null}
[2025-11-04 22:34:14]Starting api.php
[2025-11-04 22:34:14]Database connection successful
[2025-11-04 22:34:14]MagnusBilling initialized successfully
[2025-11-04 22:34:14]Processing action: get_call_status, User ID: 7, Session data: {"csrf_token":"365fbcdc174ca126c4cc4cea7e3ad54bf919a17de606593d8b1788f136ddee02","user_id":7,"username":"ldata"}
[2025-11-04 22:34:15]Raw Call Stat: {"success":true,"response":{"success":true,"channel":"SIP\/2002-00000042","status":"up","status_detail":"Call is active and answered - media is flowing","dtmf_input":"2","dtmf_updated_at":"2025-11-04 17:04:15","dtmf_array":{"dtmf_input":"2","updated_at":"2025-11-04 17:04:15"}},"error:x:x:":null}
[2025-11-04 22:34:16]Starting api.php
[2025-11-04 22:34:16]Database connection successful
[2025-11-04 22:34:16]MagnusBilling initialized successfully
[2025-11-04 22:34:16]Processing action: get_call_status, User ID: 7, Session data: {"csrf_token":"365fbcdc174ca126c4cc4cea7e3ad54bf919a17de606593d8b1788f136ddee02","user_id":7,"username":"ldata"}
[2025-11-04 22:34:17]Raw Call Stat: {"success":true,"response":{"success":true,"channel":"SIP\/2002-00000042","status":"up","status_detail":"Call is active and answered - media is flowing","dtmf_input":"2","dtmf_updated_at":"2025-11-04 17:04:15","dtmf_array":{"dtmf_input":"2","updated_at":"2025-11-04 17:04:15"}},"error:x:x:":null}
[2025-11-04 22:34:18]Starting api.php
[2025-11-04 22:34:18]Database connection successful
[2025-11-04 22:34:18]MagnusBilling initialized successfully
[2025-11-04 22:34:18]Processing action: get_call_status, User ID: 7, Session data: {"csrf_token":"365fbcdc174ca126c4cc4cea7e3ad54bf919a17de606593d8b1788f136ddee02","user_id":7,"username":"ldata"}
[2025-11-04 22:34:19]Raw Call Stat: {"success":true,"response":{"success":true,"channel":"SIP\/2002-00000042","status":"up","status_detail":"Call is active and answered - media is flowing","dtmf_input":"2","dtmf_updated_at":"2025-11-04 17:04:15","dtmf_array":{"dtmf_input":"2","updated_at":"2025-11-04 17:04:15"}},"error:x:x:":null}
[2025-11-04 22:34:20]Starting api.php
[2025-11-04 22:34:20]Database connection successful
[2025-11-04 22:34:20]MagnusBilling initialized successfully
[2025-11-04 22:34:20]Processing action: get_call_status, User ID: 7, Session data: {"csrf_token":"365fbcdc174ca126c4cc4cea7e3ad54bf919a17de606593d8b1788f136ddee02","user_id":7,"username":"ldata"}
[2025-11-04 22:34:21]Raw Call Stat: {"success":true,"response":{"success":true,"channel":"SIP\/2002-00000042","status":"ended","status_detail":"Channel no longer exists","dtmf_input":"2","dtmf_updated_at":"2025-11-04 17:04:15","dtmf_array":{"dtmf_input":"2","updated_at":"2025-11-04 17:04:15"}},"error:x:x:":null}
[2025-11-04 22:36:24]Starting api.php
[2025-11-04 22:36:24]Database connection successful
[2025-11-04 22:36:24]MagnusBilling initialized successfully
[2025-11-04 22:36:24]Processing action: initiate_call, User ID: 7, Session data: {"csrf_token":"365fbcdc174ca126c4cc4cea7e3ad54bf919a17de606593d8b1788f136ddee02","user_id":7,"username":"ldata"}
[2025-11-04 22:36:31]CallManager Output: {"success":true,"response":{"success":true,"output":{"success":true,"ami_response":{"response":"Success","actionid":"orig_690a3296c2f25","message":"Originate successfully queued"},"channel":"SIP\/2002-00000043","error":null},"channel":"SIP\/2002-00000043","cdr_uniqueid":"call_690a32957b1a1"},"error:x:x:":null}
[2025-11-04 22:36:31]CallManager Output(2): {"success":true,"output":{"success":true,"ami_response":{"response":"Success","actionid":"orig_690a3296c2f25","message":"Originate successfully queued"},"channel":"SIP\/2002-00000043","error":null},"channel":"SIP\/2002-00000043","cdr_uniqueid":"call_690a32957b1a1"}
[2025-11-04 22:36:31]Initiated call: call_id=289, magnus_call_id=call_690a32957b1a1, customer_number=2002, callback_method=softphone
[2025-11-04 22:36:33]Starting api.php
[2025-11-04 22:36:33]Database connection successful
[2025-11-04 22:36:33]MagnusBilling initialized successfully
[2025-11-04 22:36:33]Processing action: get_call_status, User ID: 7, Session data: {"csrf_token":"365fbcdc174ca126c4cc4cea7e3ad54bf919a17de606593d8b1788f136ddee02","user_id":7,"username":"ldata"}
[2025-11-04 22:36:35]Raw Call Stat: {"success":true,"response":{"success":true,"channel":"SIP\/2002-00000043","status":"up","status_detail":"Call is active and answered - media is flowing","dtmf_input":null,"dtmf_updated_at":null,"dtmf_array":[false]},"error:x:x:":null}
[2025-11-04 22:36:35]Starting api.php
[2025-11-04 22:36:35]Database connection successful
[2025-11-04 22:36:35]MagnusBilling initialized successfully
[2025-11-04 22:36:35]Processing action: get_call_status, User ID: 7, Session data: {"csrf_token":"365fbcdc174ca126c4cc4cea7e3ad54bf919a17de606593d8b1788f136ddee02","user_id":7,"username":"ldata"}
[2025-11-04 22:36:37]Raw Call Stat: {"success":true,"response":{"success":true,"channel":"SIP\/2002-00000043","status":"up","status_detail":"Call is active and answered - media is flowing","dtmf_input":null,"dtmf_updated_at":null,"dtmf_array":[false]},"error:x:x:":null}
[2025-11-04 22:36:37]Starting api.php
[2025-11-04 22:36:37]Database connection successful
[2025-11-04 22:36:37]MagnusBilling initialized successfully
[2025-11-04 22:36:37]Processing action: get_call_status, User ID: 7, Session data: {"csrf_token":"365fbcdc174ca126c4cc4cea7e3ad54bf919a17de606593d8b1788f136ddee02","user_id":7,"username":"ldata"}
[2025-11-04 22:36:39]Raw Call Stat: {"success":true,"response":{"success":true,"channel":"SIP\/2002-00000043","status":"up","status_detail":"Call is active and answered - media is flowing","dtmf_input":null,"dtmf_updated_at":null,"dtmf_array":[false]},"error:x:x:":null}
[2025-11-04 22:36:39]Starting api.php
[2025-11-04 22:36:39]Database connection successful
[2025-11-04 22:36:39]MagnusBilling initialized successfully
[2025-11-04 22:36:39]Processing action: get_call_status, User ID: 7, Session data: {"csrf_token":"365fbcdc174ca126c4cc4cea7e3ad54bf919a17de606593d8b1788f136ddee02","user_id":7,"username":"ldata"}
[2025-11-04 22:36:41]Raw Call Stat: {"success":true,"response":{"success":true,"channel":"SIP\/2002-00000043","status":"up","status_detail":"Call is active and answered - media is flowing","dtmf_input":null,"dtmf_updated_at":null,"dtmf_array":[false]},"error:x:x:":null}
[2025-11-04 22:36:41]Starting api.php
[2025-11-04 22:36:41]Database connection successful
[2025-11-04 22:36:41]MagnusBilling initialized successfully
[2025-11-04 22:36:41]Processing action: get_call_status, User ID: 7, Session data: {"csrf_token":"365fbcdc174ca126c4cc4cea7e3ad54bf919a17de606593d8b1788f136ddee02","user_id":7,"username":"ldata"}
[2025-11-04 22:36:43]Raw Call Stat: {"success":true,"response":{"success":true,"channel":"SIP\/2002-00000043","status":"up","status_detail":"Call is active and answered - media is flowing","dtmf_input":null,"dtmf_updated_at":null,"dtmf_array":[false]},"error:x:x:":null}
[2025-11-04 22:36:43]Starting api.php
[2025-11-04 22:36:43]Database connection successful
[2025-11-04 22:36:43]MagnusBilling initialized successfully
[2025-11-04 22:36:43]Processing action: get_call_status, User ID: 7, Session data: {"csrf_token":"365fbcdc174ca126c4cc4cea7e3ad54bf919a17de606593d8b1788f136ddee02","user_id":7,"username":"ldata"}
[2025-11-04 22:36:44]Raw Call Stat: {"success":true,"response":{"success":true,"channel":"SIP\/2002-00000043","status":"up","status_detail":"Call is active and answered - media is flowing","dtmf_input":null,"dtmf_updated_at":null,"dtmf_array":[false]},"error:x:x:":null}
[2025-11-04 22:36:45]Starting api.php
[2025-11-04 22:36:45]Database connection successful
[2025-11-04 22:36:45]MagnusBilling initialized successfully
[2025-11-04 22:36:45]Processing action: get_call_status, User ID: 7, Session data: {"csrf_token":"365fbcdc174ca126c4cc4cea7e3ad54bf919a17de606593d8b1788f136ddee02","user_id":7,"username":"ldata"}
[2025-11-04 22:36:47]Raw Call Stat: {"success":true,"response":{"success":true,"channel":"SIP\/2002-00000043","status":"up","status_detail":"Call is active and answered - media is flowing","dtmf_input":null,"dtmf_updated_at":null,"dtmf_array":[false]},"error:x:x:":null}
[2025-11-04 22:36:47]Starting api.php
[2025-11-04 22:36:47]Database connection successful
[2025-11-04 22:36:47]MagnusBilling initialized successfully
[2025-11-04 22:36:47]Processing action: get_call_status, User ID: 7, Session data: {"csrf_token":"365fbcdc174ca126c4cc4cea7e3ad54bf919a17de606593d8b1788f136ddee02","user_id":7,"username":"ldata"}
[2025-11-04 22:36:49]Raw Call Stat: {"success":true,"response":{"success":true,"channel":"SIP\/2002-00000043","status":"up","status_detail":"Call is active and answered - media is flowing","dtmf_input":null,"dtmf_updated_at":null,"dtmf_array":[false]},"error:x:x:":null}
[2025-11-04 22:36:49]Starting api.php
[2025-11-04 22:36:49]Database connection successful
[2025-11-04 22:36:49]MagnusBilling initialized successfully
[2025-11-04 22:36:49]Processing action: get_call_status, User ID: 7, Session data: {"csrf_token":"365fbcdc174ca126c4cc4cea7e3ad54bf919a17de606593d8b1788f136ddee02","user_id":7,"username":"ldata"}
[2025-11-04 22:36:50]Raw Call Stat: {"success":true,"response":{"success":true,"channel":"SIP\/2002-00000043","status":"up","status_detail":"Call is active and answered - media is flowing","dtmf_input":null,"dtmf_updated_at":null,"dtmf_array":[false]},"error:x:x:":null}
[2025-11-04 22:36:51]Starting api.php
[2025-11-04 22:36:51]Database connection successful
[2025-11-04 22:36:51]MagnusBilling initialized successfully
[2025-11-04 22:36:51]Processing action: get_call_status, User ID: 7, Session data: {"csrf_token":"365fbcdc174ca126c4cc4cea7e3ad54bf919a17de606593d8b1788f136ddee02","user_id":7,"username":"ldata"}
[2025-11-04 22:36:53]Raw Call Stat: {"success":true,"response":{"success":true,"channel":"SIP\/2002-00000043","status":"up","status_detail":"Call is active and answered - media is flowing","dtmf_input":null,"dtmf_updated_at":null,"dtmf_array":[false]},"error:x:x:":null}
[2025-11-04 22:36:53]Starting api.php
[2025-11-04 22:36:53]Database connection successful
[2025-11-04 22:36:53]MagnusBilling initialized successfully
[2025-11-04 22:36:53]Processing action: get_call_status, User ID: 7, Session data: {"csrf_token":"365fbcdc174ca126c4cc4cea7e3ad54bf919a17de606593d8b1788f136ddee02","user_id":7,"username":"ldata"}
[2025-11-04 22:36:55]Raw Call Stat: {"success":true,"response":{"success":true,"channel":"SIP\/2002-00000043","status":"up","status_detail":"Call is active and answered - media is flowing","dtmf_input":null,"dtmf_updated_at":null,"dtmf_array":[false]},"error:x:x:":null}
[2025-11-04 22:36:55]Starting api.php
[2025-11-04 22:36:55]Database connection successful
[2025-11-04 22:36:55]MagnusBilling initialized successfully
[2025-11-04 22:36:55]Processing action: get_call_status, User ID: 7, Session data: {"csrf_token":"365fbcdc174ca126c4cc4cea7e3ad54bf919a17de606593d8b1788f136ddee02","user_id":7,"username":"ldata"}
[2025-11-04 22:36:57]Raw Call Stat: {"success":true,"response":{"success":true,"channel":"SIP\/2002-00000043","status":"up","status_detail":"Call is active and answered - media is flowing","dtmf_input":null,"dtmf_updated_at":null,"dtmf_array":[false]},"error:x:x:":null}
[2025-11-04 22:36:57]Starting api.php
[2025-11-04 22:36:57]Database connection successful
[2025-11-04 22:36:57]MagnusBilling initialized successfully
[2025-11-04 22:36:57]Processing action: get_call_status, User ID: 7, Session data: {"csrf_token":"365fbcdc174ca126c4cc4cea7e3ad54bf919a17de606593d8b1788f136ddee02","user_id":7,"username":"ldata"}
[2025-11-04 22:36:59]Raw Call Stat: {"success":true,"response":{"success":true,"channel":"SIP\/2002-00000043","status":"up","status_detail":"Call is active and answered - media is flowing","dtmf_input":null,"dtmf_updated_at":null,"dtmf_array":[false]},"error:x:x:":null}
[2025-11-04 22:36:59]Starting api.php
[2025-11-04 22:36:59]Database connection successful
[2025-11-04 22:36:59]MagnusBilling initialized successfully
[2025-11-04 22:36:59]Processing action: get_call_status, User ID: 7, Session data: {"csrf_token":"365fbcdc174ca126c4cc4cea7e3ad54bf919a17de606593d8b1788f136ddee02","user_id":7,"username":"ldata"}
[2025-11-04 22:37:01]Raw Call Stat: {"success":true,"response":{"success":true,"channel":"SIP\/2002-00000043","status":"up","status_detail":"Call is active and answered - media is flowing","dtmf_input":null,"dtmf_updated_at":null,"dtmf_array":[false]},"error:x:x:":null}
[2025-11-04 22:37:01]Starting api.php
[2025-11-04 22:37:01]Database connection successful
[2025-11-04 22:37:01]MagnusBilling initialized successfully
[2025-11-04 22:37:01]Processing action: get_call_status, User ID: 7, Session data: {"csrf_token":"365fbcdc174ca126c4cc4cea7e3ad54bf919a17de606593d8b1788f136ddee02","user_id":7,"username":"ldata"}
[2025-11-04 22:37:04]Raw Call Stat: {"success":true,"response":{"success":true,"channel":"SIP\/2002-00000043","status":"up","status_detail":"Call is active and answered - media is flowing","dtmf_input":null,"dtmf_updated_at":null,"dtmf_array":[false]},"error:x:x:":null}
[2025-11-04 22:37:04]Starting api.php
[2025-11-04 22:37:04]Database connection successful
[2025-11-04 22:37:04]MagnusBilling initialized successfully
[2025-11-04 22:37:04]Processing action: get_call_status, User ID: 7, Session data: {"csrf_token":"365fbcdc174ca126c4cc4cea7e3ad54bf919a17de606593d8b1788f136ddee02","user_id":7,"username":"ldata"}
[2025-11-04 22:37:06]Raw Call Stat: {"success":true,"response":{"success":true,"channel":"SIP\/2002-00000043","status":"up","status_detail":"Call is active and answered - media is flowing","dtmf_input":null,"dtmf_updated_at":null,"dtmf_array":[false]},"error:x:x:":null}
[2025-11-04 22:37:06]Starting api.php
[2025-11-04 22:37:06]Database connection successful
[2025-11-04 22:37:06]MagnusBilling initialized successfully
[2025-11-04 22:37:06]Processing action: get_call_status, User ID: 7, Session data: {"csrf_token":"365fbcdc174ca126c4cc4cea7e3ad54bf919a17de606593d8b1788f136ddee02","user_id":7,"username":"ldata"}
[2025-11-04 22:37:08]Raw Call Stat: {"success":true,"response":{"success":true,"channel":"SIP\/2002-00000043","status":"up","status_detail":"Call is active and answered - media is flowing","dtmf_input":null,"dtmf_updated_at":null,"dtmf_array":[false]},"error:x:x:":null}
[2025-11-04 22:37:08]Starting api.php
[2025-11-04 22:37:08]Database connection successful
[2025-11-04 22:37:08]MagnusBilling initialized successfully
[2025-11-04 22:37:08]Processing action: get_call_status, User ID: 7, Session data: {"csrf_token":"365fbcdc174ca126c4cc4cea7e3ad54bf919a17de606593d8b1788f136ddee02","user_id":7,"username":"ldata"}
[2025-11-04 22:37:09]Raw Call Stat: {"success":true,"response":{"success":true,"channel":"SIP\/2002-00000043","status":"up","status_detail":"Call is active and answered - media is flowing","dtmf_input":null,"dtmf_updated_at":null,"dtmf_array":[false]},"error:x:x:":null}
[2025-11-04 22:37:09]Starting api.php
[2025-11-04 22:37:09]Database connection successful
[2025-11-04 22:37:09]MagnusBilling initialized successfully
[2025-11-04 22:37:09]Processing action: get_call_status, User ID: 7, Session data: {"csrf_token":"365fbcdc174ca126c4cc4cea7e3ad54bf919a17de606593d8b1788f136ddee02","user_id":7,"username":"ldata"}
[2025-11-04 22:37:11]Raw Call Stat: {"success":true,"response":{"success":true,"channel":"SIP\/2002-00000043","status":"up","status_detail":"Call is active and answered - media is flowing","dtmf_input":null,"dtmf_updated_at":null,"dtmf_array":[false]},"error:x:x:":null}
[2025-11-04 22:37:11]Starting api.php
[2025-11-04 22:37:11]Database connection successful
[2025-11-04 22:37:11]MagnusBilling initialized successfully
[2025-11-04 22:37:11]Processing action: get_call_status, User ID: 7, Session data: {"csrf_token":"365fbcdc174ca126c4cc4cea7e3ad54bf919a17de606593d8b1788f136ddee02","user_id":7,"username":"ldata"}
[2025-11-04 22:37:13]Raw Call Stat: {"success":true,"response":{"success":true,"channel":"SIP\/2002-00000043","status":"up","status_detail":"Call is active and answered - media is flowing","dtmf_input":null,"dtmf_updated_at":null,"dtmf_array":[false]},"error:x:x:":null}
[2025-11-04 22:37:13]Starting api.php
[2025-11-04 22:37:13]Database connection successful
[2025-11-04 22:37:13]MagnusBilling initialized successfully
[2025-11-04 22:37:13]Processing action: get_call_status, User ID: 7, Session data: {"csrf_token":"365fbcdc174ca126c4cc4cea7e3ad54bf919a17de606593d8b1788f136ddee02","user_id":7,"username":"ldata"}
[2025-11-04 22:37:15]Raw Call Stat: {"success":true,"response":{"success":true,"channel":"SIP\/2002-00000043","status":"up","status_detail":"Call is active and answered - media is flowing","dtmf_input":null,"dtmf_updated_at":null,"dtmf_array":[false]},"error:x:x:":null}
[2025-11-04 22:37:15]Starting api.php
[2025-11-04 22:37:15]Database connection successful
[2025-11-04 22:37:15]MagnusBilling initialized successfully
[2025-11-04 22:37:15]Processing action: get_call_status, User ID: 7, Session data: {"csrf_token":"365fbcdc174ca126c4cc4cea7e3ad54bf919a17de606593d8b1788f136ddee02","user_id":7,"username":"ldata"}
[2025-11-04 22:37:17]Raw Call Stat: {"success":true,"response":{"success":true,"channel":"SIP\/2002-00000043","status":"up","status_detail":"Call is active and answered - media is flowing","dtmf_input":null,"dtmf_updated_at":null,"dtmf_array":[false]},"error:x:x:":null}
[2025-11-04 22:37:17]Starting api.php
[2025-11-04 22:37:17]Database connection successful
[2025-11-04 22:37:17]MagnusBilling initialized successfully
[2025-11-04 22:37:17]Processing action: get_call_status, User ID: 7, Session data: {"csrf_token":"365fbcdc174ca126c4cc4cea7e3ad54bf919a17de606593d8b1788f136ddee02","user_id":7,"username":"ldata"}
[2025-11-04 22:37:19]Raw Call Stat: {"success":true,"response":{"success":true,"channel":"SIP\/2002-00000043","status":"up","status_detail":"Call is active and answered - media is flowing","dtmf_input":null,"dtmf_updated_at":null,"dtmf_array":[false]},"error:x:x:":null}
[2025-11-04 22:37:19]Starting api.php
[2025-11-04 22:37:19]Database connection successful
[2025-11-04 22:37:19]MagnusBilling initialized successfully
[2025-11-04 22:37:19]Processing action: get_call_status, User ID: 7, Session data: {"csrf_token":"365fbcdc174ca126c4cc4cea7e3ad54bf919a17de606593d8b1788f136ddee02","user_id":7,"username":"ldata"}
[2025-11-04 22:37:21]Raw Call Stat: {"success":true,"response":{"success":true,"channel":"SIP\/2002-00000043","status":"up","status_detail":"Call is active and answered - media is flowing","dtmf_input":null,"dtmf_updated_at":null,"dtmf_array":[false]},"error:x:x:":null}
[2025-11-04 22:37:21]Starting api.php
[2025-11-04 22:37:21]Database connection successful
[2025-11-04 22:37:21]MagnusBilling initialized successfully
[2025-11-04 22:37:21]Processing action: get_call_status, User ID: 7, Session data: {"csrf_token":"365fbcdc174ca126c4cc4cea7e3ad54bf919a17de606593d8b1788f136ddee02","user_id":7,"username":"ldata"}
[2025-11-04 22:37:23]Raw Call Stat: {"success":true,"response":{"success":true,"channel":"SIP\/2002-00000043","status":"up","status_detail":"Call is active and answered - media is flowing","dtmf_input":null,"dtmf_updated_at":null,"dtmf_array":[false]},"error:x:x:":null}
[2025-11-04 22:37:23]Starting api.php
[2025-11-04 22:37:23]Database connection successful
[2025-11-04 22:37:23]MagnusBilling initialized successfully
[2025-11-04 22:37:23]Processing action: get_call_status, User ID: 7, Session data: {"csrf_token":"365fbcdc174ca126c4cc4cea7e3ad54bf919a17de606593d8b1788f136ddee02","user_id":7,"username":"ldata"}
[2025-11-04 22:37:25]Raw Call Stat: {"success":true,"response":{"success":true,"channel":"SIP\/2002-00000043","status":"up","status_detail":"Call is active and answered - media is flowing","dtmf_input":null,"dtmf_updated_at":null,"dtmf_array":[false]},"error:x:x:":null}
[2025-11-04 22:37:25]Starting api.php
[2025-11-04 22:37:25]Database connection successful
[2025-11-04 22:37:25]MagnusBilling initialized successfully
[2025-11-04 22:37:25]Processing action: get_call_status, User ID: 7, Session data: {"csrf_token":"365fbcdc174ca126c4cc4cea7e3ad54bf919a17de606593d8b1788f136ddee02","user_id":7,"username":"ldata"}
[2025-11-04 22:37:27]Raw Call Stat: {"success":true,"response":{"success":true,"channel":"SIP\/2002-00000043","status":"up","status_detail":"Call is active and answered - media is flowing","dtmf_input":null,"dtmf_updated_at":null,"dtmf_array":[false]},"error:x:x:":null}
[2025-11-04 22:37:27]Starting api.php
[2025-11-04 22:37:27]Database connection successful
[2025-11-04 22:37:27]MagnusBilling initialized successfully
[2025-11-04 22:37:27]Processing action: get_call_status, User ID: 7, Session data: {"csrf_token":"365fbcdc174ca126c4cc4cea7e3ad54bf919a17de606593d8b1788f136ddee02","user_id":7,"username":"ldata"}
[2025-11-04 22:37:29]Raw Call Stat: {"success":true,"response":{"success":true,"channel":"SIP\/2002-00000043","status":"up","status_detail":"Call is active and answered - media is flowing","dtmf_input":null,"dtmf_updated_at":null,"dtmf_array":[false]},"error:x:x:":null}
[2025-11-04 22:37:29]Starting api.php
[2025-11-04 22:37:29]Database connection successful
[2025-11-04 22:37:29]MagnusBilling initialized successfully
[2025-11-04 22:37:29]Processing action: get_call_status, User ID: 7, Session data: {"csrf_token":"365fbcdc174ca126c4cc4cea7e3ad54bf919a17de606593d8b1788f136ddee02","user_id":7,"username":"ldata"}
[2025-11-04 22:37:31]Raw Call Stat: {"success":true,"response":{"success":true,"channel":"SIP\/2002-00000043","status":"up","status_detail":"Call is active and answered - media is flowing","dtmf_input":null,"dtmf_updated_at":null,"dtmf_array":[false]},"error:x:x:":null}
[2025-11-04 22:37:31]Starting api.php
[2025-11-04 22:37:31]Database connection successful
[2025-11-04 22:37:31]MagnusBilling initialized successfully
[2025-11-04 22:37:31]Processing action: get_call_status, User ID: 7, Session data: {"csrf_token":"365fbcdc174ca126c4cc4cea7e3ad54bf919a17de606593d8b1788f136ddee02","user_id":7,"username":"ldata"}
[2025-11-04 22:37:33]Raw Call Stat: {"success":true,"response":{"success":true,"channel":"SIP\/2002-00000043","status":"up","status_detail":"Call is active and answered - media is flowing","dtmf_input":null,"dtmf_updated_at":null,"dtmf_array":[false]},"error:x:x:":null}
[2025-11-04 22:37:33]Starting api.php
[2025-11-04 22:37:33]Database connection successful
[2025-11-04 22:37:33]MagnusBilling initialized successfully
[2025-11-04 22:37:33]Processing action: get_call_status, User ID: 7, Session data: {"csrf_token":"365fbcdc174ca126c4cc4cea7e3ad54bf919a17de606593d8b1788f136ddee02","user_id":7,"username":"ldata"}
[2025-11-04 22:37:35]Raw Call Stat: {"success":true,"response":{"success":true,"channel":"SIP\/2002-00000043","status":"up","status_detail":"Call is active and answered - media is flowing","dtmf_input":null,"dtmf_updated_at":null,"dtmf_array":[false]},"error:x:x:":null}
[2025-11-04 22:37:35]Starting api.php
[2025-11-04 22:37:35]Database connection successful
[2025-11-04 22:37:35]MagnusBilling initialized successfully
[2025-11-04 22:37:35]Processing action: get_call_status, User ID: 7, Session data: {"csrf_token":"365fbcdc174ca126c4cc4cea7e3ad54bf919a17de606593d8b1788f136ddee02","user_id":7,"username":"ldata"}
[2025-11-04 22:37:36]Raw Call Stat: {"success":true,"response":{"success":true,"channel":"SIP\/2002-00000043","status":"up","status_detail":"Call is active and answered - media is flowing","dtmf_input":null,"dtmf_updated_at":null,"dtmf_array":[false]},"error:x:x:":null}
[2025-11-04 22:37:37]Starting api.php
[2025-11-04 22:37:37]Database connection successful
[2025-11-04 22:37:37]MagnusBilling initialized successfully
[2025-11-04 22:37:37]Processing action: get_call_status, User ID: 7, Session data: {"csrf_token":"365fbcdc174ca126c4cc4cea7e3ad54bf919a17de606593d8b1788f136ddee02","user_id":7,"username":"ldata"}
[2025-11-04 22:37:39]Raw Call Stat: {"success":true,"response":{"success":true,"channel":"SIP\/2002-00000043","status":"up","status_detail":"Call is active and answered - media is flowing","dtmf_input":null,"dtmf_updated_at":null,"dtmf_array":[false]},"error:x:x:":null}
[2025-11-04 22:37:39]Starting api.php
[2025-11-04 22:37:39]Database connection successful
[2025-11-04 22:37:39]MagnusBilling initialized successfully
[2025-11-04 22:37:39]Processing action: get_call_status, User ID: 7, Session data: {"csrf_token":"365fbcdc174ca126c4cc4cea7e3ad54bf919a17de606593d8b1788f136ddee02","user_id":7,"username":"ldata"}
[2025-11-04 22:37:41]Raw Call Stat: {"success":true,"response":{"success":true,"channel":"SIP\/2002-00000043","status":"up","status_detail":"Call is active and answered - media is flowing","dtmf_input":null,"dtmf_updated_at":null,"dtmf_array":[false]},"error:x:x:":null}
[2025-11-04 22:37:41]Starting api.php
[2025-11-04 22:37:41]Database connection successful
[2025-11-04 22:37:41]MagnusBilling initialized successfully
[2025-11-04 22:37:41]Processing action: get_call_status, User ID: 7, Session data: {"csrf_token":"365fbcdc174ca126c4cc4cea7e3ad54bf919a17de606593d8b1788f136ddee02","user_id":7,"username":"ldata"}
[2025-11-04 22:37:43]Raw Call Stat: {"success":true,"response":{"success":true,"channel":"SIP\/2002-00000043","status":"up","status_detail":"Call is active and answered - media is flowing","dtmf_input":null,"dtmf_updated_at":null,"dtmf_array":[false]},"error:x:x:":null}
[2025-11-04 22:37:43]Starting api.php
[2025-11-04 22:37:43]Database connection successful
[2025-11-04 22:37:43]MagnusBilling initialized successfully
[2025-11-04 22:37:43]Processing action: get_call_status, User ID: 7, Session data: {"csrf_token":"365fbcdc174ca126c4cc4cea7e3ad54bf919a17de606593d8b1788f136ddee02","user_id":7,"username":"ldata"}
[2025-11-04 22:37:45]Raw Call Stat: {"success":true,"response":{"success":true,"channel":"SIP\/2002-00000043","status":"up","status_detail":"Call is active and answered - media is flowing","dtmf_input":null,"dtmf_updated_at":null,"dtmf_array":[false]},"error:x:x:":null}
[2025-11-04 22:37:45]Starting api.php
[2025-11-04 22:37:45]Database connection successful
[2025-11-04 22:37:45]MagnusBilling initialized successfully
[2025-11-04 22:37:45]Processing action: get_call_status, User ID: 7, Session data: {"csrf_token":"365fbcdc174ca126c4cc4cea7e3ad54bf919a17de606593d8b1788f136ddee02","user_id":7,"username":"ldata"}
[2025-11-04 22:37:47]Raw Call Stat: {"success":true,"response":{"success":true,"channel":"SIP\/2002-00000043","status":"up","status_detail":"Call is active and answered - media is flowing","dtmf_input":null,"dtmf_updated_at":null,"dtmf_array":[false]},"error:x:x:":null}
[2025-11-04 22:37:47]Starting api.php
[2025-11-04 22:37:47]Database connection successful
[2025-11-04 22:37:47]MagnusBilling initialized successfully
[2025-11-04 22:37:47]Processing action: get_call_status, User ID: 7, Session data: {"csrf_token":"365fbcdc174ca126c4cc4cea7e3ad54bf919a17de606593d8b1788f136ddee02","user_id":7,"username":"ldata"}
[2025-11-04 22:37:49]Raw Call Stat: {"success":true,"response":{"success":true,"channel":"SIP\/2002-00000043","status":"up","status_detail":"Call is active and answered - media is flowing","dtmf_input":null,"dtmf_updated_at":null,"dtmf_array":[false]},"error:x:x:":null}
[2025-11-04 22:37:49]Starting api.php
[2025-11-04 22:37:49]Database connection successful
[2025-11-04 22:37:49]MagnusBilling initialized successfully
[2025-11-04 22:37:49]Processing action: get_call_status, User ID: 7, Session data: {"csrf_token":"365fbcdc174ca126c4cc4cea7e3ad54bf919a17de606593d8b1788f136ddee02","user_id":7,"username":"ldata"}
[2025-11-04 22:37:51]Raw Call Stat: {"success":true,"response":{"success":true,"channel":"SIP\/2002-00000043","status":"up","status_detail":"Call is active and answered - media is flowing","dtmf_input":null,"dtmf_updated_at":null,"dtmf_array":[false]},"error:x:x:":null}
[2025-11-04 22:37:51]Starting api.php
[2025-11-04 22:37:51]Database connection successful
[2025-11-04 22:37:51]MagnusBilling initialized successfully
[2025-11-04 22:37:51]Processing action: get_call_status, User ID: 7, Session data: {"csrf_token":"365fbcdc174ca126c4cc4cea7e3ad54bf919a17de606593d8b1788f136ddee02","user_id":7,"username":"ldata"}
[2025-11-04 22:37:53]Raw Call Stat: {"success":true,"response":{"success":true,"channel":"SIP\/2002-00000043","status":"up","status_detail":"Call is active and answered - media is flowing","dtmf_input":null,"dtmf_updated_at":null,"dtmf_array":[false]},"error:x:x:":null}
[2025-11-04 22:37:53]Starting api.php
[2025-11-04 22:37:53]Database connection successful
[2025-11-04 22:37:53]MagnusBilling initialized successfully
[2025-11-04 22:37:53]Processing action: get_call_status, User ID: 7, Session data: {"csrf_token":"365fbcdc174ca126c4cc4cea7e3ad54bf919a17de606593d8b1788f136ddee02","user_id":7,"username":"ldata"}
[2025-11-04 22:37:55]Raw Call Stat: {"success":true,"response":{"success":true,"channel":"SIP\/2002-00000043","status":"up","status_detail":"Call is active and answered - media is flowing","dtmf_input":null,"dtmf_updated_at":null,"dtmf_array":[false]},"error:x:x:":null}
[2025-11-04 22:37:55]Starting api.php
[2025-11-04 22:37:55]Database connection successful
[2025-11-04 22:37:55]MagnusBilling initialized successfully
[2025-11-04 22:37:55]Processing action: get_call_status, User ID: 7, Session data: {"csrf_token":"365fbcdc174ca126c4cc4cea7e3ad54bf919a17de606593d8b1788f136ddee02","user_id":7,"username":"ldata"}
[2025-11-04 22:37:57]Raw Call Stat: {"success":true,"response":{"success":true,"channel":"SIP\/2002-00000043","status":"up","status_detail":"Call is active and answered - media is flowing","dtmf_input":null,"dtmf_updated_at":null,"dtmf_array":[false]},"error:x:x:":null}
[2025-11-04 22:37:57]Starting api.php
[2025-11-04 22:37:57]Database connection successful
[2025-11-04 22:37:57]MagnusBilling initialized successfully
[2025-11-04 22:37:57]Processing action: get_call_status, User ID: 7, Session data: {"csrf_token":"365fbcdc174ca126c4cc4cea7e3ad54bf919a17de606593d8b1788f136ddee02","user_id":7,"username":"ldata"}
[2025-11-04 22:37:58]Raw Call Stat: {"success":true,"response":{"success":true,"channel":"SIP\/2002-00000043","status":"up","status_detail":"Call is active and answered - media is flowing","dtmf_input":null,"dtmf_updated_at":null,"dtmf_array":[false]},"error:x:x:":null}
[2025-11-04 22:37:59]Starting api.php
[2025-11-04 22:37:59]Database connection successful
[2025-11-04 22:37:59]MagnusBilling initialized successfully
[2025-11-04 22:37:59]Processing action: get_call_status, User ID: 7, Session data: {"csrf_token":"365fbcdc174ca126c4cc4cea7e3ad54bf919a17de606593d8b1788f136ddee02","user_id":7,"username":"ldata"}
[2025-11-04 22:38:01]Raw Call Stat: {"success":true,"response":{"success":true,"channel":"SIP\/2002-00000043","status":"up","status_detail":"Call is active and answered - media is flowing","dtmf_input":null,"dtmf_updated_at":null,"dtmf_array":[false]},"error:x:x:":null}
[2025-11-04 22:38:01]Starting api.php
[2025-11-04 22:38:01]Database connection successful
[2025-11-04 22:38:01]MagnusBilling initialized successfully
[2025-11-04 22:38:01]Processing action: get_call_status, User ID: 7, Session data: {"csrf_token":"365fbcdc174ca126c4cc4cea7e3ad54bf919a17de606593d8b1788f136ddee02","user_id":7,"username":"ldata"}
[2025-11-04 22:38:06]Raw Call Stat: {"success":true,"response":{"success":true,"channel":"SIP\/2002-00000043","status":"up","status_detail":"Call is active and answered - media is flowing","dtmf_input":null,"dtmf_updated_at":null,"dtmf_array":[false]},"error:x:x:":null}
[2025-11-04 22:38:06]Starting api.php
[2025-11-04 22:38:06]Database connection successful
[2025-11-04 22:38:06]MagnusBilling initialized successfully
[2025-11-04 22:38:06]Processing action: get_call_status, User ID: 7, Session data: {"csrf_token":"365fbcdc174ca126c4cc4cea7e3ad54bf919a17de606593d8b1788f136ddee02","user_id":7,"username":"ldata"}
[2025-11-04 22:38:08]Raw Call Stat: {"success":true,"response":{"success":true,"channel":"SIP\/2002-00000043","status":"up","status_detail":"Call is active and answered - media is flowing","dtmf_input":null,"dtmf_updated_at":null,"dtmf_array":[false]},"error:x:x:":null}
[2025-11-04 22:38:08]Starting api.php
[2025-11-04 22:38:08]Database connection successful
[2025-11-04 22:38:08]MagnusBilling initialized successfully
[2025-11-04 22:38:08]Processing action: get_call_status, User ID: 7, Session data: {"csrf_token":"365fbcdc174ca126c4cc4cea7e3ad54bf919a17de606593d8b1788f136ddee02","user_id":7,"username":"ldata"}
[2025-11-04 22:38:10]Raw Call Stat: {"success":false,"response":"{\"success\":false,\"error\":\"Error:x: Read timeout Line: 424 File:\\\/var\\\/www\\\/html\\\/mbilling\\\/api\\\/call\\\/vendor\\\/marcelog\\\/pami\\\/src\\\/PAMI\\\/Client\\\/Impl\\\/ClientImpl.php\"}","error":"HTTP Error: 400"}
[2025-11-04 22:38:10]Failed to get call status: HTTP Error: 400
[2025-11-04 22:38:10]Starting api.php
[2025-11-04 22:38:10]Database connection successful
[2025-11-04 22:38:10]MagnusBilling initialized successfully
[2025-11-04 22:38:10]Processing action: get_call_status, User ID: 7, Session data: {"csrf_token":"365fbcdc174ca126c4cc4cea7e3ad54bf919a17de606593d8b1788f136ddee02","user_id":7,"username":"ldata"}
[2025-11-04 22:38:12]Raw Call Stat: {"success":true,"response":{"success":true,"channel":"SIP\/2002-00000043","status":"up","status_detail":"Call is active and answered - media is flowing","dtmf_input":null,"dtmf_updated_at":null,"dtmf_array":[false]},"error:x:x:":null}
[2025-11-04 22:38:12]Starting api.php
[2025-11-04 22:38:12]Database connection successful
[2025-11-04 22:38:12]MagnusBilling initialized successfully
[2025-11-04 22:38:12]Processing action: get_call_status, User ID: 7, Session data: {"csrf_token":"365fbcdc174ca126c4cc4cea7e3ad54bf919a17de606593d8b1788f136ddee02","user_id":7,"username":"ldata"}
[2025-11-04 22:38:13]Raw Call Stat: {"success":true,"response":{"success":true,"channel":"SIP\/2002-00000043","status":"up","status_detail":"Call is active and answered - media is flowing","dtmf_input":null,"dtmf_updated_at":null,"dtmf_array":[false]},"error:x:x:":null}
[2025-11-04 22:38:13]Starting api.php
[2025-11-04 22:38:13]Database connection successful
[2025-11-04 22:38:13]MagnusBilling initialized successfully
[2025-11-04 22:38:13]Processing action: get_call_status, User ID: 7, Session data: {"csrf_token":"365fbcdc174ca126c4cc4cea7e3ad54bf919a17de606593d8b1788f136ddee02","user_id":7,"username":"ldata"}
[2025-11-04 22:38:14]Raw Call Stat: {"success":true,"response":{"success":true,"channel":"SIP\/2002-00000043","status":"up","status_detail":"Call is active and answered - media is flowing","dtmf_input":null,"dtmf_updated_at":null,"dtmf_array":[false]},"error:x:x:":null}
[2025-11-04 22:38:14]Starting api.php
[2025-11-04 22:38:14]Database connection successful
[2025-11-04 22:38:14]MagnusBilling initialized successfully
[2025-11-04 22:38:14]Processing action: get_call_status, User ID: 7, Session data: {"csrf_token":"365fbcdc174ca126c4cc4cea7e3ad54bf919a17de606593d8b1788f136ddee02","user_id":7,"username":"ldata"}
[2025-11-04 22:38:16]Raw Call Stat: {"success":true,"response":{"success":true,"channel":"SIP\/2002-00000043","status":"up","status_detail":"Call is active and answered - media is flowing","dtmf_input":null,"dtmf_updated_at":null,"dtmf_array":[false]},"error:x:x:":null}
[2025-11-04 22:38:16]Starting api.php
[2025-11-04 22:38:16]Database connection successful
[2025-11-04 22:38:16]MagnusBilling initialized successfully
[2025-11-04 22:38:16]Processing action: get_call_status, User ID: 7, Session data: {"csrf_token":"365fbcdc174ca126c4cc4cea7e3ad54bf919a17de606593d8b1788f136ddee02","user_id":7,"username":"ldata"}
[2025-11-04 22:38:17]Raw Call Stat: {"success":true,"response":{"success":true,"channel":"SIP\/2002-00000043","status":"up","status_detail":"Call is active and answered - media is flowing","dtmf_input":null,"dtmf_updated_at":null,"dtmf_array":[false]},"error:x:x:":null}
[2025-11-04 22:38:17]Starting api.php
[2025-11-04 22:38:17]Database connection successful
[2025-11-04 22:38:17]MagnusBilling initialized successfully
[2025-11-04 22:38:17]Processing action: get_call_status, User ID: 7, Session data: {"csrf_token":"365fbcdc174ca126c4cc4cea7e3ad54bf919a17de606593d8b1788f136ddee02","user_id":7,"username":"ldata"}
[2025-11-04 22:38:19]Raw Call Stat: {"success":true,"response":{"success":true,"channel":"SIP\/2002-00000043","status":"up","status_detail":"Call is active and answered - media is flowing","dtmf_input":null,"dtmf_updated_at":null,"dtmf_array":[false]},"error:x:x:":null}
[2025-11-04 22:38:19]Starting api.php
[2025-11-04 22:38:19]Database connection successful
[2025-11-04 22:38:19]MagnusBilling initialized successfully
[2025-11-04 22:38:19]Processing action: get_call_status, User ID: 7, Session data: {"csrf_token":"365fbcdc174ca126c4cc4cea7e3ad54bf919a17de606593d8b1788f136ddee02","user_id":7,"username":"ldata"}
[2025-11-04 22:38:21]Raw Call Stat: {"success":true,"response":{"success":true,"channel":"SIP\/2002-00000043","status":"up","status_detail":"Call is active and answered - media is flowing","dtmf_input":null,"dtmf_updated_at":null,"dtmf_array":[false]},"error:x:x:":null}
[2025-11-04 22:38:21]Starting api.php
[2025-11-04 22:38:21]Database connection successful
[2025-11-04 22:38:21]MagnusBilling initialized successfully
[2025-11-04 22:38:21]Processing action: get_call_status, User ID: 7, Session data: {"csrf_token":"365fbcdc174ca126c4cc4cea7e3ad54bf919a17de606593d8b1788f136ddee02","user_id":7,"username":"ldata"}
[2025-11-04 22:38:23]Raw Call Stat: {"success":true,"response":{"success":true,"channel":"SIP\/2002-00000043","status":"up","status_detail":"Call is active and answered - media is flowing","dtmf_input":null,"dtmf_updated_at":null,"dtmf_array":[false]},"error:x:x:":null}
[2025-11-04 22:38:23]Starting api.php
[2025-11-04 22:38:23]Database connection successful
[2025-11-04 22:38:23]MagnusBilling initialized successfully
[2025-11-04 22:38:23]Processing action: get_call_status, User ID: 7, Session data: {"csrf_token":"365fbcdc174ca126c4cc4cea7e3ad54bf919a17de606593d8b1788f136ddee02","user_id":7,"username":"ldata"}
[2025-11-04 22:38:25]Raw Call Stat: {"success":true,"response":{"success":true,"channel":"SIP\/2002-00000043","status":"up","status_detail":"Call is active and answered - media is flowing","dtmf_input":null,"dtmf_updated_at":null,"dtmf_array":[false]},"error:x:x:":null}
[2025-11-04 22:38:25]Starting api.php
[2025-11-04 22:38:25]Database connection successful
[2025-11-04 22:38:25]MagnusBilling initialized successfully
[2025-11-04 22:38:25]Processing action: get_call_status, User ID: 7, Session data: {"csrf_token":"365fbcdc174ca126c4cc4cea7e3ad54bf919a17de606593d8b1788f136ddee02","user_id":7,"username":"ldata"}
[2025-11-04 22:38:27]Raw Call Stat: {"success":true,"response":{"success":true,"channel":"SIP\/2002-00000043","status":"up","status_detail":"Call is active and answered - media is flowing","dtmf_input":null,"dtmf_updated_at":null,"dtmf_array":[false]},"error:x:x:":null}
[2025-11-04 22:38:27]Starting api.php
[2025-11-04 22:38:27]Database connection successful
[2025-11-04 22:38:27]MagnusBilling initialized successfully
[2025-11-04 22:38:27]Processing action: get_call_status, User ID: 7, Session data: {"csrf_token":"365fbcdc174ca126c4cc4cea7e3ad54bf919a17de606593d8b1788f136ddee02","user_id":7,"username":"ldata"}
[2025-11-04 22:38:29]Raw Call Stat: {"success":true,"response":{"success":true,"channel":"SIP\/2002-00000043","status":"up","status_detail":"Call is active and answered - media is flowing","dtmf_input":null,"dtmf_updated_at":null,"dtmf_array":[false]},"error:x:x:":null}
[2025-11-04 22:38:29]Starting api.php
[2025-11-04 22:38:29]Database connection successful
[2025-11-04 22:38:29]MagnusBilling initialized successfully
[2025-11-04 22:38:29]Processing action: get_call_status, User ID: 7, Session data: {"csrf_token":"365fbcdc174ca126c4cc4cea7e3ad54bf919a17de606593d8b1788f136ddee02","user_id":7,"username":"ldata"}
[2025-11-04 22:38:31]Raw Call Stat: {"success":true,"response":{"success":true,"channel":"SIP\/2002-00000043","status":"up","status_detail":"Call is active and answered - media is flowing","dtmf_input":null,"dtmf_updated_at":null,"dtmf_array":[false]},"error:x:x:":null}
[2025-11-04 22:38:31]Starting api.php
[2025-11-04 22:38:31]Database connection successful
[2025-11-04 22:38:31]MagnusBilling initialized successfully
[2025-11-04 22:38:31]Processing action: get_call_status, User ID: 7, Session data: {"csrf_token":"365fbcdc174ca126c4cc4cea7e3ad54bf919a17de606593d8b1788f136ddee02","user_id":7,"username":"ldata"}
[2025-11-04 22:38:33]Raw Call Stat: {"success":true,"response":{"success":true,"channel":"SIP\/2002-00000043","status":"up","status_detail":"Call is active and answered - media is flowing","dtmf_input":null,"dtmf_updated_at":null,"dtmf_array":[false]},"error:x:x:":null}
[2025-11-04 22:38:33]Starting api.php
[2025-11-04 22:38:33]Database connection successful
[2025-11-04 22:38:33]MagnusBilling initialized successfully
[2025-11-04 22:38:33]Processing action: get_call_status, User ID: 7, Session data: {"csrf_token":"365fbcdc174ca126c4cc4cea7e3ad54bf919a17de606593d8b1788f136ddee02","user_id":7,"username":"ldata"}
[2025-11-04 22:38:35]Raw Call Stat: {"success":true,"response":{"success":true,"channel":"SIP\/2002-00000043","status":"up","status_detail":"Call is active and answered - media is flowing","dtmf_input":null,"dtmf_updated_at":null,"dtmf_array":[false]},"error:x:x:":null}
[2025-11-04 22:38:35]Starting api.php
[2025-11-04 22:38:35]Database connection successful
[2025-11-04 22:38:35]MagnusBilling initialized successfully
[2025-11-04 22:38:35]Processing action: get_call_status, User ID: 7, Session data: {"csrf_token":"365fbcdc174ca126c4cc4cea7e3ad54bf919a17de606593d8b1788f136ddee02","user_id":7,"username":"ldata"}
[2025-11-04 22:38:37]Raw Call Stat: {"success":true,"response":{"success":true,"channel":"SIP\/2002-00000043","status":"up","status_detail":"Call is active and answered - media is flowing","dtmf_input":null,"dtmf_updated_at":null,"dtmf_array":[false]},"error:x:x:":null}
[2025-11-04 22:38:37]Starting api.php
[2025-11-04 22:38:37]Database connection successful
[2025-11-04 22:38:37]MagnusBilling initialized successfully
[2025-11-04 22:38:37]Processing action: get_call_status, User ID: 7, Session data: {"csrf_token":"365fbcdc174ca126c4cc4cea7e3ad54bf919a17de606593d8b1788f136ddee02","user_id":7,"username":"ldata"}
[2025-11-04 22:38:39]Raw Call Stat: {"success":true,"response":{"success":true,"channel":"SIP\/2002-00000043","status":"up","status_detail":"Call is active and answered - media is flowing","dtmf_input":null,"dtmf_updated_at":null,"dtmf_array":[false]},"error:x:x:":null}
[2025-11-04 22:38:39]Starting api.php
[2025-11-04 22:38:39]Database connection successful
[2025-11-04 22:38:39]MagnusBilling initialized successfully
[2025-11-04 22:38:39]Processing action: get_call_status, User ID: 7, Session data: {"csrf_token":"365fbcdc174ca126c4cc4cea7e3ad54bf919a17de606593d8b1788f136ddee02","user_id":7,"username":"ldata"}
[2025-11-04 22:38:41]Raw Call Stat: {"success":true,"response":{"success":true,"channel":"SIP\/2002-00000043","status":"up","status_detail":"Call is active and answered - media is flowing","dtmf_input":null,"dtmf_updated_at":null,"dtmf_array":[false]},"error:x:x:":null}
[2025-11-04 22:38:41]Starting api.php
[2025-11-04 22:38:41]Database connection successful
[2025-11-04 22:38:41]MagnusBilling initialized successfully
[2025-11-04 22:38:41]Processing action: get_call_status, User ID: 7, Session data: {"csrf_token":"365fbcdc174ca126c4cc4cea7e3ad54bf919a17de606593d8b1788f136ddee02","user_id":7,"username":"ldata"}
[2025-11-04 22:38:43]Raw Call Stat: {"success":true,"response":{"success":true,"channel":"SIP\/2002-00000043","status":"up","status_detail":"Call is active and answered - media is flowing","dtmf_input":null,"dtmf_updated_at":null,"dtmf_array":[false]},"error:x:x:":null}
[2025-11-04 22:38:43]Starting api.php
[2025-11-04 22:38:43]Database connection successful
[2025-11-04 22:38:43]MagnusBilling initialized successfully
[2025-11-04 22:38:43]Processing action: get_call_status, User ID: 7, Session data: {"csrf_token":"365fbcdc174ca126c4cc4cea7e3ad54bf919a17de606593d8b1788f136ddee02","user_id":7,"username":"ldata"}
[2025-11-04 22:38:45]Raw Call Stat: {"success":true,"response":{"success":true,"channel":"SIP\/2002-00000043","status":"up","status_detail":"Call is active and answered - media is flowing","dtmf_input":null,"dtmf_updated_at":null,"dtmf_array":[false]},"error:x:x:":null}
[2025-11-04 22:38:45]Starting api.php
[2025-11-04 22:38:45]Database connection successful
[2025-11-04 22:38:45]MagnusBilling initialized successfully
[2025-11-04 22:38:45]Processing action: get_call_status, User ID: 7, Session data: {"csrf_token":"365fbcdc174ca126c4cc4cea7e3ad54bf919a17de606593d8b1788f136ddee02","user_id":7,"username":"ldata"}
[2025-11-04 22:38:47]Raw Call Stat: {"success":true,"response":{"success":true,"channel":"SIP\/2002-00000043","status":"up","status_detail":"Call is active and answered - media is flowing","dtmf_input":null,"dtmf_updated_at":null,"dtmf_array":[false]},"error:x:x:":null}
[2025-11-04 22:38:47]Starting api.php
[2025-11-04 22:38:47]Database connection successful
[2025-11-04 22:38:47]MagnusBilling initialized successfully
[2025-11-04 22:38:47]Processing action: get_call_status, User ID: 7, Session data: {"csrf_token":"365fbcdc174ca126c4cc4cea7e3ad54bf919a17de606593d8b1788f136ddee02","user_id":7,"username":"ldata"}
[2025-11-04 22:38:49]Raw Call Stat: {"success":true,"response":{"success":true,"channel":"SIP\/2002-00000043","status":"up","status_detail":"Call is active and answered - media is flowing","dtmf_input":null,"dtmf_updated_at":null,"dtmf_array":[false]},"error:x:x:":null}
[2025-11-04 22:38:49]Starting api.php
[2025-11-04 22:38:49]Database connection successful
[2025-11-04 22:38:49]MagnusBilling initialized successfully
[2025-11-04 22:38:49]Processing action: get_call_status, User ID: 7, Session data: {"csrf_token":"365fbcdc174ca126c4cc4cea7e3ad54bf919a17de606593d8b1788f136ddee02","user_id":7,"username":"ldata"}
[2025-11-04 22:38:51]Raw Call Stat: {"success":true,"response":{"success":true,"channel":"SIP\/2002-00000043","status":"up","status_detail":"Call is active and answered - media is flowing","dtmf_input":null,"dtmf_updated_at":null,"dtmf_array":[false]},"error:x:x:":null}
[2025-11-04 22:38:51]Starting api.php
[2025-11-04 22:38:51]Database connection successful
[2025-11-04 22:38:51]MagnusBilling initialized successfully
[2025-11-04 22:38:51]Processing action: get_call_status, User ID: 7, Session data: {"csrf_token":"365fbcdc174ca126c4cc4cea7e3ad54bf919a17de606593d8b1788f136ddee02","user_id":7,"username":"ldata"}
[2025-11-04 22:38:52]Raw Call Stat: {"success":true,"response":{"success":true,"channel":"SIP\/2002-00000043","status":"up","status_detail":"Call is active and answered - media is flowing","dtmf_input":null,"dtmf_updated_at":null,"dtmf_array":[false]},"error:x:x:":null}
[2025-11-04 22:38:53]Starting api.php
[2025-11-04 22:38:53]Database connection successful
[2025-11-04 22:38:53]MagnusBilling initialized successfully
[2025-11-04 22:38:53]Processing action: get_call_status, User ID: 7, Session data: {"csrf_token":"365fbcdc174ca126c4cc4cea7e3ad54bf919a17de606593d8b1788f136ddee02","user_id":7,"username":"ldata"}
[2025-11-04 22:38:54]Raw Call Stat: {"success":true,"response":{"success":true,"channel":"SIP\/2002-00000043","status":"up","status_detail":"Call is active and answered - media is flowing","dtmf_input":null,"dtmf_updated_at":null,"dtmf_array":[false]},"error:x:x:":null}
[2025-11-04 22:38:55]Starting api.php
[2025-11-04 22:38:55]Database connection successful
[2025-11-04 22:38:55]MagnusBilling initialized successfully
[2025-11-04 22:38:55]Processing action: get_call_status, User ID: 7, Session data: {"csrf_token":"365fbcdc174ca126c4cc4cea7e3ad54bf919a17de606593d8b1788f136ddee02","user_id":7,"username":"ldata"}
[2025-11-04 22:38:57]Raw Call Stat: {"success":true,"response":{"success":true,"channel":"SIP\/2002-00000043","status":"up","status_detail":"Call is active and answered - media is flowing","dtmf_input":null,"dtmf_updated_at":null,"dtmf_array":[false]},"error:x:x:":null}
[2025-11-04 22:38:57]Starting api.php
[2025-11-04 22:38:57]Database connection successful
[2025-11-04 22:38:57]MagnusBilling initialized successfully
[2025-11-04 22:38:57]Processing action: get_call_status, User ID: 7, Session data: {"csrf_token":"365fbcdc174ca126c4cc4cea7e3ad54bf919a17de606593d8b1788f136ddee02","user_id":7,"username":"ldata"}
[2025-11-04 22:38:59]Raw Call Stat: {"success":true,"response":{"success":true,"channel":"SIP\/2002-00000043","status":"up","status_detail":"Call is active and answered - media is flowing","dtmf_input":null,"dtmf_updated_at":null,"dtmf_array":[false]},"error:x:x:":null}
[2025-11-04 22:38:59]Starting api.php
[2025-11-04 22:38:59]Database connection successful
[2025-11-04 22:38:59]MagnusBilling initialized successfully
[2025-11-04 22:38:59]Processing action: get_call_status, User ID: 7, Session data: {"csrf_token":"365fbcdc174ca126c4cc4cea7e3ad54bf919a17de606593d8b1788f136ddee02","user_id":7,"username":"ldata"}
[2025-11-04 22:39:01]Raw Call Stat: {"success":true,"response":{"success":true,"channel":"SIP\/2002-00000043","status":"up","status_detail":"Call is active and answered - media is flowing","dtmf_input":null,"dtmf_updated_at":null,"dtmf_array":[false]},"error:x:x:":null}
[2025-11-04 22:39:01]Starting api.php
[2025-11-04 22:39:01]Database connection successful
[2025-11-04 22:39:01]MagnusBilling initialized successfully
[2025-11-04 22:39:01]Processing action: get_call_status, User ID: 7, Session data: {"csrf_token":"365fbcdc174ca126c4cc4cea7e3ad54bf919a17de606593d8b1788f136ddee02","user_id":7,"username":"ldata"}
[2025-11-04 22:39:04]Raw Call Stat: {"success":true,"response":{"success":true,"channel":"SIP\/2002-00000043","status":"up","status_detail":"Call is active and answered - media is flowing","dtmf_input":null,"dtmf_updated_at":null,"dtmf_array":[false]},"error:x:x:":null}
[2025-11-04 22:39:04]Starting api.php
[2025-11-04 22:39:04]Database connection successful
[2025-11-04 22:39:04]MagnusBilling initialized successfully
[2025-11-04 22:39:04]Processing action: get_call_status, User ID: 7, Session data: {"csrf_token":"365fbcdc174ca126c4cc4cea7e3ad54bf919a17de606593d8b1788f136ddee02","user_id":7,"username":"ldata"}
[2025-11-04 22:39:07]Raw Call Stat: {"success":true,"response":{"success":true,"channel":"SIP\/2002-00000043","status":"up","status_detail":"Call is active and answered - media is flowing","dtmf_input":null,"dtmf_updated_at":null,"dtmf_array":[false]},"error:x:x:":null}
[2025-11-04 22:39:07]Starting api.php
[2025-11-04 22:39:07]Database connection successful
[2025-11-04 22:39:07]MagnusBilling initialized successfully
[2025-11-04 22:39:07]Processing action: get_call_status, User ID: 7, Session data: {"csrf_token":"365fbcdc174ca126c4cc4cea7e3ad54bf919a17de606593d8b1788f136ddee02","user_id":7,"username":"ldata"}
[2025-11-04 22:39:10]Raw Call Stat: {"success":true,"response":{"success":true,"channel":"SIP\/2002-00000043","status":"up","status_detail":"Call is active and answered - media is flowing","dtmf_input":null,"dtmf_updated_at":null,"dtmf_array":[false]},"error:x:x:":null}
[2025-11-04 22:39:10]Starting api.php
[2025-11-04 22:39:10]Database connection successful
[2025-11-04 22:39:10]MagnusBilling initialized successfully
[2025-11-04 22:39:10]Processing action: get_call_status, User ID: 7, Session data: {"csrf_token":"365fbcdc174ca126c4cc4cea7e3ad54bf919a17de606593d8b1788f136ddee02","user_id":7,"username":"ldata"}
[2025-11-04 22:39:11]Raw Call Stat: {"success":true,"response":{"success":true,"channel":"SIP\/2002-00000043","status":"up","status_detail":"Call is active and answered - media is flowing","dtmf_input":null,"dtmf_updated_at":null,"dtmf_array":[false]},"error:x:x:":null}
[2025-11-04 22:39:11]Starting api.php
[2025-11-04 22:39:11]Database connection successful
[2025-11-04 22:39:11]MagnusBilling initialized successfully
[2025-11-04 22:39:11]Processing action: get_call_status, User ID: 7, Session data: {"csrf_token":"365fbcdc174ca126c4cc4cea7e3ad54bf919a17de606593d8b1788f136ddee02","user_id":7,"username":"ldata"}
[2025-11-04 22:39:13]Raw Call Stat: {"success":true,"response":{"success":true,"channel":"SIP\/2002-00000043","status":"up","status_detail":"Call is active and answered - media is flowing","dtmf_input":null,"dtmf_updated_at":null,"dtmf_array":[false]},"error:x:x:":null}
[2025-11-04 22:39:13]Starting api.php
[2025-11-04 22:39:13]Database connection successful
[2025-11-04 22:39:13]MagnusBilling initialized successfully
[2025-11-04 22:39:13]Processing action: get_call_status, User ID: 7, Session data: {"csrf_token":"365fbcdc174ca126c4cc4cea7e3ad54bf919a17de606593d8b1788f136ddee02","user_id":7,"username":"ldata"}
[2025-11-04 22:39:14]Raw Call Stat: {"success":true,"response":{"success":true,"channel":"SIP\/2002-00000043","status":"up","status_detail":"Call is active and answered - media is flowing","dtmf_input":null,"dtmf_updated_at":null,"dtmf_array":[false]},"error:x:x:":null}
[2025-11-04 22:39:14]Starting api.php
[2025-11-04 22:39:14]Database connection successful
[2025-11-04 22:39:14]MagnusBilling initialized successfully
[2025-11-04 22:39:14]Processing action: get_call_status, User ID: 7, Session data: {"csrf_token":"365fbcdc174ca126c4cc4cea7e3ad54bf919a17de606593d8b1788f136ddee02","user_id":7,"username":"ldata"}
[2025-11-04 22:39:15]Raw Call Stat: {"success":true,"response":{"success":true,"channel":"SIP\/2002-00000043","status":"up","status_detail":"Call is active and answered - media is flowing","dtmf_input":null,"dtmf_updated_at":null,"dtmf_array":[false]},"error:x:x:":null}
[2025-11-04 22:39:15]Starting api.php
[2025-11-04 22:39:15]Database connection successful
[2025-11-04 22:39:15]MagnusBilling initialized successfully
[2025-11-04 22:39:15]Processing action: get_call_status, User ID: 7, Session data: {"csrf_token":"365fbcdc174ca126c4cc4cea7e3ad54bf919a17de606593d8b1788f136ddee02","user_id":7,"username":"ldata"}
[2025-11-04 22:39:17]Raw Call Stat: {"success":true,"response":{"success":true,"channel":"SIP\/2002-00000043","status":"up","status_detail":"Call is active and answered - media is flowing","dtmf_input":null,"dtmf_updated_at":null,"dtmf_array":[false]},"error:x:x:":null}
[2025-11-04 22:39:17]Starting api.php
[2025-11-04 22:39:17]Database connection successful
[2025-11-04 22:39:17]MagnusBilling initialized successfully
[2025-11-04 22:39:17]Processing action: get_call_status, User ID: 7, Session data: {"csrf_token":"365fbcdc174ca126c4cc4cea7e3ad54bf919a17de606593d8b1788f136ddee02","user_id":7,"username":"ldata"}
[2025-11-04 22:39:18]Raw Call Stat: {"success":true,"response":{"success":true,"channel":"SIP\/2002-00000043","status":"up","status_detail":"Call is active and answered - media is flowing","dtmf_input":null,"dtmf_updated_at":null,"dtmf_array":[false]},"error:x:x:":null}
[2025-11-04 22:39:19]Starting api.php
[2025-11-04 22:39:19]Database connection successful
[2025-11-04 22:39:19]MagnusBilling initialized successfully
[2025-11-04 22:39:19]Processing action: get_call_status, User ID: 7, Session data: {"csrf_token":"365fbcdc174ca126c4cc4cea7e3ad54bf919a17de606593d8b1788f136ddee02","user_id":7,"username":"ldata"}
[2025-11-04 22:39:21]Raw Call Stat: {"success":true,"response":{"success":true,"channel":"SIP\/2002-00000043","status":"up","status_detail":"Call is active and answered - media is flowing","dtmf_input":null,"dtmf_updated_at":null,"dtmf_array":[false]},"error:x:x:":null}
[2025-11-04 22:39:21]Starting api.php
[2025-11-04 22:39:21]Database connection successful
[2025-11-04 22:39:21]MagnusBilling initialized successfully
[2025-11-04 22:39:21]Processing action: get_call_status, User ID: 7, Session data: {"csrf_token":"365fbcdc174ca126c4cc4cea7e3ad54bf919a17de606593d8b1788f136ddee02","user_id":7,"username":"ldata"}
[2025-11-04 22:39:23]Raw Call Stat: {"success":true,"response":{"success":true,"channel":"SIP\/2002-00000043","status":"up","status_detail":"Call is active and answered - media is flowing","dtmf_input":null,"dtmf_updated_at":null,"dtmf_array":[false]},"error:x:x:":null}
[2025-11-04 22:39:23]Starting api.php
[2025-11-04 22:39:23]Database connection successful
[2025-11-04 22:39:23]MagnusBilling initialized successfully
[2025-11-04 22:39:23]Processing action: get_call_status, User ID: 7, Session data: {"csrf_token":"365fbcdc174ca126c4cc4cea7e3ad54bf919a17de606593d8b1788f136ddee02","user_id":7,"username":"ldata"}
[2025-11-04 22:39:25]Raw Call Stat: {"success":true,"response":{"success":true,"channel":"SIP\/2002-00000043","status":"up","status_detail":"Call is active and answered - media is flowing","dtmf_input":null,"dtmf_updated_at":null,"dtmf_array":[false]},"error:x:x:":null}
[2025-11-04 22:39:25]Starting api.php
[2025-11-04 22:39:25]Database connection successful
[2025-11-04 22:39:25]MagnusBilling initialized successfully
[2025-11-04 22:39:25]Processing action: get_call_status, User ID: 7, Session data: {"csrf_token":"365fbcdc174ca126c4cc4cea7e3ad54bf919a17de606593d8b1788f136ddee02","user_id":7,"username":"ldata"}
[2025-11-04 22:39:27]Raw Call Stat: {"success":true,"response":{"success":true,"channel":"SIP\/2002-00000043","status":"up","status_detail":"Call is active and answered - media is flowing","dtmf_input":null,"dtmf_updated_at":null,"dtmf_array":[false]},"error:x:x:":null}
[2025-11-04 22:39:27]Starting api.php
[2025-11-04 22:39:27]Database connection successful
[2025-11-04 22:39:27]MagnusBilling initialized successfully
[2025-11-04 22:39:27]Processing action: get_call_status, User ID: 7, Session data: {"csrf_token":"365fbcdc174ca126c4cc4cea7e3ad54bf919a17de606593d8b1788f136ddee02","user_id":7,"username":"ldata"}
[2025-11-04 22:39:29]Raw Call Stat: {"success":true,"response":{"success":true,"channel":"SIP\/2002-00000043","status":"up","status_detail":"Call is active and answered - media is flowing","dtmf_input":null,"dtmf_updated_at":null,"dtmf_array":[false]},"error:x:x:":null}
[2025-11-04 22:39:29]Starting api.php
[2025-11-04 22:39:29]Database connection successful
[2025-11-04 22:39:29]MagnusBilling initialized successfully
[2025-11-04 22:39:29]Processing action: get_call_status, User ID: 7, Session data: {"csrf_token":"365fbcdc174ca126c4cc4cea7e3ad54bf919a17de606593d8b1788f136ddee02","user_id":7,"username":"ldata"}
[2025-11-04 22:39:31]Raw Call Stat: {"success":true,"response":{"success":true,"channel":"SIP\/2002-00000043","status":"up","status_detail":"Call is active and answered - media is flowing","dtmf_input":null,"dtmf_updated_at":null,"dtmf_array":[false]},"error:x:x:":null}
[2025-11-04 22:39:31]Starting api.php
[2025-11-04 22:39:31]Database connection successful
[2025-11-04 22:39:31]MagnusBilling initialized successfully
[2025-11-04 22:39:31]Processing action: get_call_status, User ID: 7, Session data: {"csrf_token":"365fbcdc174ca126c4cc4cea7e3ad54bf919a17de606593d8b1788f136ddee02","user_id":7,"username":"ldata"}
[2025-11-04 22:39:33]Raw Call Stat: {"success":true,"response":{"success":true,"channel":"SIP\/2002-00000043","status":"up","status_detail":"Call is active and answered - media is flowing","dtmf_input":null,"dtmf_updated_at":null,"dtmf_array":[false]},"error:x:x:":null}
[2025-11-04 22:39:33]Starting api.php
[2025-11-04 22:39:33]Database connection successful
[2025-11-04 22:39:33]MagnusBilling initialized successfully
[2025-11-04 22:39:33]Processing action: get_call_status, User ID: 7, Session data: {"csrf_token":"365fbcdc174ca126c4cc4cea7e3ad54bf919a17de606593d8b1788f136ddee02","user_id":7,"username":"ldata"}
[2025-11-04 22:39:34]Raw Call Stat: {"success":true,"response":{"success":true,"channel":"SIP\/2002-00000043","status":"up","status_detail":"Call is active and answered - media is flowing","dtmf_input":null,"dtmf_updated_at":null,"dtmf_array":[false]},"error:x:x:":null}
[2025-11-04 22:39:35]Starting api.php
[2025-11-04 22:39:35]Database connection successful
[2025-11-04 22:39:35]MagnusBilling initialized successfully
[2025-11-04 22:39:35]Processing action: get_call_status, User ID: 7, Session data: {"csrf_token":"365fbcdc174ca126c4cc4cea7e3ad54bf919a17de606593d8b1788f136ddee02","user_id":7,"username":"ldata"}
[2025-11-04 22:39:37]Raw Call Stat: {"success":true,"response":{"success":true,"channel":"SIP\/2002-00000043","status":"up","status_detail":"Call is active and answered - media is flowing","dtmf_input":null,"dtmf_updated_at":null,"dtmf_array":[false]},"error:x:x:":null}
[2025-11-04 22:39:37]Starting api.php
[2025-11-04 22:39:37]Database connection successful
[2025-11-04 22:39:37]MagnusBilling initialized successfully
[2025-11-04 22:39:37]Processing action: get_call_status, User ID: 7, Session data: {"csrf_token":"365fbcdc174ca126c4cc4cea7e3ad54bf919a17de606593d8b1788f136ddee02","user_id":7,"username":"ldata"}
[2025-11-04 22:39:39]Raw Call Stat: {"success":true,"response":{"success":true,"channel":"SIP\/2002-00000043","status":"up","status_detail":"Call is active and answered - media is flowing","dtmf_input":null,"dtmf_updated_at":null,"dtmf_array":[false]},"error:x:x:":null}
[2025-11-04 22:39:39]Starting api.php
[2025-11-04 22:39:39]Database connection successful
[2025-11-04 22:39:39]MagnusBilling initialized successfully
[2025-11-04 22:39:39]Processing action: get_call_status, User ID: 7, Session data: {"csrf_token":"365fbcdc174ca126c4cc4cea7e3ad54bf919a17de606593d8b1788f136ddee02","user_id":7,"username":"ldata"}
[2025-11-04 22:39:40]Raw Call Stat: {"success":true,"response":{"success":true,"channel":"SIP\/2002-00000043","status":"up","status_detail":"Call is active and answered - media is flowing","dtmf_input":null,"dtmf_updated_at":null,"dtmf_array":[false]},"error:x:x:":null}
[2025-11-04 22:39:41]Starting api.php
[2025-11-04 22:39:41]Database connection successful
[2025-11-04 22:39:41]MagnusBilling initialized successfully
[2025-11-04 22:39:41]Processing action: get_call_status, User ID: 7, Session data: {"csrf_token":"365fbcdc174ca126c4cc4cea7e3ad54bf919a17de606593d8b1788f136ddee02","user_id":7,"username":"ldata"}
[2025-11-04 22:39:42]Raw Call Stat: {"success":true,"response":{"success":true,"channel":"SIP\/2002-00000043","status":"up","status_detail":"Call is active and answered - media is flowing","dtmf_input":null,"dtmf_updated_at":null,"dtmf_array":[false]},"error:x:x:":null}
[2025-11-04 22:39:43]Starting api.php
[2025-11-04 22:39:43]Database connection successful
[2025-11-04 22:39:43]MagnusBilling initialized successfully
[2025-11-04 22:39:43]Processing action: get_call_status, User ID: 7, Session data: {"csrf_token":"365fbcdc174ca126c4cc4cea7e3ad54bf919a17de606593d8b1788f136ddee02","user_id":7,"username":"ldata"}
[2025-11-04 22:39:45]Raw Call Stat: {"success":false,"response":"{\"success\":false,\"error\":\"Error:x: Read timeout Line: 424 File:\\\/var\\\/www\\\/html\\\/mbilling\\\/api\\\/call\\\/vendor\\\/marcelog\\\/pami\\\/src\\\/PAMI\\\/Client\\\/Impl\\\/ClientImpl.php\"}","error":"HTTP Error: 400"}
[2025-11-04 22:39:45]Failed to get call status: HTTP Error: 400
[2025-11-04 22:39:45]Starting api.php
[2025-11-04 22:39:45]Database connection successful
[2025-11-04 22:39:45]MagnusBilling initialized successfully
[2025-11-04 22:39:45]Processing action: get_call_status, User ID: 7, Session data: {"csrf_token":"365fbcdc174ca126c4cc4cea7e3ad54bf919a17de606593d8b1788f136ddee02","user_id":7,"username":"ldata"}
[2025-11-04 22:39:47]Raw Call Stat: {"success":true,"response":{"success":true,"channel":"SIP\/2002-00000043","status":"up","status_detail":"Call is active and answered - media is flowing","dtmf_input":null,"dtmf_updated_at":null,"dtmf_array":[false]},"error:x:x:":null}
[2025-11-04 22:39:47]Starting api.php
[2025-11-04 22:39:47]Database connection successful
[2025-11-04 22:39:47]MagnusBilling initialized successfully
[2025-11-04 22:39:47]Processing action: get_call_status, User ID: 7, Session data: {"csrf_token":"365fbcdc174ca126c4cc4cea7e3ad54bf919a17de606593d8b1788f136ddee02","user_id":7,"username":"ldata"}
[2025-11-04 22:39:48]Raw Call Stat: {"success":true,"response":{"success":true,"channel":"SIP\/2002-00000043","status":"up","status_detail":"Call is active and answered - media is flowing","dtmf_input":null,"dtmf_updated_at":null,"dtmf_array":[false]},"error:x:x:":null}
[2025-11-04 22:39:49]Starting api.php
[2025-11-04 22:39:49]Database connection successful
[2025-11-04 22:39:49]MagnusBilling initialized successfully
[2025-11-04 22:39:49]Processing action: get_call_status, User ID: 7, Session data: {"csrf_token":"365fbcdc174ca126c4cc4cea7e3ad54bf919a17de606593d8b1788f136ddee02","user_id":7,"username":"ldata"}
[2025-11-04 22:39:50]Raw Call Stat: {"success":true,"response":{"success":true,"channel":"SIP\/2002-00000043","status":"up","status_detail":"Call is active and answered - media is flowing","dtmf_input":null,"dtmf_updated_at":null,"dtmf_array":[false]},"error:x:x:":null}
[2025-11-04 22:39:51]Starting api.php
[2025-11-04 22:39:51]Database connection successful
[2025-11-04 22:39:51]MagnusBilling initialized successfully
[2025-11-04 22:39:51]Processing action: get_call_status, User ID: 7, Session data: {"csrf_token":"365fbcdc174ca126c4cc4cea7e3ad54bf919a17de606593d8b1788f136ddee02","user_id":7,"username":"ldata"}
[2025-11-04 22:39:53]Raw Call Stat: {"success":true,"response":{"success":true,"channel":"SIP\/2002-00000043","status":"up","status_detail":"Call is active and answered - media is flowing","dtmf_input":null,"dtmf_updated_at":null,"dtmf_array":[false]},"error:x:x:":null}
[2025-11-04 22:39:53]Starting api.php
[2025-11-04 22:39:53]Database connection successful
[2025-11-04 22:39:53]MagnusBilling initialized successfully
[2025-11-04 22:39:53]Processing action: get_call_status, User ID: 7, Session data: {"csrf_token":"365fbcdc174ca126c4cc4cea7e3ad54bf919a17de606593d8b1788f136ddee02","user_id":7,"username":"ldata"}
[2025-11-04 22:39:55]Raw Call Stat: {"success":true,"response":{"success":true,"channel":"SIP\/2002-00000043","status":"up","status_detail":"Call is active and answered - media is flowing","dtmf_input":null,"dtmf_updated_at":null,"dtmf_array":[false]},"error:x:x:":null}
[2025-11-04 22:39:55]Starting api.php
[2025-11-04 22:39:55]Database connection successful
[2025-11-04 22:39:55]MagnusBilling initialized successfully
[2025-11-04 22:39:55]Processing action: get_call_status, User ID: 7, Session data: {"csrf_token":"365fbcdc174ca126c4cc4cea7e3ad54bf919a17de606593d8b1788f136ddee02","user_id":7,"username":"ldata"}
[2025-11-04 22:39:56]Raw Call Stat: {"success":true,"response":{"success":true,"channel":"SIP\/2002-00000043","status":"up","status_detail":"Call is active and answered - media is flowing","dtmf_input":null,"dtmf_updated_at":null,"dtmf_array":[false]},"error:x:x:":null}
[2025-11-04 22:39:57]Starting api.php
[2025-11-04 22:39:57]Database connection successful
[2025-11-04 22:39:57]MagnusBilling initialized successfully
[2025-11-04 22:39:57]Processing action: get_call_status, User ID: 7, Session data: {"csrf_token":"365fbcdc174ca126c4cc4cea7e3ad54bf919a17de606593d8b1788f136ddee02","user_id":7,"username":"ldata"}
[2025-11-04 22:39:59]Raw Call Stat: {"success":true,"response":{"success":true,"channel":"SIP\/2002-00000043","status":"up","status_detail":"Call is active and answered - media is flowing","dtmf_input":null,"dtmf_updated_at":null,"dtmf_array":[false]},"error:x:x:":null}
[2025-11-04 22:39:59]Starting api.php
[2025-11-04 22:39:59]Database connection successful
[2025-11-04 22:39:59]MagnusBilling initialized successfully
[2025-11-04 22:39:59]Processing action: get_call_status, User ID: 7, Session data: {"csrf_token":"365fbcdc174ca126c4cc4cea7e3ad54bf919a17de606593d8b1788f136ddee02","user_id":7,"username":"ldata"}
[2025-11-04 22:40:01]Raw Call Stat: {"success":true,"response":{"success":true,"channel":"SIP\/2002-00000043","status":"up","status_detail":"Call is active and answered - media is flowing","dtmf_input":null,"dtmf_updated_at":null,"dtmf_array":[false]},"error:x:x:":null}
[2025-11-04 22:40:01]Starting api.php
[2025-11-04 22:40:01]Database connection successful
[2025-11-04 22:40:01]MagnusBilling initialized successfully
[2025-11-04 22:40:01]Processing action: get_call_status, User ID: 7, Session data: {"csrf_token":"365fbcdc174ca126c4cc4cea7e3ad54bf919a17de606593d8b1788f136ddee02","user_id":7,"username":"ldata"}
[2025-11-04 22:40:09]Raw Call Stat: {"success":true,"response":{"success":true,"channel":"SIP\/2002-00000043","status":"up","status_detail":"Call is active and answered - media is flowing","dtmf_input":null,"dtmf_updated_at":null,"dtmf_array":[false]},"error:x:x:":null}
[2025-11-04 22:40:09]Starting api.php
[2025-11-04 22:40:09]Database connection successful
[2025-11-04 22:40:09]MagnusBilling initialized successfully
[2025-11-04 22:40:09]Processing action: get_call_status, User ID: 7, Session data: {"csrf_token":"365fbcdc174ca126c4cc4cea7e3ad54bf919a17de606593d8b1788f136ddee02","user_id":7,"username":"ldata"}
[2025-11-04 22:40:10]Raw Call Stat: {"success":true,"response":{"success":true,"channel":"SIP\/2002-00000043","status":"up","status_detail":"Call is active and answered - media is flowing","dtmf_input":null,"dtmf_updated_at":null,"dtmf_array":[false]},"error:x:x:":null}
[2025-11-04 22:40:10]Starting api.php
[2025-11-04 22:40:10]Database connection successful
[2025-11-04 22:40:10]MagnusBilling initialized successfully
[2025-11-04 22:40:10]Processing action: get_call_status, User ID: 7, Session data: {"csrf_token":"365fbcdc174ca126c4cc4cea7e3ad54bf919a17de606593d8b1788f136ddee02","user_id":7,"username":"ldata"}
[2025-11-04 22:40:12]Raw Call Stat: {"success":true,"response":{"success":true,"channel":"SIP\/2002-00000043","status":"up","status_detail":"Call is active and answered - media is flowing","dtmf_input":null,"dtmf_updated_at":null,"dtmf_array":[false]},"error:x:x:":null}
[2025-11-04 22:40:12]Starting api.php
[2025-11-04 22:40:12]Database connection successful
[2025-11-04 22:40:12]MagnusBilling initialized successfully
[2025-11-04 22:40:12]Processing action: get_call_status, User ID: 7, Session data: {"csrf_token":"365fbcdc174ca126c4cc4cea7e3ad54bf919a17de606593d8b1788f136ddee02","user_id":7,"username":"ldata"}
[2025-11-04 22:40:13]Raw Call Stat: {"success":true,"response":{"success":true,"channel":"SIP\/2002-00000043","status":"ended","status_detail":"Channel no longer exists","dtmf_input":null,"dtmf_updated_at":null,"dtmf_array":[false]},"error:x:x:":null}
[2025-11-04 22:40:13]Starting api.php
[2025-11-04 22:40:13]Database connection successful
[2025-11-04 22:40:13]MagnusBilling initialized successfully
[2025-11-04 22:40:13]Processing action: get_call_status, User ID: 7, Session data: {"csrf_token":"365fbcdc174ca126c4cc4cea7e3ad54bf919a17de606593d8b1788f136ddee02","user_id":7,"username":"ldata"}
[2025-11-04 22:40:15]Raw Call Stat: {"success":true,"response":{"success":true,"channel":"SIP\/2002-00000043","status":"ended","status_detail":"Channel no longer exists","dtmf_input":null,"dtmf_updated_at":null,"dtmf_array":[false]},"error:x:x:":null}
[2025-11-04 22:40:15]Starting api.php
[2025-11-04 22:40:15]Database connection successful
[2025-11-04 22:40:15]MagnusBilling initialized successfully
[2025-11-04 22:40:15]Processing action: get_call_status, User ID: 7, Session data: {"csrf_token":"365fbcdc174ca126c4cc4cea7e3ad54bf919a17de606593d8b1788f136ddee02","user_id":7,"username":"ldata"}
[2025-11-04 22:40:16]Raw Call Stat: {"success":true,"response":{"success":true,"channel":"SIP\/2002-00000043","status":"ended","status_detail":"Channel no longer exists","dtmf_input":null,"dtmf_updated_at":null,"dtmf_array":[false]},"error:x:x:":null}
[2025-11-04 22:40:16]Starting api.php
[2025-11-04 22:40:16]Database connection successful
[2025-11-04 22:40:16]MagnusBilling initialized successfully
[2025-11-04 22:40:16]Processing action: get_call_status, User ID: 7, Session data: {"csrf_token":"365fbcdc174ca126c4cc4cea7e3ad54bf919a17de606593d8b1788f136ddee02","user_id":7,"username":"ldata"}
[2025-11-04 22:40:17]Raw Call Stat: {"success":true,"response":{"success":true,"channel":"SIP\/2002-00000043","status":"ended","status_detail":"Channel no longer exists","dtmf_input":null,"dtmf_updated_at":null,"dtmf_array":[false]},"error:x:x:":null}
[2025-11-04 22:40:41]Starting api.php
[2025-11-04 22:40:41]Database connection successful
[2025-11-04 22:40:41]MagnusBilling initialized successfully
[2025-11-04 22:40:41]Processing action: end_call, User ID: 7, Session data: {"csrf_token":"365fbcdc174ca126c4cc4cea7e3ad54bf919a17de606593d8b1788f136ddee02","user_id":7,"username":"ldata"}
[2025-11-04 22:40:42]CallManager Output: {"success":true,"response":{"success":true,"output":"No such channel"},"error:x:x:":null}
[2025-11-04 22:40:42]Ended call: call_id=288, callChannel=SIP/2002-00000042, CDR Uniqueid=call_690a31bddda30
[2025-11-04 22:40:44]Starting api.php
[2025-11-04 22:40:44]Database connection successful
[2025-11-04 22:40:44]MagnusBilling initialized successfully
[2025-11-04 22:40:44]Processing action: end_call, User ID: 7, Session data: {"csrf_token":"365fbcdc174ca126c4cc4cea7e3ad54bf919a17de606593d8b1788f136ddee02","user_id":7,"username":"ldata"}
[2025-11-04 22:40:45]CallManager Output: {"success":true,"response":{"success":true,"output":"No such channel"},"error:x:x:":null}
[2025-11-04 22:40:45]Ended call: call_id=289, callChannel=SIP/2002-00000043, CDR Uniqueid=call_690a32957b1a1
[2025-11-04 22:45:39]Starting api.php
[2025-11-04 22:45:39]Database connection successful
[2025-11-04 22:45:39]MagnusBilling initialized successfully
[2025-11-04 22:45:39]Processing action: initiate_call, User ID: 7, Session data: {"csrf_token":"365fbcdc174ca126c4cc4cea7e3ad54bf919a17de606593d8b1788f136ddee02","user_id":7,"username":"ldata"}
[2025-11-04 22:45:45]CallManager Output: {"success":true,"response":{"success":true,"output":{"success":true,"ami_response":{"response":"Success","actionid":"orig_690a34c0796a6","message":"Originate successfully queued"},"channel":"SIP\/2002-00000045","error":null},"channel":"SIP\/2002-00000045","cdr_uniqueid":"call_690a34bf8f8d0"},"error:x:x:":null}
[2025-11-04 22:45:45]CallManager Output(2): {"success":true,"output":{"success":true,"ami_response":{"response":"Success","actionid":"orig_690a34c0796a6","message":"Originate successfully queued"},"channel":"SIP\/2002-00000045","error":null},"channel":"SIP\/2002-00000045","cdr_uniqueid":"call_690a34bf8f8d0"}
[2025-11-04 22:45:45]Initiated call: call_id=290, magnus_call_id=call_690a34bf8f8d0, customer_number=2002, callback_method=softphone
[2025-11-04 22:45:47]Starting api.php
[2025-11-04 22:45:47]Database connection successful
[2025-11-04 22:45:47]MagnusBilling initialized successfully
[2025-11-04 22:45:47]Processing action: get_call_status, User ID: 7, Session data: {"csrf_token":"365fbcdc174ca126c4cc4cea7e3ad54bf919a17de606593d8b1788f136ddee02","user_id":7,"username":"ldata"}
[2025-11-04 22:45:48]Raw Call Stat: {"success":true,"response":{"success":true,"channel":"SIP\/2002-00000045","status":"up","status_detail":"Call is active and answered - media is flowing","dtmf_input":null,"dtmf_updated_at":null,"dtmf_array":[false]},"error:x:x:":null}
[2025-11-04 22:45:49]Starting api.php
[2025-11-04 22:45:49]Database connection successful
[2025-11-04 22:45:49]MagnusBilling initialized successfully
[2025-11-04 22:45:49]Processing action: get_call_status, User ID: 7, Session data: {"csrf_token":"365fbcdc174ca126c4cc4cea7e3ad54bf919a17de606593d8b1788f136ddee02","user_id":7,"username":"ldata"}
[2025-11-04 22:45:50]Raw Call Stat: {"success":true,"response":{"success":true,"channel":"SIP\/2002-00000045","status":"up","status_detail":"Call is active and answered - media is flowing","dtmf_input":null,"dtmf_updated_at":null,"dtmf_array":[false]},"error:x:x:":null}
[2025-11-04 22:45:51]Starting api.php
[2025-11-04 22:45:51]Database connection successful
[2025-11-04 22:45:51]MagnusBilling initialized successfully
[2025-11-04 22:45:51]Processing action: get_call_status, User ID: 7, Session data: {"csrf_token":"365fbcdc174ca126c4cc4cea7e3ad54bf919a17de606593d8b1788f136ddee02","user_id":7,"username":"ldata"}
[2025-11-04 22:45:52]Raw Call Stat: {"success":true,"response":{"success":true,"channel":"SIP\/2002-00000045","status":"up","status_detail":"Call is active and answered - media is flowing","dtmf_input":null,"dtmf_updated_at":null,"dtmf_array":[false]},"error:x:x:":null}
[2025-11-04 22:45:53]Starting api.php
[2025-11-04 22:45:53]Database connection successful
[2025-11-04 22:45:53]MagnusBilling initialized successfully
[2025-11-04 22:45:53]Processing action: get_call_status, User ID: 7, Session data: {"csrf_token":"365fbcdc174ca126c4cc4cea7e3ad54bf919a17de606593d8b1788f136ddee02","user_id":7,"username":"ldata"}
[2025-11-04 22:45:54]Raw Call Stat: {"success":true,"response":{"success":true,"channel":"SIP\/2002-00000045","status":"up","status_detail":"Call is active and answered - media is flowing","dtmf_input":null,"dtmf_updated_at":null,"dtmf_array":[false]},"error:x:x:":null}
[2025-11-04 22:45:55]Starting api.php
[2025-11-04 22:45:55]Database connection successful
[2025-11-04 22:45:55]MagnusBilling initialized successfully
[2025-11-04 22:45:55]Processing action: get_call_status, User ID: 7, Session data: {"csrf_token":"365fbcdc174ca126c4cc4cea7e3ad54bf919a17de606593d8b1788f136ddee02","user_id":7,"username":"ldata"}
[2025-11-04 22:45:56]Raw Call Stat: {"success":true,"response":{"success":true,"channel":"SIP\/2002-00000045","status":"up","status_detail":"Call is active and answered - media is flowing","dtmf_input":null,"dtmf_updated_at":null,"dtmf_array":[false]},"error:x:x:":null}
[2025-11-04 22:45:57]Starting api.php
[2025-11-04 22:45:57]Database connection successful
[2025-11-04 22:45:57]MagnusBilling initialized successfully
[2025-11-04 22:45:57]Processing action: get_call_status, User ID: 7, Session data: {"csrf_token":"365fbcdc174ca126c4cc4cea7e3ad54bf919a17de606593d8b1788f136ddee02","user_id":7,"username":"ldata"}
[2025-11-04 22:45:58]Raw Call Stat: {"success":true,"response":{"success":true,"channel":"SIP\/2002-00000045","status":"up","status_detail":"Call is active and answered - media is flowing","dtmf_input":null,"dtmf_updated_at":null,"dtmf_array":[false]},"error:x:x:":null}
[2025-11-04 22:45:59]Starting api.php
[2025-11-04 22:45:59]Database connection successful
[2025-11-04 22:45:59]MagnusBilling initialized successfully
[2025-11-04 22:45:59]Processing action: get_call_status, User ID: 7, Session data: {"csrf_token":"365fbcdc174ca126c4cc4cea7e3ad54bf919a17de606593d8b1788f136ddee02","user_id":7,"username":"ldata"}
[2025-11-04 22:46:00]Raw Call Stat: {"success":true,"response":{"success":true,"channel":"SIP\/2002-00000045","status":"up","status_detail":"Call is active and answered - media is flowing","dtmf_input":null,"dtmf_updated_at":null,"dtmf_array":[false]},"error:x:x:":null}
[2025-11-04 22:46:01]Starting api.php
[2025-11-04 22:46:01]Database connection successful
[2025-11-04 22:46:01]MagnusBilling initialized successfully
[2025-11-04 22:46:01]Processing action: get_call_status, User ID: 7, Session data: {"csrf_token":"365fbcdc174ca126c4cc4cea7e3ad54bf919a17de606593d8b1788f136ddee02","user_id":7,"username":"ldata"}
[2025-11-04 22:46:05]Raw Call Stat: {"success":true,"response":{"success":true,"channel":"SIP\/2002-00000045","status":"up","status_detail":"Call is active and answered - media is flowing","dtmf_input":"2","dtmf_updated_at":"2025-11-04 17:16:03","dtmf_array":{"dtmf_input":"2","updated_at":"2025-11-04 17:16:03"}},"error:x:x:":null}
[2025-11-04 22:46:05]Starting api.php
[2025-11-04 22:46:05]Database connection successful
[2025-11-04 22:46:05]MagnusBilling initialized successfully
[2025-11-04 22:46:05]Processing action: get_call_status, User ID: 7, Session data: {"csrf_token":"365fbcdc174ca126c4cc4cea7e3ad54bf919a17de606593d8b1788f136ddee02","user_id":7,"username":"ldata"}
[2025-11-04 22:46:10]Raw Call Stat: {"success":true,"response":{"success":true,"channel":"SIP\/2002-00000045","status":"up","status_detail":"Call is active and answered - media is flowing","dtmf_input":"2","dtmf_updated_at":"2025-11-04 17:16:03","dtmf_array":{"dtmf_input":"2","updated_at":"2025-11-04 17:16:03"}},"error:x:x:":null}
[2025-11-04 22:46:10]Starting api.php
[2025-11-04 22:46:10]Database connection successful
[2025-11-04 22:46:10]MagnusBilling initialized successfully
[2025-11-04 22:46:10]Processing action: get_call_status, User ID: 7, Session data: {"csrf_token":"365fbcdc174ca126c4cc4cea7e3ad54bf919a17de606593d8b1788f136ddee02","user_id":7,"username":"ldata"}
[2025-11-04 22:46:12]Raw Call Stat: {"success":true,"response":{"success":true,"channel":"SIP\/2002-00000045","status":"up","status_detail":"Call is active and answered - media is flowing","dtmf_input":"2","dtmf_updated_at":"2025-11-04 17:16:03","dtmf_array":{"dtmf_input":"2","updated_at":"2025-11-04 17:16:03"}},"error:x:x:":null}
[2025-11-04 22:46:12]Starting api.php
[2025-11-04 22:46:12]Database connection successful
[2025-11-04 22:46:12]MagnusBilling initialized successfully
[2025-11-04 22:46:12]Processing action: get_call_status, User ID: 7, Session data: {"csrf_token":"365fbcdc174ca126c4cc4cea7e3ad54bf919a17de606593d8b1788f136ddee02","user_id":7,"username":"ldata"}
[2025-11-04 22:46:13]Raw Call Stat: {"success":true,"response":{"success":true,"channel":"SIP\/2002-00000045","status":"up","status_detail":"Call is active and answered - media is flowing","dtmf_input":"2","dtmf_updated_at":"2025-11-04 17:16:03","dtmf_array":{"dtmf_input":"2","updated_at":"2025-11-04 17:16:03"}},"error:x:x:":null}
[2025-11-04 22:46:13]Starting api.php
[2025-11-04 22:46:13]Database connection successful
[2025-11-04 22:46:13]MagnusBilling initialized successfully
[2025-11-04 22:46:13]Processing action: get_call_status, User ID: 7, Session data: {"csrf_token":"365fbcdc174ca126c4cc4cea7e3ad54bf919a17de606593d8b1788f136ddee02","user_id":7,"username":"ldata"}
[2025-11-04 22:46:14]Raw Call Stat: {"success":true,"response":{"success":true,"channel":"SIP\/2002-00000045","status":"up","status_detail":"Call is active and answered - media is flowing","dtmf_input":"2","dtmf_updated_at":"2025-11-04 17:16:03","dtmf_array":{"dtmf_input":"2","updated_at":"2025-11-04 17:16:03"}},"error:x:x:":null}
[2025-11-04 22:46:14]Starting api.php
[2025-11-04 22:46:14]Database connection successful
[2025-11-04 22:46:14]MagnusBilling initialized successfully
[2025-11-04 22:46:14]Processing action: get_call_status, User ID: 7, Session data: {"csrf_token":"365fbcdc174ca126c4cc4cea7e3ad54bf919a17de606593d8b1788f136ddee02","user_id":7,"username":"ldata"}
[2025-11-04 22:46:16]Raw Call Stat: {"success":true,"response":{"success":true,"channel":"SIP\/2002-00000045","status":"up","status_detail":"Call is active and answered - media is flowing","dtmf_input":"2","dtmf_updated_at":"2025-11-04 17:16:03","dtmf_array":{"dtmf_input":"2","updated_at":"2025-11-04 17:16:03"}},"error:x:x:":null}
[2025-11-04 22:46:16]Starting api.php
[2025-11-04 22:46:16]Database connection successful
[2025-11-04 22:46:16]MagnusBilling initialized successfully
[2025-11-04 22:46:16]Processing action: get_call_status, User ID: 7, Session data: {"csrf_token":"365fbcdc174ca126c4cc4cea7e3ad54bf919a17de606593d8b1788f136ddee02","user_id":7,"username":"ldata"}
[2025-11-04 22:46:17]Raw Call Stat: {"success":true,"response":{"success":true,"channel":"SIP\/2002-00000045","status":"up","status_detail":"Call is active and answered - media is flowing","dtmf_input":"2","dtmf_updated_at":"2025-11-04 17:16:03","dtmf_array":{"dtmf_input":"2","updated_at":"2025-11-04 17:16:03"}},"error:x:x:":null}
[2025-11-04 22:46:17]Starting api.php
[2025-11-04 22:46:17]Database connection successful
[2025-11-04 22:46:17]MagnusBilling initialized successfully
[2025-11-04 22:46:17]Processing action: get_call_status, User ID: 7, Session data: {"csrf_token":"365fbcdc174ca126c4cc4cea7e3ad54bf919a17de606593d8b1788f136ddee02","user_id":7,"username":"ldata"}
[2025-11-04 22:46:18]Raw Call Stat: {"success":true,"response":{"success":true,"channel":"SIP\/2002-00000045","status":"up","status_detail":"Call is active and answered - media is flowing","dtmf_input":"2","dtmf_updated_at":"2025-11-04 17:16:03","dtmf_array":{"dtmf_input":"2","updated_at":"2025-11-04 17:16:03"}},"error:x:x:":null}
[2025-11-04 22:46:18]Starting api.php
[2025-11-04 22:46:18]Database connection successful
[2025-11-04 22:46:18]MagnusBilling initialized successfully
[2025-11-04 22:46:18]Processing action: get_call_status, User ID: 7, Session data: {"csrf_token":"365fbcdc174ca126c4cc4cea7e3ad54bf919a17de606593d8b1788f136ddee02","user_id":7,"username":"ldata"}
[2025-11-04 22:46:20]Raw Call Stat: {"success":true,"response":{"success":true,"channel":"SIP\/2002-00000045","status":"up","status_detail":"Call is active and answered - media is flowing","dtmf_input":"2","dtmf_updated_at":"2025-11-04 17:16:03","dtmf_array":{"dtmf_input":"2","updated_at":"2025-11-04 17:16:03"}},"error:x:x:":null}
[2025-11-04 22:46:20]Starting api.php
[2025-11-04 22:46:20]Database connection successful
[2025-11-04 22:46:20]MagnusBilling initialized successfully
[2025-11-04 22:46:20]Processing action: get_call_status, User ID: 7, Session data: {"csrf_token":"365fbcdc174ca126c4cc4cea7e3ad54bf919a17de606593d8b1788f136ddee02","user_id":7,"username":"ldata"}
[2025-11-04 22:46:21]Raw Call Stat: {"success":true,"response":{"success":true,"channel":"SIP\/2002-00000045","status":"up","status_detail":"Call is active and answered - media is flowing","dtmf_input":"2","dtmf_updated_at":"2025-11-04 17:16:03","dtmf_array":{"dtmf_input":"2","updated_at":"2025-11-04 17:16:03"}},"error:x:x:":null}
[2025-11-04 22:46:21]Starting api.php
[2025-11-04 22:46:21]Database connection successful
[2025-11-04 22:46:21]MagnusBilling initialized successfully
[2025-11-04 22:46:21]Processing action: get_call_status, User ID: 7, Session data: {"csrf_token":"365fbcdc174ca126c4cc4cea7e3ad54bf919a17de606593d8b1788f136ddee02","user_id":7,"username":"ldata"}
[2025-11-04 22:46:22]Raw Call Stat: {"success":true,"response":{"success":true,"channel":"SIP\/2002-00000045","status":"up","status_detail":"Call is active and answered - media is flowing","dtmf_input":"2","dtmf_updated_at":"2025-11-04 17:16:03","dtmf_array":{"dtmf_input":"2","updated_at":"2025-11-04 17:16:03"}},"error:x:x:":null}
[2025-11-04 22:46:23]Starting api.php
[2025-11-04 22:46:23]Database connection successful
[2025-11-04 22:46:23]MagnusBilling initialized successfully
[2025-11-04 22:46:23]Processing action: get_call_status, User ID: 7, Session data: {"csrf_token":"365fbcdc174ca126c4cc4cea7e3ad54bf919a17de606593d8b1788f136ddee02","user_id":7,"username":"ldata"}
[2025-11-04 22:46:24]Raw Call Stat: {"success":true,"response":{"success":true,"channel":"SIP\/2002-00000045","status":"up","status_detail":"Call is active and answered - media is flowing","dtmf_input":"2","dtmf_updated_at":"2025-11-04 17:16:03","dtmf_array":{"dtmf_input":"2","updated_at":"2025-11-04 17:16:03"}},"error:x:x:":null}
[2025-11-04 22:46:25]Starting api.php
[2025-11-04 22:46:25]Database connection successful
[2025-11-04 22:46:25]MagnusBilling initialized successfully
[2025-11-04 22:46:25]Processing action: get_call_status, User ID: 7, Session data: {"csrf_token":"365fbcdc174ca126c4cc4cea7e3ad54bf919a17de606593d8b1788f136ddee02","user_id":7,"username":"ldata"}
[2025-11-04 22:46:26]Raw Call Stat: {"success":true,"response":{"success":true,"channel":"SIP\/2002-00000045","status":"up","status_detail":"Call is active and answered - media is flowing","dtmf_input":"2","dtmf_updated_at":"2025-11-04 17:16:03","dtmf_array":{"dtmf_input":"2","updated_at":"2025-11-04 17:16:03"}},"error:x:x:":null}
[2025-11-04 22:46:27]Starting api.php
[2025-11-04 22:46:27]Database connection successful
[2025-11-04 22:46:27]MagnusBilling initialized successfully
[2025-11-04 22:46:27]Processing action: get_call_status, User ID: 7, Session data: {"csrf_token":"365fbcdc174ca126c4cc4cea7e3ad54bf919a17de606593d8b1788f136ddee02","user_id":7,"username":"ldata"}
[2025-11-04 22:46:28]Raw Call Stat: {"success":true,"response":{"success":true,"channel":"SIP\/2002-00000045","status":"up","status_detail":"Call is active and answered - media is flowing","dtmf_input":"2","dtmf_updated_at":"2025-11-04 17:16:03","dtmf_array":{"dtmf_input":"2","updated_at":"2025-11-04 17:16:03"}},"error:x:x:":null}
[2025-11-04 22:46:29]Starting api.php
[2025-11-04 22:46:29]Database connection successful
[2025-11-04 22:46:29]MagnusBilling initialized successfully
[2025-11-04 22:46:29]Processing action: get_call_status, User ID: 7, Session data: {"csrf_token":"365fbcdc174ca126c4cc4cea7e3ad54bf919a17de606593d8b1788f136ddee02","user_id":7,"username":"ldata"}
[2025-11-04 22:46:30]Raw Call Stat: {"success":true,"response":{"success":true,"channel":"SIP\/2002-00000045","status":"ended","status_detail":"Channel no longer exists","dtmf_input":"2","dtmf_updated_at":"2025-11-04 17:16:03","dtmf_array":{"dtmf_input":"2","updated_at":"2025-11-04 17:16:03"}},"error:x:x:":null}
[2025-11-04 22:51:56]Starting api.php
[2025-11-04 22:51:56]Database connection successful
[2025-11-04 22:51:56]MagnusBilling initialized successfully
[2025-11-04 22:51:56]Processing action: initiate_call, User ID: 7, Session data: {"csrf_token":"365fbcdc174ca126c4cc4cea7e3ad54bf919a17de606593d8b1788f136ddee02","user_id":7,"username":"ldata"}
[2025-11-04 22:52:07]CallManager Output: {"success":true,"response":{"success":true,"output":{"success":true,"ami_response":{"response":"Success","actionid":"orig_690a363e30136","message":"Originate successfully queued"},"channel":"SIP\/2002-00000047","error":null},"channel":"SIP\/2002-00000047","cdr_uniqueid":"call_690a3639beb26"},"error:x:x:":null}
[2025-11-04 22:52:07]CallManager Output(2): {"success":true,"output":{"success":true,"ami_response":{"response":"Success","actionid":"orig_690a363e30136","message":"Originate successfully queued"},"channel":"SIP\/2002-00000047","error":null},"channel":"SIP\/2002-00000047","cdr_uniqueid":"call_690a3639beb26"}
[2025-11-04 22:52:07]Initiated call: call_id=291, magnus_call_id=call_690a3639beb26, customer_number=2002, callback_method=softphone
[2025-11-04 22:52:09]Starting api.php
[2025-11-04 22:52:09]Database connection successful
[2025-11-04 22:52:09]MagnusBilling initialized successfully
[2025-11-04 22:52:09]Processing action: get_call_status, User ID: 7, Session data: {"csrf_token":"365fbcdc174ca126c4cc4cea7e3ad54bf919a17de606593d8b1788f136ddee02","user_id":7,"username":"ldata"}
[2025-11-04 22:52:10]Raw Call Stat: {"success":true,"response":{"success":true,"channel":"SIP\/2002-00000047","status":"up","status_detail":"Call is active and answered - media is flowing","dtmf_input":null,"dtmf_updated_at":null,"dtmf_array":[false]},"error:x:x:":null}
[2025-11-04 22:52:11]Starting api.php
[2025-11-04 22:52:11]Database connection successful
[2025-11-04 22:52:11]MagnusBilling initialized successfully
[2025-11-04 22:52:11]Processing action: get_call_status, User ID: 7, Session data: {"csrf_token":"365fbcdc174ca126c4cc4cea7e3ad54bf919a17de606593d8b1788f136ddee02","user_id":7,"username":"ldata"}
[2025-11-04 22:52:12]Raw Call Stat: {"success":true,"response":{"success":true,"channel":"SIP\/2002-00000047","status":"up","status_detail":"Call is active and answered - media is flowing","dtmf_input":null,"dtmf_updated_at":null,"dtmf_array":[false]},"error:x:x:":null}
[2025-11-04 22:52:13]Starting api.php
[2025-11-04 22:52:13]Database connection successful
[2025-11-04 22:52:13]MagnusBilling initialized successfully
[2025-11-04 22:52:13]Processing action: get_call_status, User ID: 7, Session data: {"csrf_token":"365fbcdc174ca126c4cc4cea7e3ad54bf919a17de606593d8b1788f136ddee02","user_id":7,"username":"ldata"}
[2025-11-04 22:52:14]Raw Call Stat: {"success":true,"response":{"success":true,"channel":"SIP\/2002-00000047","status":"up","status_detail":"Call is active and answered - media is flowing","dtmf_input":null,"dtmf_updated_at":null,"dtmf_array":[false]},"error:x:x:":null}
[2025-11-04 22:52:15]Starting api.php
[2025-11-04 22:52:15]Database connection successful
[2025-11-04 22:52:15]MagnusBilling initialized successfully
[2025-11-04 22:52:15]Processing action: get_call_status, User ID: 7, Session data: {"csrf_token":"365fbcdc174ca126c4cc4cea7e3ad54bf919a17de606593d8b1788f136ddee02","user_id":7,"username":"ldata"}
[2025-11-04 22:52:16]Raw Call Stat: {"success":true,"response":{"success":true,"channel":"SIP\/2002-00000047","status":"up","status_detail":"Call is active and answered - media is flowing","dtmf_input":null,"dtmf_updated_at":null,"dtmf_array":[false]},"error:x:x:":null}
[2025-11-04 22:52:17]Starting api.php
[2025-11-04 22:52:17]Database connection successful
[2025-11-04 22:52:17]MagnusBilling initialized successfully
[2025-11-04 22:52:17]Processing action: get_call_status, User ID: 7, Session data: {"csrf_token":"365fbcdc174ca126c4cc4cea7e3ad54bf919a17de606593d8b1788f136ddee02","user_id":7,"username":"ldata"}
[2025-11-04 22:52:18]Raw Call Stat: {"success":true,"response":{"success":true,"channel":"SIP\/2002-00000047","status":"up","status_detail":"Call is active and answered - media is flowing","dtmf_input":"2","dtmf_updated_at":"2025-11-04 17:22:16","dtmf_array":{"dtmf_input":"2","updated_at":"2025-11-04 17:22:16"}},"error:x:x:":null}
[2025-11-04 22:52:19]Starting api.php
[2025-11-04 22:52:19]Database connection successful
[2025-11-04 22:52:19]MagnusBilling initialized successfully
[2025-11-04 22:52:19]Processing action: get_call_status, User ID: 7, Session data: {"csrf_token":"365fbcdc174ca126c4cc4cea7e3ad54bf919a17de606593d8b1788f136ddee02","user_id":7,"username":"ldata"}
[2025-11-04 22:52:20]Raw Call Stat: {"success":true,"response":{"success":true,"channel":"SIP\/2002-00000047","status":"up","status_detail":"Call is active and answered - media is flowing","dtmf_input":"2","dtmf_updated_at":"2025-11-04 17:22:16","dtmf_array":{"dtmf_input":"2","updated_at":"2025-11-04 17:22:16"}},"error:x:x:":null}
[2025-11-04 22:52:21]Starting api.php
[2025-11-04 22:52:21]Database connection successful
[2025-11-04 22:52:21]MagnusBilling initialized successfully
[2025-11-04 22:52:21]Processing action: get_call_status, User ID: 7, Session data: {"csrf_token":"365fbcdc174ca126c4cc4cea7e3ad54bf919a17de606593d8b1788f136ddee02","user_id":7,"username":"ldata"}
[2025-11-04 22:52:22]Raw Call Stat: {"success":true,"response":{"success":true,"channel":"SIP\/2002-00000047","status":"up","status_detail":"Call is active and answered - media is flowing","dtmf_input":"2","dtmf_updated_at":"2025-11-04 17:22:16","dtmf_array":{"dtmf_input":"2","updated_at":"2025-11-04 17:22:16"}},"error:x:x:":null}
[2025-11-04 22:52:23]Starting api.php
[2025-11-04 22:52:23]Database connection successful
[2025-11-04 22:52:23]MagnusBilling initialized successfully
[2025-11-04 22:52:23]Processing action: get_call_status, User ID: 7, Session data: {"csrf_token":"365fbcdc174ca126c4cc4cea7e3ad54bf919a17de606593d8b1788f136ddee02","user_id":7,"username":"ldata"}
[2025-11-04 22:52:24]Raw Call Stat: {"success":true,"response":{"success":true,"channel":"SIP\/2002-00000047","status":"up","status_detail":"Call is active and answered - media is flowing","dtmf_input":"2","dtmf_updated_at":"2025-11-04 17:22:16","dtmf_array":{"dtmf_input":"2","updated_at":"2025-11-04 17:22:16"}},"error:x:x:":null}
[2025-11-04 22:52:25]Starting api.php
[2025-11-04 22:52:25]Database connection successful
[2025-11-04 22:52:25]MagnusBilling initialized successfully
[2025-11-04 22:52:25]Processing action: get_call_status, User ID: 7, Session data: {"csrf_token":"365fbcdc174ca126c4cc4cea7e3ad54bf919a17de606593d8b1788f136ddee02","user_id":7,"username":"ldata"}
[2025-11-04 22:52:26]Raw Call Stat: {"success":true,"response":{"success":true,"channel":"SIP\/2002-00000047","status":"up","status_detail":"Call is active and answered - media is flowing","dtmf_input":"2","dtmf_updated_at":"2025-11-04 17:22:16","dtmf_array":{"dtmf_input":"2","updated_at":"2025-11-04 17:22:16"}},"error:x:x:":null}
[2025-11-04 22:52:27]Starting api.php
[2025-11-04 22:52:27]Database connection successful
[2025-11-04 22:52:27]MagnusBilling initialized successfully
[2025-11-04 22:52:27]Processing action: get_call_status, User ID: 7, Session data: {"csrf_token":"365fbcdc174ca126c4cc4cea7e3ad54bf919a17de606593d8b1788f136ddee02","user_id":7,"username":"ldata"}
[2025-11-04 22:52:28]Raw Call Stat: {"success":true,"response":{"success":true,"channel":"SIP\/2002-00000047","status":"up","status_detail":"Call is active and answered - media is flowing","dtmf_input":"2","dtmf_updated_at":"2025-11-04 17:22:16","dtmf_array":{"dtmf_input":"2","updated_at":"2025-11-04 17:22:16"}},"error:x:x:":null}
[2025-11-04 22:52:29]Starting api.php
[2025-11-04 22:52:29]Database connection successful
[2025-11-04 22:52:29]MagnusBilling initialized successfully
[2025-11-04 22:52:29]Processing action: get_call_status, User ID: 7, Session data: {"csrf_token":"365fbcdc174ca126c4cc4cea7e3ad54bf919a17de606593d8b1788f136ddee02","user_id":7,"username":"ldata"}
[2025-11-04 22:52:30]Raw Call Stat: {"success":true,"response":{"success":true,"channel":"SIP\/2002-00000047","status":"up","status_detail":"Call is active and answered - media is flowing","dtmf_input":"2","dtmf_updated_at":"2025-11-04 17:22:16","dtmf_array":{"dtmf_input":"2","updated_at":"2025-11-04 17:22:16"}},"error:x:x:":null}
[2025-11-04 22:52:31]Starting api.php
[2025-11-04 22:52:31]Database connection successful
[2025-11-04 22:52:31]MagnusBilling initialized successfully
[2025-11-04 22:52:31]Processing action: get_call_status, User ID: 7, Session data: {"csrf_token":"365fbcdc174ca126c4cc4cea7e3ad54bf919a17de606593d8b1788f136ddee02","user_id":7,"username":"ldata"}
[2025-11-04 22:52:32]Raw Call Stat: {"success":true,"response":{"success":true,"channel":"SIP\/2002-00000047","status":"up","status_detail":"Call is active and answered - media is flowing","dtmf_input":"2","dtmf_updated_at":"2025-11-04 17:22:16","dtmf_array":{"dtmf_input":"2","updated_at":"2025-11-04 17:22:16"}},"error:x:x:":null}
[2025-11-04 22:52:33]Starting api.php
[2025-11-04 22:52:33]Database connection successful
[2025-11-04 22:52:33]MagnusBilling initialized successfully
[2025-11-04 22:52:33]Processing action: get_call_status, User ID: 7, Session data: {"csrf_token":"365fbcdc174ca126c4cc4cea7e3ad54bf919a17de606593d8b1788f136ddee02","user_id":7,"username":"ldata"}
[2025-11-04 22:52:34]Raw Call Stat: {"success":true,"response":{"success":true,"channel":"SIP\/2002-00000047","status":"up","status_detail":"Call is active and answered - media is flowing","dtmf_input":"2","dtmf_updated_at":"2025-11-04 17:22:16","dtmf_array":{"dtmf_input":"2","updated_at":"2025-11-04 17:22:16"}},"error:x:x:":null}
[2025-11-04 22:52:35]Starting api.php
[2025-11-04 22:52:35]Database connection successful
[2025-11-04 22:52:35]MagnusBilling initialized successfully
[2025-11-04 22:52:35]Processing action: get_call_status, User ID: 7, Session data: {"csrf_token":"365fbcdc174ca126c4cc4cea7e3ad54bf919a17de606593d8b1788f136ddee02","user_id":7,"username":"ldata"}
[2025-11-04 22:52:36]Raw Call Stat: {"success":true,"response":{"success":true,"channel":"SIP\/2002-00000047","status":"up","status_detail":"Call is active and answered - media is flowing","dtmf_input":"2","dtmf_updated_at":"2025-11-04 17:22:16","dtmf_array":{"dtmf_input":"2","updated_at":"2025-11-04 17:22:16"}},"error:x:x:":null}
[2025-11-04 22:52:37]Starting api.php
[2025-11-04 22:52:37]Database connection successful
[2025-11-04 22:52:37]MagnusBilling initialized successfully
[2025-11-04 22:52:37]Processing action: get_call_status, User ID: 7, Session data: {"csrf_token":"365fbcdc174ca126c4cc4cea7e3ad54bf919a17de606593d8b1788f136ddee02","user_id":7,"username":"ldata"}
[2025-11-04 22:52:38]Raw Call Stat: {"success":true,"response":{"success":true,"channel":"SIP\/2002-00000047","status":"up","status_detail":"Call is active and answered - media is flowing","dtmf_input":"2","dtmf_updated_at":"2025-11-04 17:22:16","dtmf_array":{"dtmf_input":"2","updated_at":"2025-11-04 17:22:16"}},"error:x:x:":null}
[2025-11-04 22:52:39]Starting api.php
[2025-11-04 22:52:39]Database connection successful
[2025-11-04 22:52:39]MagnusBilling initialized successfully
[2025-11-04 22:52:39]Processing action: get_call_status, User ID: 7, Session data: {"csrf_token":"365fbcdc174ca126c4cc4cea7e3ad54bf919a17de606593d8b1788f136ddee02","user_id":7,"username":"ldata"}
[2025-11-04 22:52:40]Raw Call Stat: {"success":true,"response":{"success":true,"channel":"SIP\/2002-00000047","status":"up","status_detail":"Call is active and answered - media is flowing","dtmf_input":"2","dtmf_updated_at":"2025-11-04 17:22:16","dtmf_array":{"dtmf_input":"2","updated_at":"2025-11-04 17:22:16"}},"error:x:x:":null}
[2025-11-04 22:52:41]Starting api.php
[2025-11-04 22:52:41]Database connection successful
[2025-11-04 22:52:41]MagnusBilling initialized successfully
[2025-11-04 22:52:41]Processing action: get_call_status, User ID: 7, Session data: {"csrf_token":"365fbcdc174ca126c4cc4cea7e3ad54bf919a17de606593d8b1788f136ddee02","user_id":7,"username":"ldata"}
[2025-11-04 22:52:42]Raw Call Stat: {"success":true,"response":{"success":true,"channel":"SIP\/2002-00000047","status":"up","status_detail":"Call is active and answered - media is flowing","dtmf_input":"2","dtmf_updated_at":"2025-11-04 17:22:16","dtmf_array":{"dtmf_input":"2","updated_at":"2025-11-04 17:22:16"}},"error:x:x:":null}
[2025-11-04 22:52:43]Starting api.php
[2025-11-04 22:52:43]Database connection successful
[2025-11-04 22:52:43]MagnusBilling initialized successfully
[2025-11-04 22:52:43]Processing action: get_call_status, User ID: 7, Session data: {"csrf_token":"365fbcdc174ca126c4cc4cea7e3ad54bf919a17de606593d8b1788f136ddee02","user_id":7,"username":"ldata"}
[2025-11-04 22:52:44]Raw Call Stat: {"success":true,"response":{"success":true,"channel":"SIP\/2002-00000047","status":"up","status_detail":"Call is active and answered - media is flowing","dtmf_input":"2","dtmf_updated_at":"2025-11-04 17:22:16","dtmf_array":{"dtmf_input":"2","updated_at":"2025-11-04 17:22:16"}},"error:x:x:":null}
[2025-11-04 22:52:45]Starting api.php
[2025-11-04 22:52:45]Database connection successful
[2025-11-04 22:52:45]MagnusBilling initialized successfully
[2025-11-04 22:52:45]Processing action: get_call_status, User ID: 7, Session data: {"csrf_token":"365fbcdc174ca126c4cc4cea7e3ad54bf919a17de606593d8b1788f136ddee02","user_id":7,"username":"ldata"}
[2025-11-04 22:52:46]Raw Call Stat: {"success":true,"response":{"success":true,"channel":"SIP\/2002-00000047","status":"up","status_detail":"Call is active and answered - media is flowing","dtmf_input":"2","dtmf_updated_at":"2025-11-04 17:22:16","dtmf_array":{"dtmf_input":"2","updated_at":"2025-11-04 17:22:16"}},"error:x:x:":null}
[2025-11-04 22:52:47]Starting api.php
[2025-11-04 22:52:47]Database connection successful
[2025-11-04 22:52:47]MagnusBilling initialized successfully
[2025-11-04 22:52:47]Processing action: get_call_status, User ID: 7, Session data: {"csrf_token":"365fbcdc174ca126c4cc4cea7e3ad54bf919a17de606593d8b1788f136ddee02","user_id":7,"username":"ldata"}
[2025-11-04 22:52:48]Raw Call Stat: {"success":true,"response":{"success":true,"channel":"SIP\/2002-00000047","status":"up","status_detail":"Call is active and answered - media is flowing","dtmf_input":"2","dtmf_updated_at":"2025-11-04 17:22:16","dtmf_array":{"dtmf_input":"2","updated_at":"2025-11-04 17:22:16"}},"error:x:x:":null}
[2025-11-04 22:52:49]Starting api.php
[2025-11-04 22:52:49]Database connection successful
[2025-11-04 22:52:49]MagnusBilling initialized successfully
[2025-11-04 22:52:49]Processing action: get_call_status, User ID: 7, Session data: {"csrf_token":"365fbcdc174ca126c4cc4cea7e3ad54bf919a17de606593d8b1788f136ddee02","user_id":7,"username":"ldata"}
[2025-11-04 22:52:50]Raw Call Stat: {"success":true,"response":{"success":true,"channel":"SIP\/2002-00000047","status":"up","status_detail":"Call is active and answered - media is flowing","dtmf_input":"2","dtmf_updated_at":"2025-11-04 17:22:16","dtmf_array":{"dtmf_input":"2","updated_at":"2025-11-04 17:22:16"}},"error:x:x:":null}
[2025-11-04 22:52:51]Starting api.php
[2025-11-04 22:52:51]Database connection successful
[2025-11-04 22:52:51]MagnusBilling initialized successfully
[2025-11-04 22:52:51]Processing action: get_call_status, User ID: 7, Session data: {"csrf_token":"365fbcdc174ca126c4cc4cea7e3ad54bf919a17de606593d8b1788f136ddee02","user_id":7,"username":"ldata"}
[2025-11-04 22:52:52]Raw Call Stat: {"success":true,"response":{"success":true,"channel":"SIP\/2002-00000047","status":"up","status_detail":"Call is active and answered - media is flowing","dtmf_input":"2","dtmf_updated_at":"2025-11-04 17:22:16","dtmf_array":{"dtmf_input":"2","updated_at":"2025-11-04 17:22:16"}},"error:x:x:":null}
[2025-11-04 22:52:53]Starting api.php
[2025-11-04 22:52:53]Database connection successful
[2025-11-04 22:52:53]MagnusBilling initialized successfully
[2025-11-04 22:52:53]Processing action: get_call_status, User ID: 7, Session data: {"csrf_token":"365fbcdc174ca126c4cc4cea7e3ad54bf919a17de606593d8b1788f136ddee02","user_id":7,"username":"ldata"}
[2025-11-04 22:52:54]Raw Call Stat: {"success":true,"response":{"success":true,"channel":"SIP\/2002-00000047","status":"up","status_detail":"Call is active and answered - media is flowing","dtmf_input":"2","dtmf_updated_at":"2025-11-04 17:22:16","dtmf_array":{"dtmf_input":"2","updated_at":"2025-11-04 17:22:16"}},"error:x:x:":null}
[2025-11-04 22:52:55]Starting api.php
[2025-11-04 22:52:55]Database connection successful
[2025-11-04 22:52:55]MagnusBilling initialized successfully
[2025-11-04 22:52:55]Processing action: get_call_status, User ID: 7, Session data: {"csrf_token":"365fbcdc174ca126c4cc4cea7e3ad54bf919a17de606593d8b1788f136ddee02","user_id":7,"username":"ldata"}
[2025-11-04 22:52:56]Raw Call Stat: {"success":true,"response":{"success":true,"channel":"SIP\/2002-00000047","status":"up","status_detail":"Call is active and answered - media is flowing","dtmf_input":"2","dtmf_updated_at":"2025-11-04 17:22:16","dtmf_array":{"dtmf_input":"2","updated_at":"2025-11-04 17:22:16"}},"error:x:x:":null}
[2025-11-04 22:52:57]Starting api.php
[2025-11-04 22:52:57]Database connection successful
[2025-11-04 22:52:57]MagnusBilling initialized successfully
[2025-11-04 22:52:57]Processing action: get_call_status, User ID: 7, Session data: {"csrf_token":"365fbcdc174ca126c4cc4cea7e3ad54bf919a17de606593d8b1788f136ddee02","user_id":7,"username":"ldata"}
[2025-11-04 22:52:58]Raw Call Stat: {"success":true,"response":{"success":true,"channel":"SIP\/2002-00000047","status":"up","status_detail":"Call is active and answered - media is flowing","dtmf_input":"2","dtmf_updated_at":"2025-11-04 17:22:16","dtmf_array":{"dtmf_input":"2","updated_at":"2025-11-04 17:22:16"}},"error:x:x:":null}
[2025-11-04 22:52:59]Starting api.php
[2025-11-04 22:52:59]Database connection successful
[2025-11-04 22:52:59]MagnusBilling initialized successfully
[2025-11-04 22:52:59]Processing action: get_call_status, User ID: 7, Session data: {"csrf_token":"365fbcdc174ca126c4cc4cea7e3ad54bf919a17de606593d8b1788f136ddee02","user_id":7,"username":"ldata"}
[2025-11-04 22:53:00]Raw Call Stat: {"success":true,"response":{"success":true,"channel":"SIP\/2002-00000047","status":"up","status_detail":"Call is active and answered - media is flowing","dtmf_input":"2","dtmf_updated_at":"2025-11-04 17:22:16","dtmf_array":{"dtmf_input":"2","updated_at":"2025-11-04 17:22:16"}},"error:x:x:":null}
[2025-11-04 22:53:01]Starting api.php
[2025-11-04 22:53:01]Database connection successful
[2025-11-04 22:53:01]MagnusBilling initialized successfully
[2025-11-04 22:53:01]Processing action: get_call_status, User ID: 7, Session data: {"csrf_token":"365fbcdc174ca126c4cc4cea7e3ad54bf919a17de606593d8b1788f136ddee02","user_id":7,"username":"ldata"}
[2025-11-04 22:53:05]Raw Call Stat: {"success":true,"response":{"success":true,"channel":"SIP\/2002-00000047","status":"up","status_detail":"Call is active and answered - media is flowing","dtmf_input":"2","dtmf_updated_at":"2025-11-04 17:22:16","dtmf_array":{"dtmf_input":"2","updated_at":"2025-11-04 17:22:16"}},"error:x:x:":null}
[2025-11-04 22:53:05]Starting api.php
[2025-11-04 22:53:05]Database connection successful
[2025-11-04 22:53:05]MagnusBilling initialized successfully
[2025-11-04 22:53:05]Processing action: get_call_status, User ID: 7, Session data: {"csrf_token":"365fbcdc174ca126c4cc4cea7e3ad54bf919a17de606593d8b1788f136ddee02","user_id":7,"username":"ldata"}
[2025-11-04 22:53:07]Raw Call Stat: {"success":true,"response":{"success":true,"channel":"SIP\/2002-00000047","status":"up","status_detail":"Call is active and answered - media is flowing","dtmf_input":"2","dtmf_updated_at":"2025-11-04 17:22:16","dtmf_array":{"dtmf_input":"2","updated_at":"2025-11-04 17:22:16"}},"error:x:x:":null}
[2025-11-04 22:53:07]Starting api.php
[2025-11-04 22:53:07]Database connection successful
[2025-11-04 22:53:07]MagnusBilling initialized successfully
[2025-11-04 22:53:07]Processing action: get_call_status, User ID: 7, Session data: {"csrf_token":"365fbcdc174ca126c4cc4cea7e3ad54bf919a17de606593d8b1788f136ddee02","user_id":7,"username":"ldata"}
[2025-11-04 22:53:08]Raw Call Stat: {"success":true,"response":{"success":true,"channel":"SIP\/2002-00000047","status":"up","status_detail":"Call is active and answered - media is flowing","dtmf_input":"2","dtmf_updated_at":"2025-11-04 17:22:16","dtmf_array":{"dtmf_input":"2","updated_at":"2025-11-04 17:22:16"}},"error:x:x:":null}
[2025-11-04 22:53:08]Starting api.php
[2025-11-04 22:53:08]Database connection successful
[2025-11-04 22:53:08]MagnusBilling initialized successfully
[2025-11-04 22:53:08]Processing action: get_call_status, User ID: 7, Session data: {"csrf_token":"365fbcdc174ca126c4cc4cea7e3ad54bf919a17de606593d8b1788f136ddee02","user_id":7,"username":"ldata"}
[2025-11-04 22:53:09]Raw Call Stat: {"success":true,"response":{"success":true,"channel":"SIP\/2002-00000047","status":"up","status_detail":"Call is active and answered - media is flowing","dtmf_input":"2","dtmf_updated_at":"2025-11-04 17:22:16","dtmf_array":{"dtmf_input":"2","updated_at":"2025-11-04 17:22:16"}},"error:x:x:":null}
[2025-11-04 22:53:09]Starting api.php
[2025-11-04 22:53:09]Database connection successful
[2025-11-04 22:53:09]MagnusBilling initialized successfully
[2025-11-04 22:53:09]Processing action: get_call_status, User ID: 7, Session data: {"csrf_token":"365fbcdc174ca126c4cc4cea7e3ad54bf919a17de606593d8b1788f136ddee02","user_id":7,"username":"ldata"}
[2025-11-04 22:53:11]Raw Call Stat: {"success":true,"response":{"success":true,"channel":"SIP\/2002-00000047","status":"up","status_detail":"Call is active and answered - media is flowing","dtmf_input":"2","dtmf_updated_at":"2025-11-04 17:22:16","dtmf_array":{"dtmf_input":"2","updated_at":"2025-11-04 17:22:16"}},"error:x:x:":null}
[2025-11-04 22:53:11]Starting api.php
[2025-11-04 22:53:11]Database connection successful
[2025-11-04 22:53:11]MagnusBilling initialized successfully
[2025-11-04 22:53:11]Processing action: get_call_status, User ID: 7, Session data: {"csrf_token":"365fbcdc174ca126c4cc4cea7e3ad54bf919a17de606593d8b1788f136ddee02","user_id":7,"username":"ldata"}
[2025-11-04 22:53:12]Raw Call Stat: {"success":true,"response":{"success":true,"channel":"SIP\/2002-00000047","status":"up","status_detail":"Call is active and answered - media is flowing","dtmf_input":"2","dtmf_updated_at":"2025-11-04 17:22:16","dtmf_array":{"dtmf_input":"2","updated_at":"2025-11-04 17:22:16"}},"error:x:x:":null}
[2025-11-04 22:53:13]Starting api.php
[2025-11-04 22:53:13]Database connection successful
[2025-11-04 22:53:13]MagnusBilling initialized successfully
[2025-11-04 22:53:13]Processing action: get_call_status, User ID: 7, Session data: {"csrf_token":"365fbcdc174ca126c4cc4cea7e3ad54bf919a17de606593d8b1788f136ddee02","user_id":7,"username":"ldata"}
[2025-11-04 22:53:14]Raw Call Stat: {"success":true,"response":{"success":true,"channel":"SIP\/2002-00000047","status":"up","status_detail":"Call is active and answered - media is flowing","dtmf_input":"2","dtmf_updated_at":"2025-11-04 17:22:16","dtmf_array":{"dtmf_input":"2","updated_at":"2025-11-04 17:22:16"}},"error:x:x:":null}
[2025-11-04 22:53:15]Starting api.php
[2025-11-04 22:53:15]Database connection successful
[2025-11-04 22:53:15]MagnusBilling initialized successfully
[2025-11-04 22:53:15]Processing action: get_call_status, User ID: 7, Session data: {"csrf_token":"365fbcdc174ca126c4cc4cea7e3ad54bf919a17de606593d8b1788f136ddee02","user_id":7,"username":"ldata"}
[2025-11-04 22:53:16]Raw Call Stat: {"success":true,"response":{"success":true,"channel":"SIP\/2002-00000047","status":"up","status_detail":"Call is active and answered - media is flowing","dtmf_input":"2","dtmf_updated_at":"2025-11-04 17:22:16","dtmf_array":{"dtmf_input":"2","updated_at":"2025-11-04 17:22:16"}},"error:x:x:":null}
[2025-11-04 22:53:17]Starting api.php
[2025-11-04 22:53:17]Database connection successful
[2025-11-04 22:53:17]MagnusBilling initialized successfully
[2025-11-04 22:53:17]Processing action: get_call_status, User ID: 7, Session data: {"csrf_token":"365fbcdc174ca126c4cc4cea7e3ad54bf919a17de606593d8b1788f136ddee02","user_id":7,"username":"ldata"}
[2025-11-04 22:53:18]Raw Call Stat: {"success":true,"response":{"success":true,"channel":"SIP\/2002-00000047","status":"up","status_detail":"Call is active and answered - media is flowing","dtmf_input":"2","dtmf_updated_at":"2025-11-04 17:22:16","dtmf_array":{"dtmf_input":"2","updated_at":"2025-11-04 17:22:16"}},"error:x:x:":null}
[2025-11-04 22:53:19]Starting api.php
[2025-11-04 22:53:19]Database connection successful
[2025-11-04 22:53:19]MagnusBilling initialized successfully
[2025-11-04 22:53:19]Processing action: get_call_status, User ID: 7, Session data: {"csrf_token":"365fbcdc174ca126c4cc4cea7e3ad54bf919a17de606593d8b1788f136ddee02","user_id":7,"username":"ldata"}
[2025-11-04 22:53:20]Raw Call Stat: {"success":true,"response":{"success":true,"channel":"SIP\/2002-00000047","status":"up","status_detail":"Call is active and answered - media is flowing","dtmf_input":"2","dtmf_updated_at":"2025-11-04 17:22:16","dtmf_array":{"dtmf_input":"2","updated_at":"2025-11-04 17:22:16"}},"error:x:x:":null}
[2025-11-04 22:53:21]Starting api.php
[2025-11-04 22:53:21]Database connection successful
[2025-11-04 22:53:21]MagnusBilling initialized successfully
[2025-11-04 22:53:21]Processing action: get_call_status, User ID: 7, Session data: {"csrf_token":"365fbcdc174ca126c4cc4cea7e3ad54bf919a17de606593d8b1788f136ddee02","user_id":7,"username":"ldata"}
[2025-11-04 22:53:22]Raw Call Stat: {"success":true,"response":{"success":true,"channel":"SIP\/2002-00000047","status":"up","status_detail":"Call is active and answered - media is flowing","dtmf_input":"2","dtmf_updated_at":"2025-11-04 17:22:16","dtmf_array":{"dtmf_input":"2","updated_at":"2025-11-04 17:22:16"}},"error:x:x:":null}
[2025-11-04 22:53:23]Starting api.php
[2025-11-04 22:53:23]Database connection successful
[2025-11-04 22:53:23]MagnusBilling initialized successfully
[2025-11-04 22:53:23]Processing action: get_call_status, User ID: 7, Session data: {"csrf_token":"365fbcdc174ca126c4cc4cea7e3ad54bf919a17de606593d8b1788f136ddee02","user_id":7,"username":"ldata"}
[2025-11-04 22:53:24]Raw Call Stat: {"success":true,"response":{"success":true,"channel":"SIP\/2002-00000047","status":"up","status_detail":"Call is active and answered - media is flowing","dtmf_input":"2","dtmf_updated_at":"2025-11-04 17:22:16","dtmf_array":{"dtmf_input":"2","updated_at":"2025-11-04 17:22:16"}},"error:x:x:":null}
[2025-11-04 22:53:25]Starting api.php
[2025-11-04 22:53:25]Database connection successful
[2025-11-04 22:53:25]MagnusBilling initialized successfully
[2025-11-04 22:53:25]Processing action: get_call_status, User ID: 7, Session data: {"csrf_token":"365fbcdc174ca126c4cc4cea7e3ad54bf919a17de606593d8b1788f136ddee02","user_id":7,"username":"ldata"}
[2025-11-04 22:53:26]Raw Call Stat: {"success":true,"response":{"success":true,"channel":"SIP\/2002-00000047","status":"up","status_detail":"Call is active and answered - media is flowing","dtmf_input":"2","dtmf_updated_at":"2025-11-04 17:22:16","dtmf_array":{"dtmf_input":"2","updated_at":"2025-11-04 17:22:16"}},"error:x:x:":null}
[2025-11-04 22:53:27]Starting api.php
[2025-11-04 22:53:27]Database connection successful
[2025-11-04 22:53:27]MagnusBilling initialized successfully
[2025-11-04 22:53:27]Processing action: get_call_status, User ID: 7, Session data: {"csrf_token":"365fbcdc174ca126c4cc4cea7e3ad54bf919a17de606593d8b1788f136ddee02","user_id":7,"username":"ldata"}
[2025-11-04 22:53:28]Raw Call Stat: {"success":true,"response":{"success":true,"channel":"SIP\/2002-00000047","status":"up","status_detail":"Call is active and answered - media is flowing","dtmf_input":"2","dtmf_updated_at":"2025-11-04 17:22:16","dtmf_array":{"dtmf_input":"2","updated_at":"2025-11-04 17:22:16"}},"error:x:x:":null}
[2025-11-04 22:53:29]Starting api.php
[2025-11-04 22:53:29]Database connection successful
[2025-11-04 22:53:29]MagnusBilling initialized successfully
[2025-11-04 22:53:29]Processing action: get_call_status, User ID: 7, Session data: {"csrf_token":"365fbcdc174ca126c4cc4cea7e3ad54bf919a17de606593d8b1788f136ddee02","user_id":7,"username":"ldata"}
[2025-11-04 22:53:30]Raw Call Stat: {"success":true,"response":{"success":true,"channel":"SIP\/2002-00000047","status":"up","status_detail":"Call is active and answered - media is flowing","dtmf_input":"2","dtmf_updated_at":"2025-11-04 17:22:16","dtmf_array":{"dtmf_input":"2","updated_at":"2025-11-04 17:22:16"}},"error:x:x:":null}
[2025-11-04 22:53:31]Starting api.php
[2025-11-04 22:53:31]Database connection successful
[2025-11-04 22:53:31]MagnusBilling initialized successfully
[2025-11-04 22:53:31]Processing action: get_call_status, User ID: 7, Session data: {"csrf_token":"365fbcdc174ca126c4cc4cea7e3ad54bf919a17de606593d8b1788f136ddee02","user_id":7,"username":"ldata"}
[2025-11-04 22:53:32]Raw Call Stat: {"success":true,"response":{"success":true,"channel":"SIP\/2002-00000047","status":"up","status_detail":"Call is active and answered - media is flowing","dtmf_input":"2","dtmf_updated_at":"2025-11-04 17:22:16","dtmf_array":{"dtmf_input":"2","updated_at":"2025-11-04 17:22:16"}},"error:x:x:":null}
[2025-11-04 22:53:33]Starting api.php
[2025-11-04 22:53:33]Database connection successful
[2025-11-04 22:53:33]MagnusBilling initialized successfully
[2025-11-04 22:53:33]Processing action: get_call_status, User ID: 7, Session data: {"csrf_token":"365fbcdc174ca126c4cc4cea7e3ad54bf919a17de606593d8b1788f136ddee02","user_id":7,"username":"ldata"}
[2025-11-04 22:53:34]Raw Call Stat: {"success":true,"response":{"success":true,"channel":"SIP\/2002-00000047","status":"up","status_detail":"Call is active and answered - media is flowing","dtmf_input":"2","dtmf_updated_at":"2025-11-04 17:22:16","dtmf_array":{"dtmf_input":"2","updated_at":"2025-11-04 17:22:16"}},"error:x:x:":null}
[2025-11-04 22:53:35]Starting api.php
[2025-11-04 22:53:35]Database connection successful
[2025-11-04 22:53:35]MagnusBilling initialized successfully
[2025-11-04 22:53:35]Processing action: get_call_status, User ID: 7, Session data: {"csrf_token":"365fbcdc174ca126c4cc4cea7e3ad54bf919a17de606593d8b1788f136ddee02","user_id":7,"username":"ldata"}
[2025-11-04 22:53:36]Raw Call Stat: {"success":true,"response":{"success":true,"channel":"SIP\/2002-00000047","status":"up","status_detail":"Call is active and answered - media is flowing","dtmf_input":"2","dtmf_updated_at":"2025-11-04 17:22:16","dtmf_array":{"dtmf_input":"2","updated_at":"2025-11-04 17:22:16"}},"error:x:x:":null}
[2025-11-04 22:53:37]Starting api.php
[2025-11-04 22:53:37]Database connection successful
[2025-11-04 22:53:37]MagnusBilling initialized successfully
[2025-11-04 22:53:37]Processing action: get_call_status, User ID: 7, Session data: {"csrf_token":"365fbcdc174ca126c4cc4cea7e3ad54bf919a17de606593d8b1788f136ddee02","user_id":7,"username":"ldata"}
[2025-11-04 22:53:38]Raw Call Stat: {"success":false,"response":"{\"success\":false,\"error\":\"Error:x: Read timeout Line: 424 File:\\\/var\\\/www\\\/html\\\/mbilling\\\/api\\\/call\\\/vendor\\\/marcelog\\\/pami\\\/src\\\/PAMI\\\/Client\\\/Impl\\\/ClientImpl.php\"}","error":"HTTP Error: 400"}
[2025-11-04 22:53:38]Failed to get call status: HTTP Error: 400
[2025-11-04 22:53:39]Starting api.php
[2025-11-04 22:53:39]Database connection successful
[2025-11-04 22:53:39]MagnusBilling initialized successfully
[2025-11-04 22:53:39]Processing action: get_call_status, User ID: 7, Session data: {"csrf_token":"365fbcdc174ca126c4cc4cea7e3ad54bf919a17de606593d8b1788f136ddee02","user_id":7,"username":"ldata"}
[2025-11-04 22:53:40]Raw Call Stat: {"success":true,"response":{"success":true,"channel":"SIP\/2002-00000047","status":"up","status_detail":"Call is active and answered - media is flowing","dtmf_input":"2","dtmf_updated_at":"2025-11-04 17:22:16","dtmf_array":{"dtmf_input":"2","updated_at":"2025-11-04 17:22:16"}},"error:x:x:":null}
[2025-11-04 22:53:41]Starting api.php
[2025-11-04 22:53:41]Database connection successful
[2025-11-04 22:53:41]MagnusBilling initialized successfully
[2025-11-04 22:53:41]Processing action: get_call_status, User ID: 7, Session data: {"csrf_token":"365fbcdc174ca126c4cc4cea7e3ad54bf919a17de606593d8b1788f136ddee02","user_id":7,"username":"ldata"}
[2025-11-04 22:53:42]Raw Call Stat: {"success":true,"response":{"success":true,"channel":"SIP\/2002-00000047","status":"up","status_detail":"Call is active and answered - media is flowing","dtmf_input":"2","dtmf_updated_at":"2025-11-04 17:22:16","dtmf_array":{"dtmf_input":"2","updated_at":"2025-11-04 17:22:16"}},"error:x:x:":null}
[2025-11-04 22:53:43]Starting api.php
[2025-11-04 22:53:43]Database connection successful
[2025-11-04 22:53:43]MagnusBilling initialized successfully
[2025-11-04 22:53:43]Processing action: get_call_status, User ID: 7, Session data: {"csrf_token":"365fbcdc174ca126c4cc4cea7e3ad54bf919a17de606593d8b1788f136ddee02","user_id":7,"username":"ldata"}
[2025-11-04 22:53:44]Raw Call Stat: {"success":true,"response":{"success":true,"channel":"SIP\/2002-00000047","status":"up","status_detail":"Call is active and answered - media is flowing","dtmf_input":"2","dtmf_updated_at":"2025-11-04 17:22:16","dtmf_array":{"dtmf_input":"2","updated_at":"2025-11-04 17:22:16"}},"error:x:x:":null}
[2025-11-04 22:53:45]Starting api.php
[2025-11-04 22:53:45]Database connection successful
[2025-11-04 22:53:45]MagnusBilling initialized successfully
[2025-11-04 22:53:45]Processing action: get_call_status, User ID: 7, Session data: {"csrf_token":"365fbcdc174ca126c4cc4cea7e3ad54bf919a17de606593d8b1788f136ddee02","user_id":7,"username":"ldata"}
[2025-11-04 22:53:46]Raw Call Stat: {"success":true,"response":{"success":true,"channel":"SIP\/2002-00000047","status":"up","status_detail":"Call is active and answered - media is flowing","dtmf_input":"2","dtmf_updated_at":"2025-11-04 17:22:16","dtmf_array":{"dtmf_input":"2","updated_at":"2025-11-04 17:22:16"}},"error:x:x:":null}
[2025-11-04 22:53:47]Starting api.php
[2025-11-04 22:53:47]Database connection successful
[2025-11-04 22:53:47]MagnusBilling initialized successfully
[2025-11-04 22:53:47]Processing action: get_call_status, User ID: 7, Session data: {"csrf_token":"365fbcdc174ca126c4cc4cea7e3ad54bf919a17de606593d8b1788f136ddee02","user_id":7,"username":"ldata"}
[2025-11-04 22:53:48]Raw Call Stat: {"success":true,"response":{"success":true,"channel":"SIP\/2002-00000047","status":"up","status_detail":"Call is active and answered - media is flowing","dtmf_input":"2","dtmf_updated_at":"2025-11-04 17:22:16","dtmf_array":{"dtmf_input":"2","updated_at":"2025-11-04 17:22:16"}},"error:x:x:":null}
[2025-11-04 22:53:49]Starting api.php
[2025-11-04 22:53:49]Database connection successful
[2025-11-04 22:53:49]MagnusBilling initialized successfully
[2025-11-04 22:53:49]Processing action: get_call_status, User ID: 7, Session data: {"csrf_token":"365fbcdc174ca126c4cc4cea7e3ad54bf919a17de606593d8b1788f136ddee02","user_id":7,"username":"ldata"}
[2025-11-04 22:53:50]Raw Call Stat: {"success":true,"response":{"success":true,"channel":"SIP\/2002-00000047","status":"up","status_detail":"Call is active and answered - media is flowing","dtmf_input":"2","dtmf_updated_at":"2025-11-04 17:22:16","dtmf_array":{"dtmf_input":"2","updated_at":"2025-11-04 17:22:16"}},"error:x:x:":null}
[2025-11-04 22:53:51]Starting api.php
[2025-11-04 22:53:51]Database connection successful
[2025-11-04 22:53:51]MagnusBilling initialized successfully
[2025-11-04 22:53:51]Processing action: get_call_status, User ID: 7, Session data: {"csrf_token":"365fbcdc174ca126c4cc4cea7e3ad54bf919a17de606593d8b1788f136ddee02","user_id":7,"username":"ldata"}
[2025-11-04 22:53:52]Raw Call Stat: {"success":true,"response":{"success":true,"channel":"SIP\/2002-00000047","status":"up","status_detail":"Call is active and answered - media is flowing","dtmf_input":"2","dtmf_updated_at":"2025-11-04 17:22:16","dtmf_array":{"dtmf_input":"2","updated_at":"2025-11-04 17:22:16"}},"error:x:x:":null}
[2025-11-04 22:53:53]Starting api.php
[2025-11-04 22:53:53]Database connection successful
[2025-11-04 22:53:53]MagnusBilling initialized successfully
[2025-11-04 22:53:53]Processing action: get_call_status, User ID: 7, Session data: {"csrf_token":"365fbcdc174ca126c4cc4cea7e3ad54bf919a17de606593d8b1788f136ddee02","user_id":7,"username":"ldata"}
[2025-11-04 22:53:54]Raw Call Stat: {"success":true,"response":{"success":true,"channel":"SIP\/2002-00000047","status":"up","status_detail":"Call is active and answered - media is flowing","dtmf_input":"2","dtmf_updated_at":"2025-11-04 17:22:16","dtmf_array":{"dtmf_input":"2","updated_at":"2025-11-04 17:22:16"}},"error:x:x:":null}
[2025-11-04 22:53:55]Starting api.php
[2025-11-04 22:53:55]Database connection successful
[2025-11-04 22:53:55]MagnusBilling initialized successfully
[2025-11-04 22:53:55]Processing action: get_call_status, User ID: 7, Session data: {"csrf_token":"365fbcdc174ca126c4cc4cea7e3ad54bf919a17de606593d8b1788f136ddee02","user_id":7,"username":"ldata"}
[2025-11-04 22:53:56]Raw Call Stat: {"success":true,"response":{"success":true,"channel":"SIP\/2002-00000047","status":"up","status_detail":"Call is active and answered - media is flowing","dtmf_input":"2","dtmf_updated_at":"2025-11-04 17:22:16","dtmf_array":{"dtmf_input":"2","updated_at":"2025-11-04 17:22:16"}},"error:x:x:":null}
[2025-11-04 22:53:57]Starting api.php
[2025-11-04 22:53:57]Database connection successful
[2025-11-04 22:53:57]MagnusBilling initialized successfully
[2025-11-04 22:53:57]Processing action: get_call_status, User ID: 7, Session data: {"csrf_token":"365fbcdc174ca126c4cc4cea7e3ad54bf919a17de606593d8b1788f136ddee02","user_id":7,"username":"ldata"}
[2025-11-04 22:53:58]Raw Call Stat: {"success":true,"response":{"success":true,"channel":"SIP\/2002-00000047","status":"up","status_detail":"Call is active and answered - media is flowing","dtmf_input":"2","dtmf_updated_at":"2025-11-04 17:22:16","dtmf_array":{"dtmf_input":"2","updated_at":"2025-11-04 17:22:16"}},"error:x:x:":null}
[2025-11-04 22:53:59]Starting api.php
[2025-11-04 22:53:59]Database connection successful
[2025-11-04 22:53:59]MagnusBilling initialized successfully
[2025-11-04 22:53:59]Processing action: get_call_status, User ID: 7, Session data: {"csrf_token":"365fbcdc174ca126c4cc4cea7e3ad54bf919a17de606593d8b1788f136ddee02","user_id":7,"username":"ldata"}
[2025-11-04 22:54:00]Raw Call Stat: {"success":true,"response":{"success":true,"channel":"SIP\/2002-00000047","status":"up","status_detail":"Call is active and answered - media is flowing","dtmf_input":"2","dtmf_updated_at":"2025-11-04 17:22:16","dtmf_array":{"dtmf_input":"2","updated_at":"2025-11-04 17:22:16"}},"error:x:x:":null}
[2025-11-04 22:54:01]Starting api.php
[2025-11-04 22:54:01]Database connection successful
[2025-11-04 22:54:01]MagnusBilling initialized successfully
[2025-11-04 22:54:01]Processing action: get_call_status, User ID: 7, Session data: {"csrf_token":"365fbcdc174ca126c4cc4cea7e3ad54bf919a17de606593d8b1788f136ddee02","user_id":7,"username":"ldata"}
[2025-11-04 22:54:07]Raw Call Stat: {"success":false,"response":"{\"success\":false,\"error\":\"Error:x: Read timeout Line: 424 File:\\\/var\\\/www\\\/html\\\/mbilling\\\/api\\\/call\\\/vendor\\\/marcelog\\\/pami\\\/src\\\/PAMI\\\/Client\\\/Impl\\\/ClientImpl.php\"}","error":"HTTP Error: 400"}
[2025-11-04 22:54:07]Failed to get call status: HTTP Error: 400
[2025-11-04 22:54:07]Starting api.php
[2025-11-04 22:54:07]Database connection successful
[2025-11-04 22:54:07]MagnusBilling initialized successfully
[2025-11-04 22:54:07]Processing action: get_call_status, User ID: 7, Session data: {"csrf_token":"365fbcdc174ca126c4cc4cea7e3ad54bf919a17de606593d8b1788f136ddee02","user_id":7,"username":"ldata"}
[2025-11-04 22:54:10]Raw Call Stat: {"success":true,"response":{"success":true,"channel":"SIP\/2002-00000047","status":"up","status_detail":"Call is active and answered - media is flowing","dtmf_input":"2","dtmf_updated_at":"2025-11-04 17:22:16","dtmf_array":{"dtmf_input":"2","updated_at":"2025-11-04 17:22:16"}},"error:x:x:":null}
[2025-11-04 22:54:10]Starting api.php
[2025-11-04 22:54:10]Database connection successful
[2025-11-04 22:54:10]MagnusBilling initialized successfully
[2025-11-04 22:54:10]Processing action: get_call_status, User ID: 7, Session data: {"csrf_token":"365fbcdc174ca126c4cc4cea7e3ad54bf919a17de606593d8b1788f136ddee02","user_id":7,"username":"ldata"}
[2025-11-04 22:54:11]Raw Call Stat: {"success":true,"response":{"success":true,"channel":"SIP\/2002-00000047","status":"up","status_detail":"Call is active and answered - media is flowing","dtmf_input":"2","dtmf_updated_at":"2025-11-04 17:22:16","dtmf_array":{"dtmf_input":"2","updated_at":"2025-11-04 17:22:16"}},"error:x:x:":null}
[2025-11-04 22:54:11]Starting api.php
[2025-11-04 22:54:11]Database connection successful
[2025-11-04 22:54:11]MagnusBilling initialized successfully
[2025-11-04 22:54:11]Processing action: get_call_status, User ID: 7, Session data: {"csrf_token":"365fbcdc174ca126c4cc4cea7e3ad54bf919a17de606593d8b1788f136ddee02","user_id":7,"username":"ldata"}
[2025-11-04 22:54:13]Raw Call Stat: {"success":true,"response":{"success":true,"channel":"SIP\/2002-00000047","status":"up","status_detail":"Call is active and answered - media is flowing","dtmf_input":"2","dtmf_updated_at":"2025-11-04 17:22:16","dtmf_array":{"dtmf_input":"2","updated_at":"2025-11-04 17:22:16"}},"error:x:x:":null}
[2025-11-04 22:54:13]Starting api.php
[2025-11-04 22:54:13]Database connection successful
[2025-11-04 22:54:13]MagnusBilling initialized successfully
[2025-11-04 22:54:13]Processing action: get_call_status, User ID: 7, Session data: {"csrf_token":"365fbcdc174ca126c4cc4cea7e3ad54bf919a17de606593d8b1788f136ddee02","user_id":7,"username":"ldata"}
[2025-11-04 22:54:14]Raw Call Stat: {"success":true,"response":{"success":true,"channel":"SIP\/2002-00000047","status":"up","status_detail":"Call is active and answered - media is flowing","dtmf_input":"2","dtmf_updated_at":"2025-11-04 17:22:16","dtmf_array":{"dtmf_input":"2","updated_at":"2025-11-04 17:22:16"}},"error:x:x:":null}
[2025-11-04 22:54:14]Starting api.php
[2025-11-04 22:54:14]Database connection successful
[2025-11-04 22:54:14]MagnusBilling initialized successfully
[2025-11-04 22:54:14]Processing action: get_call_status, User ID: 7, Session data: {"csrf_token":"365fbcdc174ca126c4cc4cea7e3ad54bf919a17de606593d8b1788f136ddee02","user_id":7,"username":"ldata"}
[2025-11-04 22:54:15]Raw Call Stat: {"success":true,"response":{"success":true,"channel":"SIP\/2002-00000047","status":"up","status_detail":"Call is active and answered - media is flowing","dtmf_input":"2","dtmf_updated_at":"2025-11-04 17:22:16","dtmf_array":{"dtmf_input":"2","updated_at":"2025-11-04 17:22:16"}},"error:x:x:":null}
[2025-11-04 22:54:15]Starting api.php
[2025-11-04 22:54:15]Database connection successful
[2025-11-04 22:54:15]MagnusBilling initialized successfully
[2025-11-04 22:54:15]Processing action: get_call_status, User ID: 7, Session data: {"csrf_token":"365fbcdc174ca126c4cc4cea7e3ad54bf919a17de606593d8b1788f136ddee02","user_id":7,"username":"ldata"}
[2025-11-04 22:54:16]Raw Call Stat: {"success":true,"response":{"success":true,"channel":"SIP\/2002-00000047","status":"up","status_detail":"Call is active and answered - media is flowing","dtmf_input":"2","dtmf_updated_at":"2025-11-04 17:22:16","dtmf_array":{"dtmf_input":"2","updated_at":"2025-11-04 17:22:16"}},"error:x:x:":null}
[2025-11-04 22:54:16]Starting api.php
[2025-11-04 22:54:16]Database connection successful
[2025-11-04 22:54:16]MagnusBilling initialized successfully
[2025-11-04 22:54:16]Processing action: end_call, User ID: 7, Session data: {"csrf_token":"365fbcdc174ca126c4cc4cea7e3ad54bf919a17de606593d8b1788f136ddee02","user_id":7,"username":"ldata"}
[2025-11-04 22:54:18]CallManager Output: {"success":true,"response":{"success":true,"output":"Channel Hungup"},"error:x:x:":null}
[2025-11-04 22:54:18]Ended call: call_id=291, callChannel=SIP/2002-00000047, CDR Uniqueid=call_690a3639beb26
[2025-11-04 22:54:18]Starting api.php
[2025-11-04 22:54:18]Database connection successful
[2025-11-04 22:54:18]MagnusBilling initialized successfully
[2025-11-04 22:54:18]Processing action: get_call_status, User ID: 7, Session data: {"csrf_token":"365fbcdc174ca126c4cc4cea7e3ad54bf919a17de606593d8b1788f136ddee02","user_id":7,"username":"ldata"}
[2025-11-04 22:54:19]Raw Call Stat: {"success":true,"response":{"success":true,"channel":"SIP\/2002-00000047","status":"ended","status_detail":"Channel no longer exists","dtmf_input":"2","dtmf_updated_at":"2025-11-04 17:22:16","dtmf_array":{"dtmf_input":"2","updated_at":"2025-11-04 17:22:16"}},"error:x:x:":null}
[2025-11-04 22:54:19]Starting api.php
[2025-11-04 22:54:19]Database connection successful
[2025-11-04 22:54:19]MagnusBilling initialized successfully
[2025-11-04 22:54:19]Processing action: get_call_status, User ID: 7, Session data: {"csrf_token":"365fbcdc174ca126c4cc4cea7e3ad54bf919a17de606593d8b1788f136ddee02","user_id":7,"username":"ldata"}
[2025-11-04 22:54:20]Raw Call Stat: {"success":true,"response":{"success":true,"channel":"SIP\/2002-00000047","status":"ended","status_detail":"Channel no longer exists","dtmf_input":"2","dtmf_updated_at":"2025-11-04 17:22:16","dtmf_array":{"dtmf_input":"2","updated_at":"2025-11-04 17:22:16"}},"error:x:x:":null}
[2025-11-04 22:54:20]Starting api.php
[2025-11-04 22:54:21]Database connection successful
[2025-11-04 22:54:21]MagnusBilling initialized successfully
[2025-11-04 22:54:21]Processing action: get_call_status, User ID: 7, Session data: {"csrf_token":"365fbcdc174ca126c4cc4cea7e3ad54bf919a17de606593d8b1788f136ddee02","user_id":7,"username":"ldata"}
[2025-11-04 22:54:22]Raw Call Stat: {"success":true,"response":{"success":true,"channel":"SIP\/2002-00000047","status":"ended","status_detail":"Channel no longer exists","dtmf_input":"2","dtmf_updated_at":"2025-11-04 17:22:16","dtmf_array":{"dtmf_input":"2","updated_at":"2025-11-04 17:22:16"}},"error:x:x:":null}
[2025-11-04 22:54:27]Starting api.php
[2025-11-04 22:54:27]Database connection successful
[2025-11-04 22:54:27]MagnusBilling initialized successfully
[2025-11-04 22:54:27]Processing action: end_call, User ID: 7, Session data: {"csrf_token":"365fbcdc174ca126c4cc4cea7e3ad54bf919a17de606593d8b1788f136ddee02","user_id":7,"username":"ldata"}
[2025-11-04 22:54:28]CallManager Output: {"success":true,"response":{"success":true,"output":"No such channel"},"error:x:x:":null}
[2025-11-04 22:54:29]Ended call: call_id=290, callChannel=SIP/2002-00000045, CDR Uniqueid=call_690a34bf8f8d0
[2025-11-05 07:36:53]Starting api.php
[2025-11-05 07:36:53]Database connection successful
[2025-11-05 07:36:53]MagnusBilling initialized successfully
[2025-11-05 07:36:53]Processing action: get_dtmf, User ID: 7, Session data: {"csrf_token":"365fbcdc174ca126c4cc4cea7e3ad54bf919a17de606593d8b1788f136ddee02","user_id":7,"username":"ldata","magnus_user_id":21}
[2025-11-05 07:36:54]Fetched 0 DTMF inputs for user_id: 7
[2025-11-05 07:37:03]Starting api.php
[2025-11-05 07:37:03]Database connection successful
[2025-11-05 07:37:03]MagnusBilling initialized successfully
[2025-11-05 07:37:03]Processing action: get_dtmf, User ID: 7, Session data: {"csrf_token":"365fbcdc174ca126c4cc4cea7e3ad54bf919a17de606593d8b1788f136ddee02","user_id":7,"username":"ldata","magnus_user_id":21}
[2025-11-05 07:37:03]Fetched 0 DTMF inputs for user_id: 7
[2025-11-05 07:37:13]Starting api.php
[2025-11-05 07:37:13]Database connection successful
[2025-11-05 07:37:13]MagnusBilling initialized successfully
[2025-11-05 07:37:13]Processing action: get_dtmf, User ID: 7, Session data: {"csrf_token":"365fbcdc174ca126c4cc4cea7e3ad54bf919a17de606593d8b1788f136ddee02","user_id":7,"username":"ldata","magnus_user_id":21}
[2025-11-05 07:37:13]Fetched 0 DTMF inputs for user_id: 7
[2025-11-05 07:37:23]Starting api.php
[2025-11-05 07:37:23]Database connection successful
[2025-11-05 07:37:23]MagnusBilling initialized successfully
[2025-11-05 07:37:23]Processing action: get_dtmf, User ID: 7, Session data: {"csrf_token":"365fbcdc174ca126c4cc4cea7e3ad54bf919a17de606593d8b1788f136ddee02","user_id":7,"username":"ldata","magnus_user_id":21}
[2025-11-05 07:37:23]Fetched 0 DTMF inputs for user_id: 7
[2025-11-05 07:37:33]Starting api.php
[2025-11-05 07:37:33]Database connection successful
[2025-11-05 07:37:33]MagnusBilling initialized successfully
[2025-11-05 07:37:33]Processing action: get_dtmf, User ID: 7, Session data: {"csrf_token":"365fbcdc174ca126c4cc4cea7e3ad54bf919a17de606593d8b1788f136ddee02","user_id":7,"username":"ldata","magnus_user_id":21}
[2025-11-05 07:37:33]Fetched 0 DTMF inputs for user_id: 7
[2025-11-05 07:37:43]Starting api.php
[2025-11-05 07:37:43]Database connection successful
[2025-11-05 07:37:43]MagnusBilling initialized successfully
[2025-11-05 07:37:43]Processing action: get_dtmf, User ID: 7, Session data: {"csrf_token":"365fbcdc174ca126c4cc4cea7e3ad54bf919a17de606593d8b1788f136ddee02","user_id":7,"username":"ldata","magnus_user_id":21}
[2025-11-05 07:37:43]Fetched 0 DTMF inputs for user_id: 7
[2025-11-05 07:37:53]Starting api.php
[2025-11-05 07:37:53]Database connection successful
[2025-11-05 07:37:53]MagnusBilling initialized successfully
[2025-11-05 07:37:53]Processing action: get_dtmf, User ID: 7, Session data: {"csrf_token":"365fbcdc174ca126c4cc4cea7e3ad54bf919a17de606593d8b1788f136ddee02","user_id":7,"username":"ldata","magnus_user_id":21}
[2025-11-05 07:37:53]Fetched 0 DTMF inputs for user_id: 7
[2025-11-05 07:38:03]Starting api.php
[2025-11-05 07:38:03]Database connection successful
[2025-11-05 07:38:03]MagnusBilling initialized successfully
[2025-11-05 07:38:03]Processing action: get_dtmf, User ID: 7, Session data: {"csrf_token":"365fbcdc174ca126c4cc4cea7e3ad54bf919a17de606593d8b1788f136ddee02","user_id":7,"username":"ldata","magnus_user_id":21}
[2025-11-05 07:38:03]Fetched 0 DTMF inputs for user_id: 7
[2025-11-05 07:38:13]Starting api.php
[2025-11-05 07:38:13]Database connection successful
[2025-11-05 07:38:13]MagnusBilling initialized successfully
[2025-11-05 07:38:13]Processing action: get_dtmf, User ID: 7, Session data: {"csrf_token":"365fbcdc174ca126c4cc4cea7e3ad54bf919a17de606593d8b1788f136ddee02","user_id":7,"username":"ldata","magnus_user_id":21}
[2025-11-05 07:38:13]Fetched 0 DTMF inputs for user_id: 7
[2025-11-05 07:38:23]Starting api.php
[2025-11-05 07:38:23]Database connection successful
[2025-11-05 07:38:23]MagnusBilling initialized successfully
[2025-11-05 07:38:23]Processing action: get_dtmf, User ID: 7, Session data: {"csrf_token":"365fbcdc174ca126c4cc4cea7e3ad54bf919a17de606593d8b1788f136ddee02","user_id":7,"username":"ldata","magnus_user_id":21}
[2025-11-05 07:38:23]Fetched 0 DTMF inputs for user_id: 7
[2025-11-05 07:38:33]Starting api.php
[2025-11-05 07:38:33]Database connection successful
[2025-11-05 07:38:33]MagnusBilling initialized successfully
[2025-11-05 07:38:33]Processing action: get_dtmf, User ID: 7, Session data: {"csrf_token":"365fbcdc174ca126c4cc4cea7e3ad54bf919a17de606593d8b1788f136ddee02","user_id":7,"username":"ldata","magnus_user_id":21}
[2025-11-05 07:38:33]Fetched 0 DTMF inputs for user_id: 7
[2025-11-05 07:38:43]Starting api.php
[2025-11-05 07:38:43]Database connection successful
[2025-11-05 07:38:43]MagnusBilling initialized successfully
[2025-11-05 07:38:43]Processing action: get_dtmf, User ID: 7, Session data: {"csrf_token":"365fbcdc174ca126c4cc4cea7e3ad54bf919a17de606593d8b1788f136ddee02","user_id":7,"username":"ldata","magnus_user_id":21}
[2025-11-05 07:38:43]Fetched 0 DTMF inputs for user_id: 7
[2025-11-05 07:38:53]Starting api.php
[2025-11-05 07:38:53]Database connection successful
[2025-11-05 07:38:53]MagnusBilling initialized successfully
[2025-11-05 07:38:53]Processing action: get_dtmf, User ID: 7, Session data: {"csrf_token":"365fbcdc174ca126c4cc4cea7e3ad54bf919a17de606593d8b1788f136ddee02","user_id":7,"username":"ldata","magnus_user_id":21}
[2025-11-05 07:38:53]Fetched 0 DTMF inputs for user_id: 7
[2025-11-05 07:39:03]Starting api.php
[2025-11-05 07:39:03]Database connection successful
[2025-11-05 07:39:03]MagnusBilling initialized successfully
[2025-11-05 07:39:03]Processing action: get_dtmf, User ID: 7, Session data: {"csrf_token":"365fbcdc174ca126c4cc4cea7e3ad54bf919a17de606593d8b1788f136ddee02","user_id":7,"username":"ldata","magnus_user_id":21}
[2025-11-05 07:39:03]Fetched 0 DTMF inputs for user_id: 7
[2025-11-05 07:39:13]Starting api.php
[2025-11-05 07:39:13]Database connection successful
[2025-11-05 07:39:13]MagnusBilling initialized successfully
[2025-11-05 07:39:13]Processing action: get_dtmf, User ID: 7, Session data: {"csrf_token":"365fbcdc174ca126c4cc4cea7e3ad54bf919a17de606593d8b1788f136ddee02","user_id":7,"username":"ldata","magnus_user_id":21}
[2025-11-05 07:39:13]Fetched 0 DTMF inputs for user_id: 7
[2025-11-05 07:39:23]Starting api.php
[2025-11-05 07:39:23]Database connection successful
[2025-11-05 07:39:23]MagnusBilling initialized successfully
[2025-11-05 07:39:23]Processing action: get_dtmf, User ID: 7, Session data: {"csrf_token":"365fbcdc174ca126c4cc4cea7e3ad54bf919a17de606593d8b1788f136ddee02","user_id":7,"username":"ldata","magnus_user_id":21}
[2025-11-05 07:39:23]Fetched 0 DTMF inputs for user_id: 7
[2025-11-05 07:39:33]Starting api.php
[2025-11-05 07:39:33]Database connection successful
[2025-11-05 07:39:33]MagnusBilling initialized successfully
[2025-11-05 07:39:33]Processing action: get_dtmf, User ID: 7, Session data: {"csrf_token":"365fbcdc174ca126c4cc4cea7e3ad54bf919a17de606593d8b1788f136ddee02","user_id":7,"username":"ldata","magnus_user_id":21}
[2025-11-05 07:39:33]Fetched 0 DTMF inputs for user_id: 7
[2025-11-05 07:39:43]Starting api.php
[2025-11-05 07:39:43]Database connection successful
[2025-11-05 07:39:43]MagnusBilling initialized successfully
[2025-11-05 07:39:43]Processing action: get_dtmf, User ID: 7, Session data: {"csrf_token":"365fbcdc174ca126c4cc4cea7e3ad54bf919a17de606593d8b1788f136ddee02","user_id":7,"username":"ldata","magnus_user_id":21}
[2025-11-05 07:39:43]Fetched 0 DTMF inputs for user_id: 7
[2025-11-05 07:39:53]Starting api.php
[2025-11-05 07:39:53]Database connection successful
[2025-11-05 07:39:53]MagnusBilling initialized successfully
[2025-11-05 07:39:53]Processing action: get_dtmf, User ID: 7, Session data: {"csrf_token":"365fbcdc174ca126c4cc4cea7e3ad54bf919a17de606593d8b1788f136ddee02","user_id":7,"username":"ldata","magnus_user_id":21}
[2025-11-05 07:39:53]Fetched 0 DTMF inputs for user_id: 7
[2025-11-05 07:40:04]Starting api.php
[2025-11-05 07:40:04]Database connection successful
[2025-11-05 07:40:04]MagnusBilling initialized successfully
[2025-11-05 07:40:04]Processing action: get_dtmf, User ID: 7, Session data: {"csrf_token":"365fbcdc174ca126c4cc4cea7e3ad54bf919a17de606593d8b1788f136ddee02","user_id":7,"username":"ldata","magnus_user_id":21}
[2025-11-05 07:40:04]Fetched 0 DTMF inputs for user_id: 7
[2025-11-05 07:40:14]Starting api.php
[2025-11-05 07:40:14]Database connection successful
[2025-11-05 07:40:14]MagnusBilling initialized successfully
[2025-11-05 07:40:14]Processing action: get_dtmf, User ID: 7, Session data: {"csrf_token":"365fbcdc174ca126c4cc4cea7e3ad54bf919a17de606593d8b1788f136ddee02","user_id":7,"username":"ldata","magnus_user_id":21}
[2025-11-05 07:40:14]Fetched 0 DTMF inputs for user_id: 7
[2025-11-05 07:40:24]Starting api.php
[2025-11-05 07:40:24]Database connection successful
[2025-11-05 07:40:24]MagnusBilling initialized successfully
[2025-11-05 07:40:24]Processing action: get_dtmf, User ID: 7, Session data: {"csrf_token":"365fbcdc174ca126c4cc4cea7e3ad54bf919a17de606593d8b1788f136ddee02","user_id":7,"username":"ldata","magnus_user_id":21}
[2025-11-05 07:40:24]Fetched 0 DTMF inputs for user_id: 7
[2025-11-05 07:40:34]Starting api.php
[2025-11-05 07:40:34]Database connection successful
[2025-11-05 07:40:34]MagnusBilling initialized successfully
[2025-11-05 07:40:34]Processing action: get_dtmf, User ID: 7, Session data: {"csrf_token":"365fbcdc174ca126c4cc4cea7e3ad54bf919a17de606593d8b1788f136ddee02","user_id":7,"username":"ldata","magnus_user_id":21}
[2025-11-05 07:40:34]Fetched 0 DTMF inputs for user_id: 7
[2025-11-05 07:40:44]Starting api.php
[2025-11-05 07:40:44]Database connection successful
[2025-11-05 07:40:44]MagnusBilling initialized successfully
[2025-11-05 07:40:44]Processing action: get_dtmf, User ID: 7, Session data: {"csrf_token":"365fbcdc174ca126c4cc4cea7e3ad54bf919a17de606593d8b1788f136ddee02","user_id":7,"username":"ldata","magnus_user_id":21}
[2025-11-05 07:40:44]Fetched 0 DTMF inputs for user_id: 7
[2025-11-05 07:40:54]Starting api.php
[2025-11-05 07:40:54]Database connection successful
[2025-11-05 07:40:54]MagnusBilling initialized successfully
[2025-11-05 07:40:54]Processing action: get_dtmf, User ID: 7, Session data: {"csrf_token":"365fbcdc174ca126c4cc4cea7e3ad54bf919a17de606593d8b1788f136ddee02","user_id":7,"username":"ldata","magnus_user_id":21}
[2025-11-05 07:40:54]Fetched 0 DTMF inputs for user_id: 7
[2025-11-05 07:42:32]Starting api.php
[2025-11-05 07:42:32]Database connection successful
[2025-11-05 07:42:32]MagnusBilling initialized successfully
[2025-11-05 07:42:32]Processing action: get_dtmf, User ID: 7, Session data: {"csrf_token":"365fbcdc174ca126c4cc4cea7e3ad54bf919a17de606593d8b1788f136ddee02","user_id":7,"username":"ldata","magnus_user_id":21}
[2025-11-05 07:42:32]Fetched 0 DTMF inputs for user_id: 7
[2025-11-05 07:54:27]Starting api.php
[2025-11-05 07:54:27]Database connection successful
[2025-11-05 07:54:27]MagnusBilling initialized successfully
[2025-11-05 07:54:27]Processing action: get_dtmf, User ID: 7, Session data: {"csrf_token":"365fbcdc174ca126c4cc4cea7e3ad54bf919a17de606593d8b1788f136ddee02","user_id":7,"username":"ldata","magnus_user_id":21}
[2025-11-05 07:54:27]Fetched 0 DTMF inputs for user_id: 7
[2025-11-05 07:54:33]Starting api.php
[2025-11-05 07:54:33]Database connection successful
[2025-11-05 07:54:33]MagnusBilling initialized successfully
[2025-11-05 07:54:33]Processing action: get_dtmf, User ID: 7, Session data: {"csrf_token":"365fbcdc174ca126c4cc4cea7e3ad54bf919a17de606593d8b1788f136ddee02","user_id":7,"username":"ldata","magnus_user_id":21}
[2025-11-05 07:54:33]Fetched 0 DTMF inputs for user_id: 7
[2025-11-05 07:54:43]Starting api.php
[2025-11-05 07:54:43]Database connection successful
[2025-11-05 07:54:43]MagnusBilling initialized successfully
[2025-11-05 07:54:43]Processing action: get_dtmf, User ID: 7, Session data: {"csrf_token":"365fbcdc174ca126c4cc4cea7e3ad54bf919a17de606593d8b1788f136ddee02","user_id":7,"username":"ldata","magnus_user_id":21}
[2025-11-05 07:54:43]Fetched 0 DTMF inputs for user_id: 7
[2025-11-05 07:54:53]Starting api.php
[2025-11-05 07:54:53]Database connection successful
[2025-11-05 07:54:53]MagnusBilling initialized successfully
[2025-11-05 07:54:53]Processing action: get_dtmf, User ID: 7, Session data: {"csrf_token":"365fbcdc174ca126c4cc4cea7e3ad54bf919a17de606593d8b1788f136ddee02","user_id":7,"username":"ldata","magnus_user_id":21}
[2025-11-05 07:54:53]Fetched 0 DTMF inputs for user_id: 7
[2025-11-05 07:55:03]Starting api.php
[2025-11-05 07:55:03]Database connection successful
[2025-11-05 07:55:03]MagnusBilling initialized successfully
[2025-11-05 07:55:03]Processing action: get_dtmf, User ID: 7, Session data: {"csrf_token":"365fbcdc174ca126c4cc4cea7e3ad54bf919a17de606593d8b1788f136ddee02","user_id":7,"username":"ldata","magnus_user_id":21}
[2025-11-05 07:55:03]Fetched 0 DTMF inputs for user_id: 7
[2025-11-05 07:55:13]Starting api.php
[2025-11-05 07:55:13]Database connection successful
[2025-11-05 07:55:13]MagnusBilling initialized successfully
[2025-11-05 07:55:13]Processing action: get_dtmf, User ID: 7, Session data: {"csrf_token":"365fbcdc174ca126c4cc4cea7e3ad54bf919a17de606593d8b1788f136ddee02","user_id":7,"username":"ldata","magnus_user_id":21}
[2025-11-05 07:55:13]Fetched 0 DTMF inputs for user_id: 7
[2025-11-05 07:55:23]Starting api.php
[2025-11-05 07:55:23]Database connection successful
[2025-11-05 07:55:23]MagnusBilling initialized successfully
[2025-11-05 07:55:23]Processing action: get_dtmf, User ID: 7, Session data: {"csrf_token":"365fbcdc174ca126c4cc4cea7e3ad54bf919a17de606593d8b1788f136ddee02","user_id":7,"username":"ldata","magnus_user_id":21}
[2025-11-05 07:55:33]Starting api.php
[2025-11-05 07:55:33]Database connection successful
[2025-11-05 07:55:33]MagnusBilling initialized successfully
[2025-11-05 07:55:33]Processing action: get_dtmf, User ID: 7, Session data: {"csrf_token":"365fbcdc174ca126c4cc4cea7e3ad54bf919a17de606593d8b1788f136ddee02","user_id":7,"username":"ldata","magnus_user_id":21}
[2025-11-05 07:56:13]Starting api.php
[2025-11-05 07:56:13]Database connection successful
[2025-11-05 07:56:13]MagnusBilling initialized successfully
[2025-11-05 07:56:13]Processing action: get_dtmf, User ID: 7, Session data: {"csrf_token":"365fbcdc174ca126c4cc4cea7e3ad54bf919a17de606593d8b1788f136ddee02","user_id":7,"username":"ldata","magnus_user_id":21}
[2025-11-05 07:56:23]Starting api.php
[2025-11-05 07:56:23]Database connection successful
[2025-11-05 07:56:23]MagnusBilling initialized successfully
[2025-11-05 07:56:23]Processing action: get_dtmf, User ID: 7, Session data: {"csrf_token":"365fbcdc174ca126c4cc4cea7e3ad54bf919a17de606593d8b1788f136ddee02","user_id":7,"username":"ldata","magnus_user_id":21}
[2025-11-05 07:56:33]Starting api.php
[2025-11-05 07:56:33]Database connection successful
[2025-11-05 07:56:33]MagnusBilling initialized successfully
[2025-11-05 07:56:33]Processing action: get_dtmf, User ID: 7, Session data: {"csrf_token":"365fbcdc174ca126c4cc4cea7e3ad54bf919a17de606593d8b1788f136ddee02","user_id":7,"username":"ldata","magnus_user_id":21}
[2025-11-05 07:56:43]Starting api.php
[2025-11-05 07:56:43]Database connection successful
[2025-11-05 07:56:43]MagnusBilling initialized successfully
[2025-11-05 07:56:43]Processing action: get_dtmf, User ID: 7, Session data: {"csrf_token":"365fbcdc174ca126c4cc4cea7e3ad54bf919a17de606593d8b1788f136ddee02","user_id":7,"username":"ldata","magnus_user_id":21}
[2025-11-05 07:56:53]Starting api.php
[2025-11-05 07:56:53]Database connection successful
[2025-11-05 07:56:53]MagnusBilling initialized successfully
[2025-11-05 07:56:53]Processing action: get_dtmf, User ID: 7, Session data: {"csrf_token":"365fbcdc174ca126c4cc4cea7e3ad54bf919a17de606593d8b1788f136ddee02","user_id":7,"username":"ldata","magnus_user_id":21}
[2025-11-05 07:57:03]Starting api.php
[2025-11-05 07:57:03]Database connection successful
[2025-11-05 07:57:03]MagnusBilling initialized successfully
[2025-11-05 07:57:03]Processing action: get_dtmf, User ID: 7, Session data: {"csrf_token":"365fbcdc174ca126c4cc4cea7e3ad54bf919a17de606593d8b1788f136ddee02","user_id":7,"username":"ldata","magnus_user_id":21}
[2025-11-05 07:57:13]Starting api.php
[2025-11-05 07:57:13]Database connection successful
[2025-11-05 07:57:13]MagnusBilling initialized successfully
[2025-11-05 07:57:13]Processing action: get_dtmf, User ID: 7, Session data: {"csrf_token":"365fbcdc174ca126c4cc4cea7e3ad54bf919a17de606593d8b1788f136ddee02","user_id":7,"username":"ldata","magnus_user_id":21}
[2025-11-05 07:57:23]Starting api.php
[2025-11-05 07:57:23]Database connection successful
[2025-11-05 07:57:23]MagnusBilling initialized successfully
[2025-11-05 07:57:23]Processing action: get_dtmf, User ID: 7, Session data: {"csrf_token":"365fbcdc174ca126c4cc4cea7e3ad54bf919a17de606593d8b1788f136ddee02","user_id":7,"username":"ldata","magnus_user_id":21}
[2025-11-05 07:57:33]Starting api.php
[2025-11-05 07:57:33]Database connection successful
[2025-11-05 07:57:33]MagnusBilling initialized successfully
[2025-11-05 07:57:33]Processing action: get_dtmf, User ID: 7, Session data: {"csrf_token":"365fbcdc174ca126c4cc4cea7e3ad54bf919a17de606593d8b1788f136ddee02","user_id":7,"username":"ldata","magnus_user_id":21}
[2025-11-05 07:57:43]Starting api.php
[2025-11-05 07:57:43]Database connection successful
[2025-11-05 07:57:43]MagnusBilling initialized successfully
[2025-11-05 07:57:43]Processing action: get_dtmf, User ID: 7, Session data: {"csrf_token":"365fbcdc174ca126c4cc4cea7e3ad54bf919a17de606593d8b1788f136ddee02","user_id":7,"username":"ldata","magnus_user_id":21}
[2025-11-05 07:57:53]Starting api.php
[2025-11-05 07:57:53]Database connection successful
[2025-11-05 07:57:53]MagnusBilling initialized successfully
[2025-11-05 07:57:53]Processing action: get_dtmf, User ID: 7, Session data: {"csrf_token":"365fbcdc174ca126c4cc4cea7e3ad54bf919a17de606593d8b1788f136ddee02","user_id":7,"username":"ldata","magnus_user_id":21}
[2025-11-05 07:58:03]Starting api.php
[2025-11-05 07:58:03]Database connection successful
[2025-11-05 07:58:03]MagnusBilling initialized successfully
[2025-11-05 07:58:03]Processing action: get_dtmf, User ID: 7, Session data: {"csrf_token":"365fbcdc174ca126c4cc4cea7e3ad54bf919a17de606593d8b1788f136ddee02","user_id":7,"username":"ldata","magnus_user_id":21}
[2025-11-05 07:58:13]Starting api.php
[2025-11-05 07:58:13]Database connection successful
[2025-11-05 07:58:13]MagnusBilling initialized successfully
[2025-11-05 07:58:13]Processing action: get_dtmf, User ID: 7, Session data: {"csrf_token":"365fbcdc174ca126c4cc4cea7e3ad54bf919a17de606593d8b1788f136ddee02","user_id":7,"username":"ldata","magnus_user_id":21}
[2025-11-05 07:58:23]Starting api.php
[2025-11-05 07:58:23]Database connection successful
[2025-11-05 07:58:23]MagnusBilling initialized successfully
[2025-11-05 07:58:23]Processing action: get_dtmf, User ID: 7, Session data: {"csrf_token":"365fbcdc174ca126c4cc4cea7e3ad54bf919a17de606593d8b1788f136ddee02","user_id":7,"username":"ldata","magnus_user_id":21}
[2025-11-05 07:58:33]Starting api.php
[2025-11-05 07:58:33]Database connection successful
[2025-11-05 07:58:33]MagnusBilling initialized successfully
[2025-11-05 07:58:33]Processing action: get_dtmf, User ID: 7, Session data: {"csrf_token":"365fbcdc174ca126c4cc4cea7e3ad54bf919a17de606593d8b1788f136ddee02","user_id":7,"username":"ldata","magnus_user_id":21}
[2025-11-05 07:58:43]Starting api.php
[2025-11-05 07:58:43]Database connection successful
[2025-11-05 07:58:43]MagnusBilling initialized successfully
[2025-11-05 07:58:43]Processing action: get_dtmf, User ID: 7, Session data: {"csrf_token":"365fbcdc174ca126c4cc4cea7e3ad54bf919a17de606593d8b1788f136ddee02","user_id":7,"username":"ldata","magnus_user_id":21}
[2025-11-05 07:58:53]Starting api.php
[2025-11-05 07:58:53]Database connection successful
[2025-11-05 07:58:53]MagnusBilling initialized successfully
[2025-11-05 07:58:53]Processing action: get_dtmf, User ID: 7, Session data: {"csrf_token":"365fbcdc174ca126c4cc4cea7e3ad54bf919a17de606593d8b1788f136ddee02","user_id":7,"username":"ldata","magnus_user_id":21}
[2025-11-05 07:59:03]Starting api.php
[2025-11-05 07:59:03]Database connection successful
[2025-11-05 07:59:03]MagnusBilling initialized successfully
[2025-11-05 07:59:03]Processing action: get_dtmf, User ID: 7, Session data: {"csrf_token":"365fbcdc174ca126c4cc4cea7e3ad54bf919a17de606593d8b1788f136ddee02","user_id":7,"username":"ldata","magnus_user_id":21}
[2025-11-05 07:59:13]Starting api.php
[2025-11-05 07:59:13]Database connection successful
[2025-11-05 07:59:13]MagnusBilling initialized successfully
[2025-11-05 07:59:13]Processing action: get_dtmf, User ID: 7, Session data: {"csrf_token":"365fbcdc174ca126c4cc4cea7e3ad54bf919a17de606593d8b1788f136ddee02","user_id":7,"username":"ldata","magnus_user_id":21}
[2025-11-05 07:59:23]Starting api.php
[2025-11-05 07:59:23]Database connection successful
[2025-11-05 07:59:23]MagnusBilling initialized successfully
[2025-11-05 07:59:23]Processing action: get_dtmf, User ID: 7, Session data: {"csrf_token":"365fbcdc174ca126c4cc4cea7e3ad54bf919a17de606593d8b1788f136ddee02","user_id":7,"username":"ldata","magnus_user_id":21}
[2025-11-05 07:59:33]Starting api.php
[2025-11-05 07:59:33]Database connection successful
[2025-11-05 07:59:33]MagnusBilling initialized successfully
[2025-11-05 07:59:33]Processing action: get_dtmf, User ID: 7, Session data: {"csrf_token":"365fbcdc174ca126c4cc4cea7e3ad54bf919a17de606593d8b1788f136ddee02","user_id":7,"username":"ldata","magnus_user_id":21}
[2025-11-05 07:59:43]Starting api.php
[2025-11-05 07:59:43]Database connection successful
[2025-11-05 07:59:43]MagnusBilling initialized successfully
[2025-11-05 07:59:43]Processing action: get_dtmf, User ID: 7, Session data: {"csrf_token":"365fbcdc174ca126c4cc4cea7e3ad54bf919a17de606593d8b1788f136ddee02","user_id":7,"username":"ldata","magnus_user_id":21}
[2025-11-05 07:59:53]Starting api.php
[2025-11-05 07:59:53]Database connection successful
[2025-11-05 07:59:53]MagnusBilling initialized successfully
[2025-11-05 07:59:53]Processing action: get_dtmf, User ID: 7, Session data: {"csrf_token":"365fbcdc174ca126c4cc4cea7e3ad54bf919a17de606593d8b1788f136ddee02","user_id":7,"username":"ldata","magnus_user_id":21}
[2025-11-05 08:00:03]Starting api.php
[2025-11-05 08:00:03]Database connection successful
[2025-11-05 08:00:03]MagnusBilling initialized successfully
[2025-11-05 08:00:03]Processing action: get_dtmf, User ID: 7, Session data: {"csrf_token":"365fbcdc174ca126c4cc4cea7e3ad54bf919a17de606593d8b1788f136ddee02","user_id":7,"username":"ldata","magnus_user_id":21}
[2025-11-05 08:00:13]Starting api.php
[2025-11-05 08:00:13]Database connection successful
[2025-11-05 08:00:13]MagnusBilling initialized successfully
[2025-11-05 08:00:13]Processing action: get_dtmf, User ID: 7, Session data: {"csrf_token":"365fbcdc174ca126c4cc4cea7e3ad54bf919a17de606593d8b1788f136ddee02","user_id":7,"username":"ldata","magnus_user_id":21}
[2025-11-05 08:00:23]Starting api.php
[2025-11-05 08:00:23]Database connection successful
[2025-11-05 08:00:23]MagnusBilling initialized successfully
[2025-11-05 08:00:23]Processing action: get_dtmf, User ID: 7, Session data: {"csrf_token":"365fbcdc174ca126c4cc4cea7e3ad54bf919a17de606593d8b1788f136ddee02","user_id":7,"username":"ldata","magnus_user_id":21}
[2025-11-05 08:00:33]Starting api.php
[2025-11-05 08:00:33]Database connection successful
[2025-11-05 08:00:33]MagnusBilling initialized successfully
[2025-11-05 08:00:33]Processing action: get_dtmf, User ID: 7, Session data: {"csrf_token":"365fbcdc174ca126c4cc4cea7e3ad54bf919a17de606593d8b1788f136ddee02","user_id":7,"username":"ldata","magnus_user_id":21}
[2025-11-05 08:00:43]Starting api.php
[2025-11-05 08:00:43]Database connection successful
[2025-11-05 08:00:43]MagnusBilling initialized successfully
[2025-11-05 08:00:43]Processing action: get_dtmf, User ID: 7, Session data: {"csrf_token":"365fbcdc174ca126c4cc4cea7e3ad54bf919a17de606593d8b1788f136ddee02","user_id":7,"username":"ldata","magnus_user_id":21}
[2025-11-05 08:00:53]Starting api.php
[2025-11-05 08:00:53]Database connection successful
[2025-11-05 08:00:53]MagnusBilling initialized successfully
[2025-11-05 08:00:53]Processing action: get_dtmf, User ID: 7, Session data: {"csrf_token":"365fbcdc174ca126c4cc4cea7e3ad54bf919a17de606593d8b1788f136ddee02","user_id":7,"username":"ldata","magnus_user_id":21}
[2025-11-05 08:01:03]Starting api.php
[2025-11-05 08:01:03]Database connection successful
[2025-11-05 08:01:03]MagnusBilling initialized successfully
[2025-11-05 08:01:03]Processing action: get_dtmf, User ID: 7, Session data: {"csrf_token":"365fbcdc174ca126c4cc4cea7e3ad54bf919a17de606593d8b1788f136ddee02","user_id":7,"username":"ldata","magnus_user_id":21}
[2025-11-05 08:01:13]Starting api.php
[2025-11-05 08:01:13]Database connection successful
[2025-11-05 08:01:13]MagnusBilling initialized successfully
[2025-11-05 08:01:13]Processing action: get_dtmf, User ID: 7, Session data: {"csrf_token":"365fbcdc174ca126c4cc4cea7e3ad54bf919a17de606593d8b1788f136ddee02","user_id":7,"username":"ldata","magnus_user_id":21}
[2025-11-05 08:01:23]Starting api.php
[2025-11-05 08:01:23]Database connection successful
[2025-11-05 08:01:23]MagnusBilling initialized successfully
[2025-11-05 08:01:23]Processing action: get_dtmf, User ID: 7, Session data: {"csrf_token":"365fbcdc174ca126c4cc4cea7e3ad54bf919a17de606593d8b1788f136ddee02","user_id":7,"username":"ldata","magnus_user_id":21}
[2025-11-05 08:01:33]Starting api.php
[2025-11-05 08:01:33]Database connection successful
[2025-11-05 08:01:33]MagnusBilling initialized successfully
[2025-11-05 08:01:33]Processing action: get_dtmf, User ID: 7, Session data: {"csrf_token":"365fbcdc174ca126c4cc4cea7e3ad54bf919a17de606593d8b1788f136ddee02","user_id":7,"username":"ldata","magnus_user_id":21}
[2025-11-05 08:01:43]Starting api.php
[2025-11-05 08:01:43]Database connection successful
[2025-11-05 08:01:43]MagnusBilling initialized successfully
[2025-11-05 08:01:43]Processing action: get_dtmf, User ID: 7, Session data: {"csrf_token":"365fbcdc174ca126c4cc4cea7e3ad54bf919a17de606593d8b1788f136ddee02","user_id":7,"username":"ldata","magnus_user_id":21}
[2025-11-05 08:01:53]Starting api.php
[2025-11-05 08:01:53]Database connection successful
[2025-11-05 08:01:53]MagnusBilling initialized successfully
[2025-11-05 08:01:53]Processing action: get_dtmf, User ID: 7, Session data: {"csrf_token":"365fbcdc174ca126c4cc4cea7e3ad54bf919a17de606593d8b1788f136ddee02","user_id":7,"username":"ldata","magnus_user_id":21}
[2025-11-05 08:02:03]Starting api.php
[2025-11-05 08:02:03]Database connection successful
[2025-11-05 08:02:03]MagnusBilling initialized successfully
[2025-11-05 08:02:03]Processing action: get_dtmf, User ID: 7, Session data: {"csrf_token":"365fbcdc174ca126c4cc4cea7e3ad54bf919a17de606593d8b1788f136ddee02","user_id":7,"username":"ldata","magnus_user_id":21}
[2025-11-05 08:02:13]Starting api.php
[2025-11-05 08:02:13]Database connection successful
[2025-11-05 08:02:13]MagnusBilling initialized successfully
[2025-11-05 08:02:13]Processing action: get_dtmf, User ID: 7, Session data: {"csrf_token":"365fbcdc174ca126c4cc4cea7e3ad54bf919a17de606593d8b1788f136ddee02","user_id":7,"username":"ldata","magnus_user_id":21}
[2025-11-05 08:02:23]Starting api.php
[2025-11-05 08:02:23]Database connection successful
[2025-11-05 08:02:23]MagnusBilling initialized successfully
[2025-11-05 08:02:23]Processing action: get_dtmf, User ID: 7, Session data: {"csrf_token":"365fbcdc174ca126c4cc4cea7e3ad54bf919a17de606593d8b1788f136ddee02","user_id":7,"username":"ldata","magnus_user_id":21}
[2025-11-05 08:02:33]Starting api.php
[2025-11-05 08:02:33]Database connection successful
[2025-11-05 08:02:33]MagnusBilling initialized successfully
[2025-11-05 08:02:33]Processing action: get_dtmf, User ID: 7, Session data: {"csrf_token":"365fbcdc174ca126c4cc4cea7e3ad54bf919a17de606593d8b1788f136ddee02","user_id":7,"username":"ldata","magnus_user_id":21}
[2025-11-05 08:02:43]Starting api.php
[2025-11-05 08:02:43]Database connection successful
[2025-11-05 08:02:43]MagnusBilling initialized successfully
[2025-11-05 08:02:43]Processing action: get_dtmf, User ID: 7, Session data: {"csrf_token":"365fbcdc174ca126c4cc4cea7e3ad54bf919a17de606593d8b1788f136ddee02","user_id":7,"username":"ldata","magnus_user_id":21}
[2025-11-05 08:02:53]Starting api.php
[2025-11-05 08:02:53]Database connection successful
[2025-11-05 08:02:53]MagnusBilling initialized successfully
[2025-11-05 08:02:53]Processing action: get_dtmf, User ID: 7, Session data: {"csrf_token":"365fbcdc174ca126c4cc4cea7e3ad54bf919a17de606593d8b1788f136ddee02","user_id":7,"username":"ldata","magnus_user_id":21}
[2025-11-05 08:03:03]Starting api.php
[2025-11-05 08:03:03]Database connection successful
[2025-11-05 08:03:03]MagnusBilling initialized successfully
[2025-11-05 08:03:03]Processing action: get_dtmf, User ID: 7, Session data: {"csrf_token":"365fbcdc174ca126c4cc4cea7e3ad54bf919a17de606593d8b1788f136ddee02","user_id":7,"username":"ldata","magnus_user_id":21}
[2025-11-05 08:03:13]Starting api.php
[2025-11-05 08:03:13]Database connection successful
[2025-11-05 08:03:13]MagnusBilling initialized successfully
[2025-11-05 08:03:13]Processing action: get_dtmf, User ID: 7, Session data: {"csrf_token":"365fbcdc174ca126c4cc4cea7e3ad54bf919a17de606593d8b1788f136ddee02","user_id":7,"username":"ldata","magnus_user_id":21}
[2025-11-05 08:03:23]Starting api.php
[2025-11-05 08:03:23]Database connection successful
[2025-11-05 08:03:23]MagnusBilling initialized successfully
[2025-11-05 08:03:23]Processing action: get_dtmf, User ID: 7, Session data: {"csrf_token":"365fbcdc174ca126c4cc4cea7e3ad54bf919a17de606593d8b1788f136ddee02","user_id":7,"username":"ldata","magnus_user_id":21}
[2025-11-05 08:03:33]Starting api.php
[2025-11-05 08:03:33]Database connection successful
[2025-11-05 08:03:33]MagnusBilling initialized successfully
[2025-11-05 08:03:33]Processing action: get_dtmf, User ID: 7, Session data: {"csrf_token":"365fbcdc174ca126c4cc4cea7e3ad54bf919a17de606593d8b1788f136ddee02","user_id":7,"username":"ldata","magnus_user_id":21}
[2025-11-05 08:03:43]Starting api.php
[2025-11-05 08:03:43]Database connection successful
[2025-11-05 08:03:43]MagnusBilling initialized successfully
[2025-11-05 08:03:43]Processing action: get_dtmf, User ID: 7, Session data: {"csrf_token":"365fbcdc174ca126c4cc4cea7e3ad54bf919a17de606593d8b1788f136ddee02","user_id":7,"username":"ldata","magnus_user_id":21}
[2025-11-05 08:03:53]Starting api.php
[2025-11-05 08:03:53]Database connection successful
[2025-11-05 08:03:53]MagnusBilling initialized successfully
[2025-11-05 08:03:53]Processing action: get_dtmf, User ID: 7, Session data: {"csrf_token":"365fbcdc174ca126c4cc4cea7e3ad54bf919a17de606593d8b1788f136ddee02","user_id":7,"username":"ldata","magnus_user_id":21}
[2025-11-05 08:04:03]Starting api.php
[2025-11-05 08:04:03]Database connection successful
[2025-11-05 08:04:03]MagnusBilling initialized successfully
[2025-11-05 08:04:03]Processing action: get_dtmf, User ID: 7, Session data: {"csrf_token":"365fbcdc174ca126c4cc4cea7e3ad54bf919a17de606593d8b1788f136ddee02","user_id":7,"username":"ldata","magnus_user_id":21}
[2025-11-05 08:04:13]Starting api.php
[2025-11-05 08:04:13]Database connection successful
[2025-11-05 08:04:13]MagnusBilling initialized successfully
[2025-11-05 08:04:13]Processing action: get_dtmf, User ID: 7, Session data: {"csrf_token":"365fbcdc174ca126c4cc4cea7e3ad54bf919a17de606593d8b1788f136ddee02","user_id":7,"username":"ldata","magnus_user_id":21}
[2025-11-05 08:04:23]Starting api.php
[2025-11-05 08:04:23]Database connection successful
[2025-11-05 08:04:23]MagnusBilling initialized successfully
[2025-11-05 08:04:23]Processing action: get_dtmf, User ID: 7, Session data: {"csrf_token":"365fbcdc174ca126c4cc4cea7e3ad54bf919a17de606593d8b1788f136ddee02","user_id":7,"username":"ldata","magnus_user_id":21}
[2025-11-05 08:04:33]Starting api.php
[2025-11-05 08:04:33]Database connection successful
[2025-11-05 08:04:33]MagnusBilling initialized successfully
[2025-11-05 08:04:33]Processing action: get_dtmf, User ID: 7, Session data: {"csrf_token":"365fbcdc174ca126c4cc4cea7e3ad54bf919a17de606593d8b1788f136ddee02","user_id":7,"username":"ldata","magnus_user_id":21}
[2025-11-05 08:04:43]Starting api.php
[2025-11-05 08:04:43]Database connection successful
[2025-11-05 08:04:43]MagnusBilling initialized successfully
[2025-11-05 08:04:43]Processing action: get_dtmf, User ID: 7, Session data: {"csrf_token":"365fbcdc174ca126c4cc4cea7e3ad54bf919a17de606593d8b1788f136ddee02","user_id":7,"username":"ldata","magnus_user_id":21}
[2025-11-05 08:04:53]Starting api.php
[2025-11-05 08:04:53]Database connection successful
[2025-11-05 08:04:53]MagnusBilling initialized successfully
[2025-11-05 08:04:53]Processing action: get_dtmf, User ID: 7, Session data: {"csrf_token":"365fbcdc174ca126c4cc4cea7e3ad54bf919a17de606593d8b1788f136ddee02","user_id":7,"username":"ldata","magnus_user_id":21}
[2025-11-05 08:05:03]Starting api.php
[2025-11-05 08:05:03]Database connection successful
[2025-11-05 08:05:03]MagnusBilling initialized successfully
[2025-11-05 08:05:03]Processing action: get_dtmf, User ID: 7, Session data: {"csrf_token":"365fbcdc174ca126c4cc4cea7e3ad54bf919a17de606593d8b1788f136ddee02","user_id":7,"username":"ldata","magnus_user_id":21}
[2025-11-05 08:05:13]Starting api.php
[2025-11-05 08:05:13]Database connection successful
[2025-11-05 08:05:13]MagnusBilling initialized successfully
[2025-11-05 08:05:13]Processing action: get_dtmf, User ID: 7, Session data: {"csrf_token":"365fbcdc174ca126c4cc4cea7e3ad54bf919a17de606593d8b1788f136ddee02","user_id":7,"username":"ldata","magnus_user_id":21}
[2025-11-05 08:05:24]Starting api.php
[2025-11-05 08:05:24]Database connection successful
[2025-11-05 08:05:24]MagnusBilling initialized successfully
[2025-11-05 08:05:24]Processing action: get_contacts, User ID: 7, Session data: {"csrf_token":"365fbcdc174ca126c4cc4cea7e3ad54bf919a17de606593d8b1788f136ddee02","user_id":7,"username":"ldata","magnus_user_id":21}
[2025-11-05 08:05:24]Fetched 3 contacts for user_id: 7
[2025-11-05 08:05:24]Starting api.php
[2025-11-05 08:05:24]Database connection successful
[2025-11-05 08:05:24]MagnusBilling initialized successfully
[2025-11-05 08:05:24]Processing action: get_sip_info, User ID: 7, Session data: {"csrf_token":"365fbcdc174ca126c4cc4cea7e3ad54bf919a17de606593d8b1788f136ddee02","user_id":7,"username":"ldata","magnus_user_id":21}
[2025-11-05 08:05:24]get_sip_info requested for user_id: 7
[2025-11-05 08:05:24]Fetched SIP info for user_id: 7, username: ldata, response: {"success":true,"sip_domain":"72.60.25.185","sip_username":"ldata","sip_password":"Data1017$$"}
[2025-11-05 08:21:17]Starting api.php
[2025-11-05 08:21:17]Database connection successful
[2025-11-05 08:21:17]MagnusBilling initialized successfully
[2025-11-05 08:21:17]Processing action: get_institutions, User ID: 7, Session data: {"csrf_token":"365fbcdc174ca126c4cc4cea7e3ad54bf919a17de606593d8b1788f136ddee02","user_id":7,"username":"ldata","magnus_user_id":21}
[2025-11-05 08:21:17]Fetched 1 institutions for user_id: 7
[2025-11-05 08:21:17]Starting api.php
[2025-11-05 08:21:17]Database connection successful
[2025-11-05 08:21:17]MagnusBilling initialized successfully
[2025-11-05 08:21:17]Processing action: get_contacts, User ID: 7, Session data: {"csrf_token":"365fbcdc174ca126c4cc4cea7e3ad54bf919a17de606593d8b1788f136ddee02","user_id":7,"username":"ldata","magnus_user_id":21}
[2025-11-05 08:21:18]Fetched 3 contacts for user_id: 7
[2025-11-05 08:21:18]Starting api.php
[2025-11-05 08:21:18]Database connection successful
[2025-11-05 08:21:18]MagnusBilling initialized successfully
[2025-11-05 08:21:18]Processing action: get_merchants, User ID: 7, Session data: {"csrf_token":"365fbcdc174ca126c4cc4cea7e3ad54bf919a17de606593d8b1788f136ddee02","user_id":7,"username":"ldata","magnus_user_id":21}
[2025-11-05 08:21:18]Fetched 1 merchants for user_id: 7
[2025-11-05 08:21:18]Starting api.php
[2025-11-05 08:21:18]Database connection successful
[2025-11-05 08:21:18]MagnusBilling initialized successfully
[2025-11-05 08:21:18]Processing action: get_ivr_profiles, User ID: 7, Session data: {"csrf_token":"365fbcdc174ca126c4cc4cea7e3ad54bf919a17de606593d8b1788f136ddee02","user_id":7,"username":"ldata","magnus_user_id":21}
[2025-11-05 08:21:18]Fetched 0 IVR profiles for user_id: 7
[2025-11-05 08:22:21]Starting api.php
[2025-11-05 08:22:21]Database connection successful
[2025-11-05 08:22:21]MagnusBilling initialized successfully
[2025-11-05 08:22:21]Processing action: get_contacts, User ID: 7, Session data: {"csrf_token":"365fbcdc174ca126c4cc4cea7e3ad54bf919a17de606593d8b1788f136ddee02","user_id":7,"username":"ldata","magnus_user_id":21}
[2025-11-05 08:22:21]Fetched 3 contacts for user_id: 7
[2025-11-05 08:22:21]Starting api.php
[2025-11-05 08:22:21]Database connection successful
[2025-11-05 08:22:21]MagnusBilling initialized successfully
[2025-11-05 08:22:21]Processing action: get_institutions, User ID: 7, Session data: {"csrf_token":"365fbcdc174ca126c4cc4cea7e3ad54bf919a17de606593d8b1788f136ddee02","user_id":7,"username":"ldata","magnus_user_id":21}
[2025-11-05 08:22:21]Fetched 1 institutions for user_id: 7
[2025-11-05 08:22:21]Starting api.php
[2025-11-05 08:22:21]Database connection successful
[2025-11-05 08:22:21]MagnusBilling initialized successfully
[2025-11-05 08:22:21]Processing action: get_ivr_profiles, User ID: 7, Session data: {"csrf_token":"365fbcdc174ca126c4cc4cea7e3ad54bf919a17de606593d8b1788f136ddee02","user_id":7,"username":"ldata","magnus_user_id":21}
[2025-11-05 08:22:21]Fetched 0 IVR profiles for user_id: 7
[2025-11-05 08:22:21]Starting api.php
[2025-11-05 08:22:21]Database connection successful
[2025-11-05 08:22:21]MagnusBilling initialized successfully
[2025-11-05 08:22:21]Processing action: get_merchants, User ID: 7, Session data: {"csrf_token":"365fbcdc174ca126c4cc4cea7e3ad54bf919a17de606593d8b1788f136ddee02","user_id":7,"username":"ldata","magnus_user_id":21}
[2025-11-05 08:22:21]Fetched 1 merchants for user_id: 7
[2025-11-05 08:24:14]Starting api.php
[2025-11-05 08:24:14]Database connection successful
[2025-11-05 08:24:14]MagnusBilling initialized successfully
[2025-11-05 08:24:14]Processing action: get_contacts, User ID: 7, Session data: {"csrf_token":"365fbcdc174ca126c4cc4cea7e3ad54bf919a17de606593d8b1788f136ddee02","user_id":7,"username":"ldata","magnus_user_id":21}
[2025-11-05 08:24:14]Fetched 3 contacts for user_id: 7
[2025-11-05 08:24:14]Starting api.php
[2025-11-05 08:24:14]Database connection successful
[2025-11-05 08:24:14]MagnusBilling initialized successfully
[2025-11-05 08:24:14]Processing action: get_merchants, User ID: 7, Session data: {"csrf_token":"365fbcdc174ca126c4cc4cea7e3ad54bf919a17de606593d8b1788f136ddee02","user_id":7,"username":"ldata","magnus_user_id":21}
[2025-11-05 08:24:14]Fetched 1 merchants for user_id: 7
[2025-11-05 08:24:14]Starting api.php
[2025-11-05 08:24:14]Database connection successful
[2025-11-05 08:24:14]MagnusBilling initialized successfully
[2025-11-05 08:24:14]Processing action: get_institutions, User ID: 7, Session data: {"csrf_token":"365fbcdc174ca126c4cc4cea7e3ad54bf919a17de606593d8b1788f136ddee02","user_id":7,"username":"ldata","magnus_user_id":21}
[2025-11-05 08:24:14]Fetched 1 institutions for user_id: 7
[2025-11-05 08:24:14]Starting api.php
[2025-11-05 08:24:14]Database connection successful
[2025-11-05 08:24:14]MagnusBilling initialized successfully
[2025-11-05 08:24:14]Processing action: get_ivr_profiles, User ID: 7, Session data: {"csrf_token":"365fbcdc174ca126c4cc4cea7e3ad54bf919a17de606593d8b1788f136ddee02","user_id":7,"username":"ldata","magnus_user_id":21}
[2025-11-05 08:24:14]Fetched 0 IVR profiles for user_id: 7
[2025-11-05 09:48:52]Starting api.php
[2025-11-05 09:48:52]Database connection successful
[2025-11-05 09:48:52]MagnusBilling initialized successfully
[2025-11-05 09:48:52]Processing action: get_contacts, User ID: 7, Session data: {"csrf_token":"365fbcdc174ca126c4cc4cea7e3ad54bf919a17de606593d8b1788f136ddee02","user_id":7,"username":"ldata","magnus_user_id":21}
[2025-11-05 09:48:52]Fetched 3 contacts for user_id: 7
[2025-11-05 09:48:52]Starting api.php
[2025-11-05 09:48:52]Database connection successful
[2025-11-05 09:48:52]MagnusBilling initialized successfully
[2025-11-05 09:48:52]Processing action: get_merchants, User ID: 7, Session data: {"csrf_token":"365fbcdc174ca126c4cc4cea7e3ad54bf919a17de606593d8b1788f136ddee02","user_id":7,"username":"ldata","magnus_user_id":21}
[2025-11-05 09:48:52]Fetched 1 merchants for user_id: 7
[2025-11-05 09:48:52]Starting api.php
[2025-11-05 09:48:52]Database connection successful
[2025-11-05 09:48:52]MagnusBilling initialized successfully
[2025-11-05 09:48:52]Processing action: get_ivr_profiles, User ID: 7, Session data: {"csrf_token":"365fbcdc174ca126c4cc4cea7e3ad54bf919a17de606593d8b1788f136ddee02","user_id":7,"username":"ldata","magnus_user_id":21}
[2025-11-05 09:48:53]Fetched 0 IVR profiles for user_id: 7
[2025-11-05 09:48:53]Starting api.php
[2025-11-05 09:48:53]Database connection successful
[2025-11-05 09:48:53]MagnusBilling initialized successfully
[2025-11-05 09:48:53]Processing action: get_institutions, User ID: 7, Session data: {"csrf_token":"365fbcdc174ca126c4cc4cea7e3ad54bf919a17de606593d8b1788f136ddee02","user_id":7,"username":"ldata","magnus_user_id":21}
[2025-11-05 09:48:53]Fetched 1 institutions for user_id: 7
[2025-11-05 09:49:55]Starting api.php
[2025-11-05 09:49:55]Database connection successful
[2025-11-05 09:49:55]MagnusBilling initialized successfully
[2025-11-05 09:49:55]Processing action: get_contacts, User ID: 7, Session data: {"csrf_token":"365fbcdc174ca126c4cc4cea7e3ad54bf919a17de606593d8b1788f136ddee02","user_id":7,"username":"ldata","magnus_user_id":21}
[2025-11-05 09:49:55]Fetched 3 contacts for user_id: 7
[2025-11-05 09:49:55]Starting api.php
[2025-11-05 09:49:55]Database connection successful
[2025-11-05 09:49:55]MagnusBilling initialized successfully
[2025-11-05 09:49:55]Processing action: get_merchants, User ID: 7, Session data: {"csrf_token":"365fbcdc174ca126c4cc4cea7e3ad54bf919a17de606593d8b1788f136ddee02","user_id":7,"username":"ldata","magnus_user_id":21}
[2025-11-05 09:49:55]Fetched 1 merchants for user_id: 7
[2025-11-05 09:49:55]Starting api.php
[2025-11-05 09:49:55]Database connection successful
[2025-11-05 09:49:55]MagnusBilling initialized successfully
[2025-11-05 09:49:55]Processing action: get_ivr_profiles, User ID: 7, Session data: {"csrf_token":"365fbcdc174ca126c4cc4cea7e3ad54bf919a17de606593d8b1788f136ddee02","user_id":7,"username":"ldata","magnus_user_id":21}
[2025-11-05 09:49:55]Fetched 0 IVR profiles for user_id: 7
[2025-11-05 09:49:55]Starting api.php
[2025-11-05 09:49:55]Database connection successful
[2025-11-05 09:49:55]MagnusBilling initialized successfully
[2025-11-05 09:49:55]Processing action: get_institutions, User ID: 7, Session data: {"csrf_token":"365fbcdc174ca126c4cc4cea7e3ad54bf919a17de606593d8b1788f136ddee02","user_id":7,"username":"ldata","magnus_user_id":21}
[2025-11-05 09:49:55]Fetched 1 institutions for user_id: 7
[2025-11-05 09:50:49]Starting api.php
[2025-11-05 09:50:49]Database connection successful
[2025-11-05 09:50:49]MagnusBilling initialized successfully
[2025-11-05 09:50:49]Processing action: get_contacts, User ID: 7, Session data: {"csrf_token":"365fbcdc174ca126c4cc4cea7e3ad54bf919a17de606593d8b1788f136ddee02","user_id":7,"username":"ldata","magnus_user_id":21}
[2025-11-05 09:50:49]Fetched 3 contacts for user_id: 7
[2025-11-05 09:50:49]Starting api.php
[2025-11-05 09:50:49]Database connection successful
[2025-11-05 09:50:49]MagnusBilling initialized successfully
[2025-11-05 09:50:49]Processing action: get_merchants, User ID: 7, Session data: {"csrf_token":"365fbcdc174ca126c4cc4cea7e3ad54bf919a17de606593d8b1788f136ddee02","user_id":7,"username":"ldata","magnus_user_id":21}
[2025-11-05 09:50:49]Fetched 1 merchants for user_id: 7
[2025-11-05 09:50:49]Starting api.php
[2025-11-05 09:50:49]Database connection successful
[2025-11-05 09:50:49]MagnusBilling initialized successfully
[2025-11-05 09:50:49]Processing action: get_ivr_profiles, User ID: 7, Session data: {"csrf_token":"365fbcdc174ca126c4cc4cea7e3ad54bf919a17de606593d8b1788f136ddee02","user_id":7,"username":"ldata","magnus_user_id":21}
[2025-11-05 09:50:49]Fetched 0 IVR profiles for user_id: 7
[2025-11-05 09:50:49]Starting api.php
[2025-11-05 09:50:49]Database connection successful
[2025-11-05 09:50:49]MagnusBilling initialized successfully
[2025-11-05 09:50:49]Processing action: get_institutions, User ID: 7, Session data: {"csrf_token":"365fbcdc174ca126c4cc4cea7e3ad54bf919a17de606593d8b1788f136ddee02","user_id":7,"username":"ldata","magnus_user_id":21}
[2025-11-05 09:50:49]Fetched 1 institutions for user_id: 7
[2025-11-05 09:51:27]Starting api.php
[2025-11-05 09:51:27]Database connection successful
[2025-11-05 09:51:27]MagnusBilling initialized successfully
[2025-11-05 09:51:27]Processing action: get_contacts, User ID: 7, Session data: {"csrf_token":"365fbcdc174ca126c4cc4cea7e3ad54bf919a17de606593d8b1788f136ddee02","user_id":7,"username":"ldata","magnus_user_id":21}
[2025-11-05 09:51:27]Fetched 3 contacts for user_id: 7
[2025-11-05 09:51:27]Starting api.php
[2025-11-05 09:51:27]Database connection successful
[2025-11-05 09:51:27]MagnusBilling initialized successfully
[2025-11-05 09:51:27]Processing action: get_merchants, User ID: 7, Session data: {"csrf_token":"365fbcdc174ca126c4cc4cea7e3ad54bf919a17de606593d8b1788f136ddee02","user_id":7,"username":"ldata","magnus_user_id":21}
[2025-11-05 09:51:27]Fetched 1 merchants for user_id: 7
[2025-11-05 09:51:27]Starting api.php
[2025-11-05 09:51:27]Database connection successful
[2025-11-05 09:51:27]MagnusBilling initialized successfully
[2025-11-05 09:51:27]Processing action: get_institutions, User ID: 7, Session data: {"csrf_token":"365fbcdc174ca126c4cc4cea7e3ad54bf919a17de606593d8b1788f136ddee02","user_id":7,"username":"ldata","magnus_user_id":21}
[2025-11-05 09:51:27]Fetched 1 institutions for user_id: 7
[2025-11-05 09:51:28]Starting api.php
[2025-11-05 09:51:28]Database connection successful
[2025-11-05 09:51:28]MagnusBilling initialized successfully
[2025-11-05 09:51:28]Processing action: get_ivr_profiles, User ID: 7, Session data: {"csrf_token":"365fbcdc174ca126c4cc4cea7e3ad54bf919a17de606593d8b1788f136ddee02","user_id":7,"username":"ldata","magnus_user_id":21}
[2025-11-05 09:51:28]Fetched 0 IVR profiles for user_id: 7
[2025-11-05 09:52:05]Starting api.php
[2025-11-05 09:52:05]Database connection successful
[2025-11-05 09:52:05]MagnusBilling initialized successfully
[2025-11-05 09:52:05]Processing action: get_contacts, User ID: 7, Session data: {"csrf_token":"365fbcdc174ca126c4cc4cea7e3ad54bf919a17de606593d8b1788f136ddee02","user_id":7,"username":"ldata","magnus_user_id":21}
[2025-11-05 09:52:05]Fetched 3 contacts for user_id: 7
[2025-11-05 09:52:05]Starting api.php
[2025-11-05 09:52:05]Database connection successful
[2025-11-05 09:52:05]MagnusBilling initialized successfully
[2025-11-05 09:52:05]Processing action: get_institutions, User ID: 7, Session data: {"csrf_token":"365fbcdc174ca126c4cc4cea7e3ad54bf919a17de606593d8b1788f136ddee02","user_id":7,"username":"ldata","magnus_user_id":21}
[2025-11-05 09:52:05]Fetched 1 institutions for user_id: 7
[2025-11-05 09:52:05]Starting api.php
[2025-11-05 09:52:05]Database connection successful
[2025-11-05 09:52:05]MagnusBilling initialized successfully
[2025-11-05 09:52:05]Processing action: get_ivr_profiles, User ID: 7, Session data: {"csrf_token":"365fbcdc174ca126c4cc4cea7e3ad54bf919a17de606593d8b1788f136ddee02","user_id":7,"username":"ldata","magnus_user_id":21}
[2025-11-05 09:52:05]Fetched 0 IVR profiles for user_id: 7
[2025-11-05 09:52:05]Starting api.php
[2025-11-05 09:52:05]Database connection successful
[2025-11-05 09:52:05]MagnusBilling initialized successfully
[2025-11-05 09:52:05]Processing action: get_merchants, User ID: 7, Session data: {"csrf_token":"365fbcdc174ca126c4cc4cea7e3ad54bf919a17de606593d8b1788f136ddee02","user_id":7,"username":"ldata","magnus_user_id":21}
[2025-11-05 09:52:05]Fetched 1 merchants for user_id: 7
[2025-11-05 11:23:03]Starting api.php
[2025-11-05 11:23:04]Database connection successful
[2025-11-05 11:23:04]MagnusBilling initialized successfully
[2025-11-05 11:23:04]Processing action: get_contacts, User ID: 7, Session data: {"csrf_token":"365fbcdc174ca126c4cc4cea7e3ad54bf919a17de606593d8b1788f136ddee02","user_id":7,"username":"ldata","magnus_user_id":21}
[2025-11-05 11:23:04]Fetched 3 contacts for user_id: 7
[2025-11-05 11:23:04]Starting api.php
[2025-11-05 11:23:04]Database connection successful
[2025-11-05 11:23:04]MagnusBilling initialized successfully
[2025-11-05 11:23:04]Processing action: get_ivr_profiles, User ID: 7, Session data: {"csrf_token":"365fbcdc174ca126c4cc4cea7e3ad54bf919a17de606593d8b1788f136ddee02","user_id":7,"username":"ldata","magnus_user_id":21}
[2025-11-05 11:23:04]Fetched 0 IVR profiles for user_id: 7
[2025-11-05 11:23:04]Starting api.php
[2025-11-05 11:23:04]Database connection successful
[2025-11-05 11:23:04]MagnusBilling initialized successfully
[2025-11-05 11:23:04]Processing action: get_merchants, User ID: 7, Session data: {"csrf_token":"365fbcdc174ca126c4cc4cea7e3ad54bf919a17de606593d8b1788f136ddee02","user_id":7,"username":"ldata","magnus_user_id":21}
[2025-11-05 11:23:04]Fetched 1 merchants for user_id: 7
[2025-11-05 11:23:04]Starting api.php
[2025-11-05 11:23:04]Database connection successful
[2025-11-05 11:23:04]MagnusBilling initialized successfully
[2025-11-05 11:23:04]Processing action: get_institutions, User ID: 7, Session data: {"csrf_token":"365fbcdc174ca126c4cc4cea7e3ad54bf919a17de606593d8b1788f136ddee02","user_id":7,"username":"ldata","magnus_user_id":21}
[2025-11-05 11:23:04]Fetched 1 institutions for user_id: 7
[2025-11-05 11:25:17]Starting api.php
[2025-11-05 11:25:17]Database connection successful
[2025-11-05 11:25:17]MagnusBilling initialized successfully
[2025-11-05 11:25:17]Processing action: get_contacts, User ID: 7, Session data: {"csrf_token":"365fbcdc174ca126c4cc4cea7e3ad54bf919a17de606593d8b1788f136ddee02","user_id":7,"username":"ldata","magnus_user_id":21}
[2025-11-05 11:25:17]Fetched 3 contacts for user_id: 7
[2025-11-05 11:25:17]Starting api.php
[2025-11-05 11:25:17]Database connection successful
[2025-11-05 11:25:17]MagnusBilling initialized successfully
[2025-11-05 11:25:17]Processing action: get_institutions, User ID: 7, Session data: {"csrf_token":"365fbcdc174ca126c4cc4cea7e3ad54bf919a17de606593d8b1788f136ddee02","user_id":7,"username":"ldata","magnus_user_id":21}
[2025-11-05 11:25:17]Fetched 1 institutions for user_id: 7
[2025-11-05 11:25:17]Starting api.php
[2025-11-05 11:25:17]Database connection successful
[2025-11-05 11:25:17]MagnusBilling initialized successfully
[2025-11-05 11:25:17]Processing action: get_merchants, User ID: 7, Session data: {"csrf_token":"365fbcdc174ca126c4cc4cea7e3ad54bf919a17de606593d8b1788f136ddee02","user_id":7,"username":"ldata","magnus_user_id":21}
[2025-11-05 11:25:17]Fetched 1 merchants for user_id: 7
[2025-11-05 11:25:17]Starting api.php
[2025-11-05 11:25:18]Database connection successful
[2025-11-05 11:25:18]MagnusBilling initialized successfully
[2025-11-05 11:25:18]Processing action: get_ivr_profiles, User ID: 7, Session data: {"csrf_token":"365fbcdc174ca126c4cc4cea7e3ad54bf919a17de606593d8b1788f136ddee02","user_id":7,"username":"ldata","magnus_user_id":21}
[2025-11-05 11:25:18]Fetched 0 IVR profiles for user_id: 7
[2025-11-05 11:26:22]Starting api.php
[2025-11-05 11:26:22]Database connection successful
[2025-11-05 11:26:22]MagnusBilling initialized successfully
[2025-11-05 11:26:22]Processing action: get_contacts, User ID: 7, Session data: {"csrf_token":"365fbcdc174ca126c4cc4cea7e3ad54bf919a17de606593d8b1788f136ddee02","user_id":7,"username":"ldata","magnus_user_id":21}
[2025-11-05 11:26:22]Fetched 3 contacts for user_id: 7
[2025-11-05 11:26:22]Starting api.php
[2025-11-05 11:26:22]Database connection successful
[2025-11-05 11:26:22]MagnusBilling initialized successfully
[2025-11-05 11:26:22]Processing action: get_institutions, User ID: 7, Session data: {"csrf_token":"365fbcdc174ca126c4cc4cea7e3ad54bf919a17de606593d8b1788f136ddee02","user_id":7,"username":"ldata","magnus_user_id":21}
[2025-11-05 11:26:22]Fetched 1 institutions for user_id: 7
[2025-11-05 11:26:22]Starting api.php
[2025-11-05 11:26:22]Database connection successful
[2025-11-05 11:26:22]MagnusBilling initialized successfully
[2025-11-05 11:26:22]Processing action: get_merchants, User ID: 7, Session data: {"csrf_token":"365fbcdc174ca126c4cc4cea7e3ad54bf919a17de606593d8b1788f136ddee02","user_id":7,"username":"ldata","magnus_user_id":21}
[2025-11-05 11:26:22]Fetched 1 merchants for user_id: 7
[2025-11-05 11:26:22]Starting api.php
[2025-11-05 11:26:22]Database connection successful
[2025-11-05 11:26:22]MagnusBilling initialized successfully
[2025-11-05 11:26:22]Processing action: get_ivr_profiles, User ID: 7, Session data: {"csrf_token":"365fbcdc174ca126c4cc4cea7e3ad54bf919a17de606593d8b1788f136ddee02","user_id":7,"username":"ldata","magnus_user_id":21}
[2025-11-05 11:26:22]Fetched 0 IVR profiles for user_id: 7
[2025-11-05 11:52:22]Starting api.php
[2025-11-05 11:52:22]Database connection successful
[2025-11-05 11:52:22]MagnusBilling initialized successfully
[2025-11-05 11:52:22]Processing action: get_contacts, User ID: 7, Session data: {"csrf_token":"365fbcdc174ca126c4cc4cea7e3ad54bf919a17de606593d8b1788f136ddee02","user_id":7,"username":"ldata","magnus_user_id":21}
[2025-11-05 11:52:22]Fetched 3 contacts for user_id: 7
[2025-11-05 11:52:22]Starting api.php
[2025-11-05 11:52:22]Database connection successful
[2025-11-05 11:52:22]MagnusBilling initialized successfully
[2025-11-05 11:52:22]Processing action: get_ivr_profiles, User ID: 7, Session data: {"csrf_token":"365fbcdc174ca126c4cc4cea7e3ad54bf919a17de606593d8b1788f136ddee02","user_id":7,"username":"ldata","magnus_user_id":21}
[2025-11-05 11:52:22]Fetched 0 IVR profiles for user_id: 7
[2025-11-05 11:52:22]Starting api.php
[2025-11-05 11:52:22]Database connection successful
[2025-11-05 11:52:22]MagnusBilling initialized successfully
[2025-11-05 11:52:22]Processing action: get_institutions, User ID: 7, Session data: {"csrf_token":"365fbcdc174ca126c4cc4cea7e3ad54bf919a17de606593d8b1788f136ddee02","user_id":7,"username":"ldata","magnus_user_id":21}
[2025-11-05 11:52:22]Fetched 1 institutions for user_id: 7
[2025-11-05 11:52:22]Starting api.php
[2025-11-05 11:52:22]Database connection successful
[2025-11-05 11:52:22]MagnusBilling initialized successfully
[2025-11-05 11:52:22]Processing action: get_merchants, User ID: 7, Session data: {"csrf_token":"365fbcdc174ca126c4cc4cea7e3ad54bf919a17de606593d8b1788f136ddee02","user_id":7,"username":"ldata","magnus_user_id":21}
[2025-11-05 11:52:22]Fetched 1 merchants for user_id: 7
[2025-11-05 11:52:53]Starting api.php
[2025-11-05 11:52:53]Database connection successful
[2025-11-05 11:52:53]MagnusBilling initialized successfully
[2025-11-05 11:52:53]Processing action: initiate_call, User ID: 7, Session data: {"csrf_token":"365fbcdc174ca126c4cc4cea7e3ad54bf919a17de606593d8b1788f136ddee02","user_id":7,"username":"ldata","magnus_user_id":21}
[2025-11-05 11:52:55]SIP USER NOT FOUND FOR [id=>20]
[2025-11-05 11:54:01]Starting api.php
[2025-11-05 11:54:01]Database connection successful
[2025-11-05 11:54:01]MagnusBilling initialized successfully
[2025-11-05 11:54:01]Processing action: initiate_call, User ID: 7, Session data: {"csrf_token":"365fbcdc174ca126c4cc4cea7e3ad54bf919a17de606593d8b1788f136ddee02","user_id":7,"username":"ldata","magnus_user_id":21}
[2025-11-05 11:54:05]SIP USER NOT FOUND FOR [id=>20]
[2025-11-05 11:54:48]Starting api.php
[2025-11-05 11:54:48]Database connection successful
[2025-11-05 11:54:48]MagnusBilling initialized successfully
[2025-11-05 11:54:48]Processing action: initiate_call, User ID: 7, Session data: {"csrf_token":"365fbcdc174ca126c4cc4cea7e3ad54bf919a17de606593d8b1788f136ddee02","user_id":7,"username":"ldata","magnus_user_id":21}
[2025-11-05 11:54:50]SIP USER NOT FOUND FOR [id=>20]
[2025-11-05 12:00:19]Starting api.php
[2025-11-05 12:00:19]Database connection successful
[2025-11-05 12:00:19]MagnusBilling initialized successfully
[2025-11-05 12:00:19]Processing action: initiate_call, User ID: 7, Session data: {"csrf_token":"365fbcdc174ca126c4cc4cea7e3ad54bf919a17de606593d8b1788f136ddee02","user_id":7,"username":"ldata","magnus_user_id":21}
[2025-11-05 12:00:21]SIP USER NOT FOUND FOR [id=>20]
[2025-11-05 12:02:11]Starting api.php
[2025-11-05 12:02:11]Database connection successful
[2025-11-05 12:02:11]MagnusBilling initialized successfully
[2025-11-05 12:02:11]Processing action: initiate_call, User ID: 7, Session data: {"csrf_token":"365fbcdc174ca126c4cc4cea7e3ad54bf919a17de606593d8b1788f136ddee02","user_id":7,"username":"ldata","magnus_user_id":21}
[2025-11-05 12:02:13]SIP USER NOT FOUND FOR [id=>20]{"success":true,"response":{"success":true,"result":{"id":20,"id_user":21,"SIP user":"ldata","callerid":"193093893802","Username":"ldata"}},"error":null}
[2025-11-05 12:02:13]783: Initiate call error: implode(): Argument #1 ($array) must be of type array, string given
[2025-11-05 12:04:00]Starting api.php
[2025-11-05 12:04:00]Database connection successful
[2025-11-05 12:04:00]MagnusBilling initialized successfully
[2025-11-05 12:04:00]Processing action: initiate_call, User ID: 7, Session data: {"csrf_token":"365fbcdc174ca126c4cc4cea7e3ad54bf919a17de606593d8b1788f136ddee02","user_id":7,"username":"ldata","magnus_user_id":21}
[2025-11-05 12:04:03]SIP USER NOT FOUND FOR [id=>20]{"success":true,"response":{"success":true,"result":{"id":20,"id_user":21,"SIP user":"ldata","callerid":"193093893802","Username":"ldata"}},"error":null}
[2025-11-05 12:04:44]Starting api.php
[2025-11-05 12:04:44]Database connection successful
[2025-11-05 12:04:44]MagnusBilling initialized successfully
[2025-11-05 12:04:44]Processing action: get_contacts, User ID: 7, Session data: {"csrf_token":"365fbcdc174ca126c4cc4cea7e3ad54bf919a17de606593d8b1788f136ddee02","user_id":7,"username":"ldata","magnus_user_id":21}
[2025-11-05 12:04:44]Fetched 3 contacts for user_id: 7
[2025-11-05 12:04:44]Starting api.php
[2025-11-05 12:04:44]Database connection successful
[2025-11-05 12:04:44]MagnusBilling initialized successfully
[2025-11-05 12:04:44]Processing action: get_merchants, User ID: 7, Session data: {"csrf_token":"365fbcdc174ca126c4cc4cea7e3ad54bf919a17de606593d8b1788f136ddee02","user_id":7,"username":"ldata","magnus_user_id":21}
[2025-11-05 12:04:44]Fetched 1 merchants for user_id: 7
[2025-11-05 12:04:44]Starting api.php
[2025-11-05 12:04:44]Database connection successful
[2025-11-05 12:04:44]MagnusBilling initialized successfully
[2025-11-05 12:04:44]Processing action: get_institutions, User ID: 7, Session data: {"csrf_token":"365fbcdc174ca126c4cc4cea7e3ad54bf919a17de606593d8b1788f136ddee02","user_id":7,"username":"ldata","magnus_user_id":21}
[2025-11-05 12:04:44]Fetched 1 institutions for user_id: 7
[2025-11-05 12:04:44]Starting api.php
[2025-11-05 12:04:44]Database connection successful
[2025-11-05 12:04:44]MagnusBilling initialized successfully
[2025-11-05 12:04:44]Processing action: get_ivr_profiles, User ID: 7, Session data: {"csrf_token":"365fbcdc174ca126c4cc4cea7e3ad54bf919a17de606593d8b1788f136ddee02","user_id":7,"username":"ldata","magnus_user_id":21}
[2025-11-05 12:04:44]Fetched 0 IVR profiles for user_id: 7
[2025-11-05 12:04:51]Starting api.php
[2025-11-05 12:04:51]Database connection successful
[2025-11-05 12:04:51]MagnusBilling initialized successfully
[2025-11-05 12:04:51]Processing action: initiate_call, User ID: 7, Session data: {"csrf_token":"365fbcdc174ca126c4cc4cea7e3ad54bf919a17de606593d8b1788f136ddee02","user_id":7,"username":"ldata","magnus_user_id":21}
[2025-11-05 12:04:52]SIP USER NOT FOUND FOR [id=>20]{"success":true,"response":{"success":true,"result":{"id":20,"id_user":21,"SIP user":"ldata","callerid":"193093893802","Username":"ldata"}},"error":null}ldata
[2025-11-05 12:05:50]Starting api.php
[2025-11-05 12:05:50]Database connection successful
[2025-11-05 12:05:50]MagnusBilling initialized successfully
[2025-11-05 12:05:50]Processing action: initiate_call, User ID: 7, Session data: {"csrf_token":"365fbcdc174ca126c4cc4cea7e3ad54bf919a17de606593d8b1788f136ddee02","user_id":7,"username":"ldata","magnus_user_id":21}
[2025-11-05 12:05:51]SIP USER NOT FOUND FOR [id=>20]{"success":true,"response":{"success":true,"result":{"id":20,"id_user":21,"SIP user":"ldata","callerid":"193093893802","Username":"ldata"}},"error":null}ldata
[2025-11-05 12:08:17]Starting api.php
[2025-11-05 12:08:17]Database connection successful
[2025-11-05 12:08:17]MagnusBilling initialized successfully
[2025-11-05 12:08:17]Processing action: initiate_call, User ID: 7, Session data: {"csrf_token":"365fbcdc174ca126c4cc4cea7e3ad54bf919a17de606593d8b1788f136ddee02","user_id":7,"username":"ldata","magnus_user_id":21}
[2025-11-05 12:08:19]666
[2025-11-05 12:08:19]669
[2025-11-05 12:08:19]672
[2025-11-05 12:08:19]SIP USER NOT FOUND FOR [id=>20]{"success":true,"response":{"success":true,"result":{"id":20,"id_user":21,"SIP user":"ldata","callerid":"193093893802","Username":"ldata"}},"error":null}ldata
[2025-11-05 12:09:01]Starting api.php
[2025-11-05 12:09:01]Database connection successful
[2025-11-05 12:09:01]MagnusBilling initialized successfully
[2025-11-05 12:09:01]Processing action: initiate_call, User ID: 7, Session data: {"csrf_token":"365fbcdc174ca126c4cc4cea7e3ad54bf919a17de606593d8b1788f136ddee02","user_id":7,"username":"ldata","magnus_user_id":21}
[2025-11-05 12:10:12]Starting api.php
[2025-11-05 12:10:12]Database connection successful
[2025-11-05 12:10:12]MagnusBilling initialized successfully
[2025-11-05 12:10:12]Processing action: initiate_call, User ID: 7, Session data: {"csrf_token":"365fbcdc174ca126c4cc4cea7e3ad54bf919a17de606593d8b1788f136ddee02","user_id":7,"username":"ldata","magnus_user_id":21}
[2025-11-05 12:10:31]Starting api.php
[2025-11-05 12:10:31]Database connection successful
[2025-11-05 12:10:31]MagnusBilling initialized successfully
[2025-11-05 12:10:31]Processing action: , User ID: 7, Session data: {"csrf_token":"365fbcdc174ca126c4cc4cea7e3ad54bf919a17de606593d8b1788f136ddee02","user_id":7,"username":"ldata","magnus_user_id":21}
[2025-11-05 12:10:31]Invalid action: 
[2025-11-05 12:10:50]Starting api.php
[2025-11-05 12:10:50]Database connection successful
[2025-11-05 12:10:50]MagnusBilling initialized successfully
[2025-11-05 12:10:50]Processing action: get_contacts, User ID: 7, Session data: {"csrf_token":"365fbcdc174ca126c4cc4cea7e3ad54bf919a17de606593d8b1788f136ddee02","user_id":7,"username":"ldata","magnus_user_id":21}
[2025-11-05 12:10:50]Fetched 3 contacts for user_id: 7
[2025-11-05 12:10:50]Starting api.php
[2025-11-05 12:10:50]Database connection successful
[2025-11-05 12:10:50]MagnusBilling initialized successfully
[2025-11-05 12:10:50]Processing action: get_merchants, User ID: 7, Session data: {"csrf_token":"365fbcdc174ca126c4cc4cea7e3ad54bf919a17de606593d8b1788f136ddee02","user_id":7,"username":"ldata","magnus_user_id":21}
[2025-11-05 12:10:50]Fetched 1 merchants for user_id: 7
[2025-11-05 12:10:50]Starting api.php
[2025-11-05 12:10:50]Database connection successful
[2025-11-05 12:10:50]MagnusBilling initialized successfully
[2025-11-05 12:10:50]Processing action: get_institutions, User ID: 7, Session data: {"csrf_token":"365fbcdc174ca126c4cc4cea7e3ad54bf919a17de606593d8b1788f136ddee02","user_id":7,"username":"ldata","magnus_user_id":21}
[2025-11-05 12:10:50]Fetched 1 institutions for user_id: 7
[2025-11-05 12:10:50]Starting api.php
[2025-11-05 12:10:50]Database connection successful
[2025-11-05 12:10:50]MagnusBilling initialized successfully
[2025-11-05 12:10:50]Processing action: get_ivr_profiles, User ID: 7, Session data: {"csrf_token":"365fbcdc174ca126c4cc4cea7e3ad54bf919a17de606593d8b1788f136ddee02","user_id":7,"username":"ldata","magnus_user_id":21}
[2025-11-05 12:10:50]Fetched 0 IVR profiles for user_id: 7
[2025-11-05 12:10:57]Starting api.php
[2025-11-05 12:10:57]Database connection successful
[2025-11-05 12:10:57]MagnusBilling initialized successfully
[2025-11-05 12:10:57]Processing action: initiate_call, User ID: 7, Session data: {"csrf_token":"365fbcdc174ca126c4cc4cea7e3ad54bf919a17de606593d8b1788f136ddee02","user_id":7,"username":"ldata","magnus_user_id":21}
[2025-11-05 12:11:34]Starting api.php
[2025-11-05 12:11:34]Database connection successful
[2025-11-05 12:11:34]MagnusBilling initialized successfully
[2025-11-05 12:11:34]Processing action: initiate_call, User ID: 7, Session data: {"csrf_token":"365fbcdc174ca126c4cc4cea7e3ad54bf919a17de606593d8b1788f136ddee02","user_id":7,"username":"ldata","magnus_user_id":21}
[2025-11-05 12:14:38]Starting api.php
[2025-11-05 12:14:38]Database connection successful
[2025-11-05 12:14:38]MagnusBilling initialized successfully
[2025-11-05 12:14:38]Processing action: get_contacts, User ID: 7, Session data: {"csrf_token":"da88f64ec0fa596759ba75df3004d053f6bef8ce557cead30b99ceb54e887ce8","user_id":7,"username":"ldata"}
[2025-11-05 12:14:38]Fetched 3 contacts for user_id: 7
[2025-11-05 12:14:38]Starting api.php
[2025-11-05 12:14:38]Database connection successful
[2025-11-05 12:14:38]MagnusBilling initialized successfully
[2025-11-05 12:14:38]Processing action: get_institutions, User ID: 7, Session data: {"csrf_token":"da88f64ec0fa596759ba75df3004d053f6bef8ce557cead30b99ceb54e887ce8","user_id":7,"username":"ldata"}
[2025-11-05 12:14:38]Fetched 1 institutions for user_id: 7
[2025-11-05 12:14:38]Starting api.php
[2025-11-05 12:14:38]Database connection successful
[2025-11-05 12:14:38]MagnusBilling initialized successfully
[2025-11-05 12:14:38]Processing action: get_ivr_profiles, User ID: 7, Session data: {"csrf_token":"da88f64ec0fa596759ba75df3004d053f6bef8ce557cead30b99ceb54e887ce8","user_id":7,"username":"ldata"}
[2025-11-05 12:14:38]Fetched 0 IVR profiles for user_id: 7
[2025-11-05 12:14:38]Starting api.php
[2025-11-05 12:14:38]Database connection successful
[2025-11-05 12:14:38]MagnusBilling initialized successfully
[2025-11-05 12:14:38]Processing action: get_merchants, User ID: 7, Session data: {"csrf_token":"da88f64ec0fa596759ba75df3004d053f6bef8ce557cead30b99ceb54e887ce8","user_id":7,"username":"ldata"}
[2025-11-05 12:14:38]Fetched 1 merchants for user_id: 7
[2025-11-05 12:14:43]Starting api.php
[2025-11-05 12:14:43]Database connection successful
[2025-11-05 12:14:43]MagnusBilling initialized successfully
[2025-11-05 12:14:43]Processing action: initiate_call, User ID: 7, Session data: {"csrf_token":"da88f64ec0fa596759ba75df3004d053f6bef8ce557cead30b99ceb54e887ce8","user_id":7,"username":"ldata"}
[2025-11-05 12:15:44]Starting api.php
[2025-11-05 12:15:44]Database connection successful
[2025-11-05 12:15:44]MagnusBilling initialized successfully
[2025-11-05 12:15:44]Processing action: initiate_call, User ID: 7, Session data: {"csrf_token":"da88f64ec0fa596759ba75df3004d053f6bef8ce557cead30b99ceb54e887ce8","user_id":7,"username":"ldata"}
[2025-11-05 12:15:54]Starting api.php
[2025-11-05 12:15:54]Database connection successful
[2025-11-05 12:15:54]MagnusBilling initialized successfully
[2025-11-05 12:15:54]Processing action: initiate_call, User ID: 7, Session data: {"csrf_token":"da88f64ec0fa596759ba75df3004d053f6bef8ce557cead30b99ceb54e887ce8","user_id":7,"username":"ldata"}
[2025-11-05 12:16:46]Starting api.php
[2025-11-05 12:16:46]Database connection successful
[2025-11-05 12:16:46]MagnusBilling initialized successfully
[2025-11-05 12:16:46]Processing action: get_merchants, User ID: 7, Session data: {"csrf_token":"da88f64ec0fa596759ba75df3004d053f6bef8ce557cead30b99ceb54e887ce8","user_id":7,"username":"ldata"}
[2025-11-05 12:16:46]Fetched 1 merchants for user_id: 7
[2025-11-05 12:16:46]Starting api.php
[2025-11-05 12:16:46]Database connection successful
[2025-11-05 12:16:46]MagnusBilling initialized successfully
[2025-11-05 12:16:46]Processing action: get_contacts, User ID: 7, Session data: {"csrf_token":"da88f64ec0fa596759ba75df3004d053f6bef8ce557cead30b99ceb54e887ce8","user_id":7,"username":"ldata"}
[2025-11-05 12:16:46]Fetched 3 contacts for user_id: 7
[2025-11-05 12:16:46]Starting api.php
[2025-11-05 12:16:46]Database connection successful
[2025-11-05 12:16:46]MagnusBilling initialized successfully
[2025-11-05 12:16:46]Processing action: get_institutions, User ID: 7, Session data: {"csrf_token":"da88f64ec0fa596759ba75df3004d053f6bef8ce557cead30b99ceb54e887ce8","user_id":7,"username":"ldata"}
[2025-11-05 12:16:46]Fetched 1 institutions for user_id: 7
[2025-11-05 12:16:46]Starting api.php
[2025-11-05 12:16:46]Database connection successful
[2025-11-05 12:16:46]MagnusBilling initialized successfully
[2025-11-05 12:16:46]Processing action: get_ivr_profiles, User ID: 7, Session data: {"csrf_token":"da88f64ec0fa596759ba75df3004d053f6bef8ce557cead30b99ceb54e887ce8","user_id":7,"username":"ldata"}
[2025-11-05 12:16:46]Fetched 0 IVR profiles for user_id: 7
[2025-11-05 12:16:49]Starting api.php
[2025-11-05 12:16:49]Database connection successful
[2025-11-05 12:16:49]MagnusBilling initialized successfully
[2025-11-05 12:16:49]Processing action: initiate_call, User ID: 7, Session data: {"csrf_token":"da88f64ec0fa596759ba75df3004d053f6bef8ce557cead30b99ceb54e887ce8","user_id":7,"username":"ldata"}
[2025-11-05 12:17:00]Starting api.php
[2025-11-05 12:17:00]Database connection successful
[2025-11-05 12:17:00]MagnusBilling initialized successfully
[2025-11-05 12:17:00]Processing action: initiate_call, User ID: 7, Session data: {"csrf_token":"da88f64ec0fa596759ba75df3004d053f6bef8ce557cead30b99ceb54e887ce8","user_id":7,"username":"ldata"}
[2025-11-05 12:17:56]Starting api.php
[2025-11-05 12:17:56]Database connection successful
[2025-11-05 12:17:56]MagnusBilling initialized successfully
[2025-11-05 12:17:56]Processing action: initiate_call, User ID: 7, Session data: {"csrf_token":"da88f64ec0fa596759ba75df3004d053f6bef8ce557cead30b99ceb54e887ce8","user_id":7,"username":"ldata"}
[2025-11-05 22:31:25]Starting api.php
[2025-11-05 22:31:25]Database connection successful
[2025-11-05 22:31:25]MagnusBilling initialized successfully
[2025-11-05 22:31:25]Processing action: get_contacts, User ID: 7, Session data: {"csrf_token":"9e567ecbe14387147011fe1fdd28386c3ac43e919e0423d2bebb7fcb6521a7cf","user_id":7,"username":"ldata"}
[2025-11-05 22:31:25]Fetched 3 contacts for user_id: 7
[2025-11-05 22:31:26]Starting api.php
[2025-11-05 22:31:26]Database connection successful
[2025-11-05 22:31:26]MagnusBilling initialized successfully
[2025-11-05 22:31:26]Processing action: get_institutions, User ID: 7, Session data: {"csrf_token":"9e567ecbe14387147011fe1fdd28386c3ac43e919e0423d2bebb7fcb6521a7cf","user_id":7,"username":"ldata"}
[2025-11-05 22:31:26]Fetched 1 institutions for user_id: 7
[2025-11-05 22:31:26]Starting api.php
[2025-11-05 22:31:26]Database connection successful
[2025-11-05 22:31:26]MagnusBilling initialized successfully
[2025-11-05 22:31:26]Processing action: get_merchants, User ID: 7, Session data: {"csrf_token":"9e567ecbe14387147011fe1fdd28386c3ac43e919e0423d2bebb7fcb6521a7cf","user_id":7,"username":"ldata"}
[2025-11-05 22:31:26]Fetched 1 merchants for user_id: 7
[2025-11-05 22:31:26]Starting api.php
[2025-11-05 22:31:26]Database connection successful
[2025-11-05 22:31:26]MagnusBilling initialized successfully
[2025-11-05 22:31:26]Processing action: get_ivr_profiles, User ID: 7, Session data: {"csrf_token":"9e567ecbe14387147011fe1fdd28386c3ac43e919e0423d2bebb7fcb6521a7cf","user_id":7,"username":"ldata"}
[2025-11-05 22:31:26]Fetched 0 IVR profiles for user_id: 7
[2025-11-05 22:31:49]Starting api.php
[2025-11-05 22:31:49]Database connection successful
[2025-11-05 22:31:49]MagnusBilling initialized successfully
[2025-11-05 22:31:49]Processing action: initiate_call, User ID: 7, Session data: {"csrf_token":"9e567ecbe14387147011fe1fdd28386c3ac43e919e0423d2bebb7fcb6521a7cf","user_id":7,"username":"ldata"}
[2025-11-05 22:33:16]Starting api.php
[2025-11-05 22:33:16]Database connection successful
[2025-11-05 22:33:16]MagnusBilling initialized successfully
[2025-11-05 22:33:16]Processing action: initiate_call, User ID: 7, Session data: {"csrf_token":"9e567ecbe14387147011fe1fdd28386c3ac43e919e0423d2bebb7fcb6521a7cf","user_id":7,"username":"ldata"}
[2025-11-05 22:35:49]Starting api.php
[2025-11-05 22:35:49]Database connection successful
[2025-11-05 22:35:49]MagnusBilling initialized successfully
[2025-11-05 22:35:49]Processing action: initiate_call, User ID: 7, Session data: {"csrf_token":"9e567ecbe14387147011fe1fdd28386c3ac43e919e0423d2bebb7fcb6521a7cf","user_id":7,"username":"ldata"}
[2025-11-05 22:35:49]reach-1
[2025-11-05 22:35:49]reach-2
[2025-11-05 22:35:49]reach-3
[2025-11-05 22:35:49]reach-5
[2025-11-05 22:36:37]Starting api.php
[2025-11-05 22:36:37]Database connection successful
[2025-11-05 22:36:37]MagnusBilling initialized successfully
[2025-11-05 22:36:37]Processing action: initiate_call, User ID: 7, Session data: {"csrf_token":"9e567ecbe14387147011fe1fdd28386c3ac43e919e0423d2bebb7fcb6521a7cf","user_id":7,"username":"ldata"}
[2025-11-05 22:36:37]reach-1
[2025-11-05 22:36:37]reach-2
[2025-11-05 22:36:37]reach-3
[2025-11-05 22:36:37]reach-5
[2025-11-05 22:36:37]reach-6
[2025-11-05 22:36:38]reach-676
[2025-11-05 22:37:12]CallManager Output: {"success":false,"response":"","error":"Invalid JSON response."}
[2025-11-05 22:37:12]721: Failed to initiate call: Invalid JSON response.
[2025-11-05 22:42:27]Starting api.php
[2025-11-05 22:42:27]Database connection successful
[2025-11-05 22:42:27]MagnusBilling initialized successfully
[2025-11-05 22:42:27]Processing action: initiate_call, User ID: 7, Session data: {"csrf_token":"9e567ecbe14387147011fe1fdd28386c3ac43e919e0423d2bebb7fcb6521a7cf","user_id":7,"username":"ldata"}
[2025-11-05 22:42:36]CallManager Output: {"success":true,"response":{"success":true,"output":{"success":true,"ami_response":{"response":"Success","actionid":"orig_690b85813040e","message":"Originate successfully queued"},"channel":"SIP\/2002-0000004a","error":null},"channel":"SIP\/2002-0000004a","cdr_uniqueid":"call_690b8580a7051"},"error":null}
[2025-11-05 22:42:36]CallManager Output(2): {"success":true,"output":{"success":true,"ami_response":{"response":"Success","actionid":"orig_690b85813040e","message":"Originate successfully queued"},"channel":"SIP\/2002-0000004a","error":null},"channel":"SIP\/2002-0000004a","cdr_uniqueid":"call_690b8580a7051"}
[2025-11-05 22:42:36]Initiated call: call_id=292, magnus_call_id=call_690b8580a7051, customer_number=2002, callback_method=softphone
[2025-11-05 22:42:38]Starting api.php
[2025-11-05 22:42:38]Database connection successful
[2025-11-05 22:42:38]MagnusBilling initialized successfully
[2025-11-05 22:42:38]Processing action: get_call_status, User ID: 7, Session data: {"csrf_token":"9e567ecbe14387147011fe1fdd28386c3ac43e919e0423d2bebb7fcb6521a7cf","user_id":7,"username":"ldata"}
[2025-11-05 22:42:40]Raw Call Stat: {"success":true,"response":{"success":true,"channel":"SIP\/2002-0000004a","status":"down","status_detail":null,"dtmf_input":null,"dtmf_updated_at":null,"dtmf_array":[false]},"error":null}
[2025-11-05 22:42:40]Failed to update DTMF input and Call Status into <calls> table
[2025-11-05 22:42:40]Starting api.php
[2025-11-05 22:42:40]Database connection successful
[2025-11-05 22:42:40]MagnusBilling initialized successfully
[2025-11-05 22:42:40]Processing action: get_call_status, User ID: 7, Session data: {"csrf_token":"9e567ecbe14387147011fe1fdd28386c3ac43e919e0423d2bebb7fcb6521a7cf","user_id":7,"username":"ldata"}
[2025-11-05 22:42:42]Raw Call Stat: {"success":true,"response":{"success":true,"channel":"SIP\/2002-0000004a","status":"down","status_detail":null,"dtmf_input":null,"dtmf_updated_at":null,"dtmf_array":[false]},"error":null}
[2025-11-05 22:42:42]Failed to update DTMF input and Call Status into <calls> table
[2025-11-05 22:42:42]Starting api.php
[2025-11-05 22:42:42]Database connection successful
[2025-11-05 22:42:42]MagnusBilling initialized successfully
[2025-11-05 22:42:42]Processing action: get_call_status, User ID: 7, Session data: {"csrf_token":"9e567ecbe14387147011fe1fdd28386c3ac43e919e0423d2bebb7fcb6521a7cf","user_id":7,"username":"ldata"}
[2025-11-05 22:42:43]Raw Call Stat: {"success":true,"response":{"success":true,"channel":"SIP\/2002-0000004a","status":"down","status_detail":null,"dtmf_input":null,"dtmf_updated_at":null,"dtmf_array":[false]},"error":null}
[2025-11-05 22:42:43]Failed to update DTMF input and Call Status into <calls> table
[2025-11-05 22:42:44]Starting api.php
[2025-11-05 22:42:44]Database connection successful
[2025-11-05 22:42:44]MagnusBilling initialized successfully
[2025-11-05 22:42:44]Processing action: get_call_status, User ID: 7, Session data: {"csrf_token":"9e567ecbe14387147011fe1fdd28386c3ac43e919e0423d2bebb7fcb6521a7cf","user_id":7,"username":"ldata"}
[2025-11-05 22:42:46]Raw Call Stat: {"success":true,"response":{"success":true,"channel":"SIP\/2002-0000004a","status":"down","status_detail":null,"dtmf_input":null,"dtmf_updated_at":null,"dtmf_array":[false]},"error":null}
[2025-11-05 22:42:46]Failed to update DTMF input and Call Status into <calls> table
[2025-11-05 22:42:46]Starting api.php
[2025-11-05 22:42:46]Database connection successful
[2025-11-05 22:42:46]MagnusBilling initialized successfully
[2025-11-05 22:42:46]Processing action: get_call_status, User ID: 7, Session data: {"csrf_token":"9e567ecbe14387147011fe1fdd28386c3ac43e919e0423d2bebb7fcb6521a7cf","user_id":7,"username":"ldata"}
[2025-11-05 22:42:48]Raw Call Stat: {"success":true,"response":{"success":true,"channel":"SIP\/2002-0000004a","status":"down","status_detail":null,"dtmf_input":null,"dtmf_updated_at":null,"dtmf_array":[false]},"error":null}
[2025-11-05 22:42:48]Failed to update DTMF input and Call Status into <calls> table
[2025-11-05 22:42:48]Starting api.php
[2025-11-05 22:42:48]Database connection successful
[2025-11-05 22:42:48]MagnusBilling initialized successfully
[2025-11-05 22:42:48]Processing action: get_call_status, User ID: 7, Session data: {"csrf_token":"9e567ecbe14387147011fe1fdd28386c3ac43e919e0423d2bebb7fcb6521a7cf","user_id":7,"username":"ldata"}
[2025-11-05 22:42:49]Raw Call Stat: {"success":true,"response":{"success":true,"channel":"SIP\/2002-0000004a","status":"down","status_detail":null,"dtmf_input":null,"dtmf_updated_at":null,"dtmf_array":[false]},"error":null}
[2025-11-05 22:42:49]Failed to update DTMF input and Call Status into <calls> table
[2025-11-05 22:42:50]Starting api.php
[2025-11-05 22:42:50]Database connection successful
[2025-11-05 22:42:50]MagnusBilling initialized successfully
[2025-11-05 22:42:50]Processing action: get_call_status, User ID: 7, Session data: {"csrf_token":"9e567ecbe14387147011fe1fdd28386c3ac43e919e0423d2bebb7fcb6521a7cf","user_id":7,"username":"ldata"}
[2025-11-05 22:42:51]Raw Call Stat: {"success":true,"response":{"success":true,"channel":"SIP\/2002-0000004a","status":"down","status_detail":null,"dtmf_input":null,"dtmf_updated_at":null,"dtmf_array":[false]},"error":null}
[2025-11-05 22:42:51]Failed to update DTMF input and Call Status into <calls> table
[2025-11-05 22:42:52]Starting api.php
[2025-11-05 22:42:52]Database connection successful
[2025-11-05 22:42:52]MagnusBilling initialized successfully
[2025-11-05 22:42:52]Processing action: get_call_status, User ID: 7, Session data: {"csrf_token":"9e567ecbe14387147011fe1fdd28386c3ac43e919e0423d2bebb7fcb6521a7cf","user_id":7,"username":"ldata"}
[2025-11-05 22:42:54]Raw Call Stat: {"success":true,"response":{"success":true,"channel":"SIP\/2002-0000004a","status":"down","status_detail":null,"dtmf_input":null,"dtmf_updated_at":null,"dtmf_array":[false]},"error":null}
[2025-11-05 22:42:54]Failed to update DTMF input and Call Status into <calls> table
[2025-11-05 22:42:54]Starting api.php
[2025-11-05 22:42:54]Database connection successful
[2025-11-05 22:42:54]MagnusBilling initialized successfully
[2025-11-05 22:42:54]Processing action: get_call_status, User ID: 7, Session data: {"csrf_token":"9e567ecbe14387147011fe1fdd28386c3ac43e919e0423d2bebb7fcb6521a7cf","user_id":7,"username":"ldata"}
[2025-11-05 22:42:55]Raw Call Stat: {"success":true,"response":{"success":true,"channel":"SIP\/2002-0000004a","status":"down","status_detail":null,"dtmf_input":null,"dtmf_updated_at":null,"dtmf_array":[false]},"error":null}
[2025-11-05 22:42:56]Failed to update DTMF input and Call Status into <calls> table
[2025-11-05 22:42:56]Starting api.php
[2025-11-05 22:42:56]Database connection successful
[2025-11-05 22:42:56]MagnusBilling initialized successfully
[2025-11-05 22:42:56]Processing action: get_call_status, User ID: 7, Session data: {"csrf_token":"9e567ecbe14387147011fe1fdd28386c3ac43e919e0423d2bebb7fcb6521a7cf","user_id":7,"username":"ldata"}
[2025-11-05 22:42:57]Raw Call Stat: {"success":true,"response":{"success":true,"channel":"SIP\/2002-0000004a","status":"down","status_detail":null,"dtmf_input":null,"dtmf_updated_at":null,"dtmf_array":[false]},"error":null}
[2025-11-05 22:42:58]Failed to update DTMF input and Call Status into <calls> table
[2025-11-05 22:42:58]Starting api.php
[2025-11-05 22:42:58]Database connection successful
[2025-11-05 22:42:58]MagnusBilling initialized successfully
[2025-11-05 22:42:58]Processing action: get_call_status, User ID: 7, Session data: {"csrf_token":"9e567ecbe14387147011fe1fdd28386c3ac43e919e0423d2bebb7fcb6521a7cf","user_id":7,"username":"ldata"}
[2025-11-05 22:43:00]Raw Call Stat: {"success":true,"response":{"success":true,"channel":"SIP\/2002-0000004a","status":"down","status_detail":null,"dtmf_input":null,"dtmf_updated_at":null,"dtmf_array":[false]},"error":null}
[2025-11-05 22:43:00]Failed to update DTMF input and Call Status into <calls> table
[2025-11-05 22:43:00]Starting api.php
[2025-11-05 22:43:00]Database connection successful
[2025-11-05 22:43:00]MagnusBilling initialized successfully
[2025-11-05 22:43:00]Processing action: get_call_status, User ID: 7, Session data: {"csrf_token":"9e567ecbe14387147011fe1fdd28386c3ac43e919e0423d2bebb7fcb6521a7cf","user_id":7,"username":"ldata"}
[2025-11-05 22:43:01]Raw Call Stat: {"success":true,"response":{"success":true,"channel":"SIP\/2002-0000004a","status":"down","status_detail":null,"dtmf_input":null,"dtmf_updated_at":null,"dtmf_array":[false]},"error":null}
[2025-11-05 22:43:01]Failed to update DTMF input and Call Status into <calls> table
[2025-11-05 22:43:02]Starting api.php
[2025-11-05 22:43:02]Database connection successful
[2025-11-05 22:43:02]MagnusBilling initialized successfully
[2025-11-05 22:43:02]Processing action: get_call_status, User ID: 7, Session data: {"csrf_token":"9e567ecbe14387147011fe1fdd28386c3ac43e919e0423d2bebb7fcb6521a7cf","user_id":7,"username":"ldata"}
[2025-11-05 22:43:06]Raw Call Stat: {"success":true,"response":{"success":true,"channel":"SIP\/2002-0000004a","status":"ended","status_detail":"Channel no longer exists","dtmf_input":null,"dtmf_updated_at":null,"dtmf_array":[false]},"error":null}
[2025-11-05 22:43:06]Failed to update DTMF input and Call Status into <calls> table
[2025-11-05 22:43:06]Starting api.php
[2025-11-05 22:43:06]Database connection successful
[2025-11-05 22:43:06]MagnusBilling initialized successfully
[2025-11-05 22:43:06]Processing action: get_call_status, User ID: 7, Session data: {"csrf_token":"9e567ecbe14387147011fe1fdd28386c3ac43e919e0423d2bebb7fcb6521a7cf","user_id":7,"username":"ldata"}
[2025-11-05 22:43:07]Raw Call Stat: {"success":true,"response":{"success":true,"channel":"SIP\/2002-0000004a","status":"ended","status_detail":"Channel no longer exists","dtmf_input":null,"dtmf_updated_at":null,"dtmf_array":[false]},"error":null}
[2025-11-05 22:43:07]Failed to update DTMF input and Call Status into <calls> table
[2025-11-05 22:43:08]Starting api.php
[2025-11-05 22:43:08]Database connection successful
[2025-11-05 22:43:08]MagnusBilling initialized successfully
[2025-11-05 22:43:08]Processing action: get_call_status, User ID: 7, Session data: {"csrf_token":"9e567ecbe14387147011fe1fdd28386c3ac43e919e0423d2bebb7fcb6521a7cf","user_id":7,"username":"ldata"}
[2025-11-05 22:43:09]Raw Call Stat: {"success":true,"response":{"success":true,"channel":"SIP\/2002-0000004a","status":"ended","status_detail":"Channel no longer exists","dtmf_input":null,"dtmf_updated_at":null,"dtmf_array":[false]},"error":null}
[2025-11-05 22:43:09]Failed to update DTMF input and Call Status into <calls> table
[2025-11-05 22:43:09]Starting api.php
[2025-11-05 22:43:09]Database connection successful
[2025-11-05 22:43:09]MagnusBilling initialized successfully
[2025-11-05 22:43:09]Processing action: get_call_status, User ID: 7, Session data: {"csrf_token":"9e567ecbe14387147011fe1fdd28386c3ac43e919e0423d2bebb7fcb6521a7cf","user_id":7,"username":"ldata"}
[2025-11-05 22:43:10]Raw Call Stat: {"success":true,"response":{"success":true,"channel":"SIP\/2002-0000004a","status":"ended","status_detail":"Channel no longer exists","dtmf_input":null,"dtmf_updated_at":null,"dtmf_array":[false]},"error":null}
[2025-11-05 22:43:10]Failed to update DTMF input and Call Status into <calls> table
[2025-11-05 22:43:10]Starting api.php
[2025-11-05 22:43:10]Database connection successful
[2025-11-05 22:43:10]MagnusBilling initialized successfully
[2025-11-05 22:43:10]Processing action: get_call_status, User ID: 7, Session data: {"csrf_token":"9e567ecbe14387147011fe1fdd28386c3ac43e919e0423d2bebb7fcb6521a7cf","user_id":7,"username":"ldata"}
[2025-11-05 22:43:12]Raw Call Stat: {"success":true,"response":{"success":true,"channel":"SIP\/2002-0000004a","status":"ended","status_detail":"Channel no longer exists","dtmf_input":null,"dtmf_updated_at":null,"dtmf_array":[false]},"error":null}
[2025-11-05 22:43:12]Failed to update DTMF input and Call Status into <calls> table
[2025-11-05 22:43:12]Starting api.php
[2025-11-05 22:43:12]Database connection successful
[2025-11-05 22:43:12]MagnusBilling initialized successfully
[2025-11-05 22:43:12]Processing action: get_call_status, User ID: 7, Session data: {"csrf_token":"9e567ecbe14387147011fe1fdd28386c3ac43e919e0423d2bebb7fcb6521a7cf","user_id":7,"username":"ldata"}
[2025-11-05 22:43:13]Raw Call Stat: {"success":true,"response":{"success":true,"channel":"SIP\/2002-0000004a","status":"ended","status_detail":"Channel no longer exists","dtmf_input":null,"dtmf_updated_at":null,"dtmf_array":[false]},"error":null}
[2025-11-05 22:43:14]Failed to update DTMF input and Call Status into <calls> table
[2025-11-05 22:43:14]Starting api.php
[2025-11-05 22:43:14]Database connection successful
[2025-11-05 22:43:14]MagnusBilling initialized successfully
[2025-11-05 22:43:14]Processing action: get_call_status, User ID: 7, Session data: {"csrf_token":"9e567ecbe14387147011fe1fdd28386c3ac43e919e0423d2bebb7fcb6521a7cf","user_id":7,"username":"ldata"}
[2025-11-05 22:43:15]Raw Call Stat: {"success":true,"response":{"success":true,"channel":"SIP\/2002-0000004a","status":"ended","status_detail":"Channel no longer exists","dtmf_input":null,"dtmf_updated_at":null,"dtmf_array":[false]},"error":null}
[2025-11-05 22:43:15]Failed to update DTMF input and Call Status into <calls> table
[2025-11-05 22:43:16]Starting api.php
[2025-11-05 22:43:16]Database connection successful
[2025-11-05 22:43:16]MagnusBilling initialized successfully
[2025-11-05 22:43:16]Processing action: get_call_status, User ID: 7, Session data: {"csrf_token":"9e567ecbe14387147011fe1fdd28386c3ac43e919e0423d2bebb7fcb6521a7cf","user_id":7,"username":"ldata"}
[2025-11-05 22:43:18]Raw Call Stat: {"success":true,"response":{"success":true,"channel":"SIP\/2002-0000004a","status":"ended","status_detail":"Channel no longer exists","dtmf_input":null,"dtmf_updated_at":null,"dtmf_array":[false]},"error":null}
[2025-11-05 22:43:18]Failed to update DTMF input and Call Status into <calls> table
[2025-11-05 22:43:18]Starting api.php
[2025-11-05 22:43:18]Database connection successful
[2025-11-05 22:43:18]MagnusBilling initialized successfully
[2025-11-05 22:43:18]Processing action: get_call_status, User ID: 7, Session data: {"csrf_token":"9e567ecbe14387147011fe1fdd28386c3ac43e919e0423d2bebb7fcb6521a7cf","user_id":7,"username":"ldata"}
[2025-11-05 22:43:19]Raw Call Stat: {"success":false,"response":"{\"success\":false,\"error\":\"Error:x: Read timeout Line: 424 File:\\\/var\\\/www\\\/html\\\/mbilling\\\/api\\\/call\\\/vendor\\\/marcelog\\\/pami\\\/src\\\/PAMI\\\/Client\\\/Impl\\\/ClientImpl.php\"}","error":"HTTP Error: 400"}
[2025-11-05 22:43:19]Failed to get call status: HTTP Error: 400
[2025-11-05 22:43:20]Starting api.php
[2025-11-05 22:43:20]Database connection successful
[2025-11-05 22:43:20]MagnusBilling initialized successfully
[2025-11-05 22:43:20]Processing action: get_call_status, User ID: 7, Session data: {"csrf_token":"9e567ecbe14387147011fe1fdd28386c3ac43e919e0423d2bebb7fcb6521a7cf","user_id":7,"username":"ldata"}
[2025-11-05 22:43:21]Raw Call Stat: {"success":true,"response":{"success":true,"channel":"SIP\/2002-0000004a","status":"ended","status_detail":"Channel no longer exists","dtmf_input":null,"dtmf_updated_at":null,"dtmf_array":[false]},"error":null}
[2025-11-05 22:43:22]Failed to update DTMF input and Call Status into <calls> table
[2025-11-05 22:43:22]Starting api.php
[2025-11-05 22:43:22]Database connection successful
[2025-11-05 22:43:22]MagnusBilling initialized successfully
[2025-11-05 22:43:22]Processing action: get_call_status, User ID: 7, Session data: {"csrf_token":"9e567ecbe14387147011fe1fdd28386c3ac43e919e0423d2bebb7fcb6521a7cf","user_id":7,"username":"ldata"}
[2025-11-05 22:43:23]Raw Call Stat: {"success":true,"response":{"success":true,"channel":"SIP\/2002-0000004a","status":"ended","status_detail":"Channel no longer exists","dtmf_input":null,"dtmf_updated_at":null,"dtmf_array":[false]},"error":null}
[2025-11-05 22:43:23]Failed to update DTMF input and Call Status into <calls> table
[2025-11-05 22:43:24]Starting api.php
[2025-11-05 22:43:24]Database connection successful
[2025-11-05 22:43:24]MagnusBilling initialized successfully
[2025-11-05 22:43:24]Processing action: get_call_status, User ID: 7, Session data: {"csrf_token":"9e567ecbe14387147011fe1fdd28386c3ac43e919e0423d2bebb7fcb6521a7cf","user_id":7,"username":"ldata"}
[2025-11-05 22:43:26]Raw Call Stat: {"success":true,"response":{"success":true,"channel":"SIP\/2002-0000004a","status":"ended","status_detail":"Channel no longer exists","dtmf_input":null,"dtmf_updated_at":null,"dtmf_array":[false]},"error":null}
[2025-11-05 22:43:26]Failed to update DTMF input and Call Status into <calls> table
[2025-11-05 22:43:26]Starting api.php
[2025-11-05 22:43:26]Database connection successful
[2025-11-05 22:43:26]MagnusBilling initialized successfully
[2025-11-05 22:43:26]Processing action: get_call_status, User ID: 7, Session data: {"csrf_token":"9e567ecbe14387147011fe1fdd28386c3ac43e919e0423d2bebb7fcb6521a7cf","user_id":7,"username":"ldata"}
[2025-11-05 22:43:28]Raw Call Stat: {"success":true,"response":{"success":true,"channel":"SIP\/2002-0000004a","status":"ended","status_detail":"Channel no longer exists","dtmf_input":null,"dtmf_updated_at":null,"dtmf_array":[false]},"error":null}
[2025-11-05 22:43:28]Failed to update DTMF input and Call Status into <calls> table
[2025-11-05 22:43:28]Starting api.php
[2025-11-05 22:43:28]Database connection successful
[2025-11-05 22:43:28]MagnusBilling initialized successfully
[2025-11-05 22:43:28]Processing action: get_call_status, User ID: 7, Session data: {"csrf_token":"9e567ecbe14387147011fe1fdd28386c3ac43e919e0423d2bebb7fcb6521a7cf","user_id":7,"username":"ldata"}
[2025-11-05 22:43:30]Raw Call Stat: {"success":true,"response":{"success":true,"channel":"SIP\/2002-0000004a","status":"ended","status_detail":"Channel no longer exists","dtmf_input":null,"dtmf_updated_at":null,"dtmf_array":[false]},"error":null}
[2025-11-05 22:43:30]Failed to update DTMF input and Call Status into <calls> table
[2025-11-05 22:43:30]Starting api.php
[2025-11-05 22:43:30]Database connection successful
[2025-11-05 22:43:30]MagnusBilling initialized successfully
[2025-11-05 22:43:30]Processing action: get_call_status, User ID: 7, Session data: {"csrf_token":"9e567ecbe14387147011fe1fdd28386c3ac43e919e0423d2bebb7fcb6521a7cf","user_id":7,"username":"ldata"}
[2025-11-05 22:43:31]Raw Call Stat: {"success":true,"response":{"success":true,"channel":"SIP\/2002-0000004a","status":"ended","status_detail":"Channel no longer exists","dtmf_input":null,"dtmf_updated_at":null,"dtmf_array":[false]},"error":null}
[2025-11-05 22:43:31]Failed to update DTMF input and Call Status into <calls> table
[2025-11-05 22:43:32]Starting api.php
[2025-11-05 22:43:32]Database connection successful
[2025-11-05 22:43:32]MagnusBilling initialized successfully
[2025-11-05 22:43:32]Processing action: get_call_status, User ID: 7, Session data: {"csrf_token":"9e567ecbe14387147011fe1fdd28386c3ac43e919e0423d2bebb7fcb6521a7cf","user_id":7,"username":"ldata"}
[2025-11-05 22:43:34]Raw Call Stat: {"success":true,"response":{"success":true,"channel":"SIP\/2002-0000004a","status":"ended","status_detail":"Channel no longer exists","dtmf_input":null,"dtmf_updated_at":null,"dtmf_array":[false]},"error":null}
[2025-11-05 22:43:34]Failed to update DTMF input and Call Status into <calls> table
[2025-11-05 22:43:34]Starting api.php
[2025-11-05 22:43:34]Database connection successful
[2025-11-05 22:43:34]MagnusBilling initialized successfully
[2025-11-05 22:43:34]Processing action: get_call_status, User ID: 7, Session data: {"csrf_token":"9e567ecbe14387147011fe1fdd28386c3ac43e919e0423d2bebb7fcb6521a7cf","user_id":7,"username":"ldata"}
[2025-11-05 22:43:35]Raw Call Stat: {"success":true,"response":{"success":true,"channel":"SIP\/2002-0000004a","status":"ended","status_detail":"Channel no longer exists","dtmf_input":null,"dtmf_updated_at":null,"dtmf_array":[false]},"error":null}
[2025-11-05 22:43:35]Failed to update DTMF input and Call Status into <calls> table
[2025-11-05 22:43:36]Starting api.php
[2025-11-05 22:43:36]Database connection successful
[2025-11-05 22:43:36]MagnusBilling initialized successfully
[2025-11-05 22:43:36]Processing action: get_call_status, User ID: 7, Session data: {"csrf_token":"9e567ecbe14387147011fe1fdd28386c3ac43e919e0423d2bebb7fcb6521a7cf","user_id":7,"username":"ldata"}
[2025-11-05 22:43:38]Raw Call Stat: {"success":true,"response":{"success":true,"channel":"SIP\/2002-0000004a","status":"ended","status_detail":"Channel no longer exists","dtmf_input":null,"dtmf_updated_at":null,"dtmf_array":[false]},"error":null}
[2025-11-05 22:43:38]Failed to update DTMF input and Call Status into <calls> table
[2025-11-05 22:43:38]Starting api.php
[2025-11-05 22:43:38]Database connection successful
[2025-11-05 22:43:38]MagnusBilling initialized successfully
[2025-11-05 22:43:38]Processing action: get_call_status, User ID: 7, Session data: {"csrf_token":"9e567ecbe14387147011fe1fdd28386c3ac43e919e0423d2bebb7fcb6521a7cf","user_id":7,"username":"ldata"}
[2025-11-05 22:43:39]Raw Call Stat: {"success":true,"response":{"success":true,"channel":"SIP\/2002-0000004a","status":"ended","status_detail":"Channel no longer exists","dtmf_input":null,"dtmf_updated_at":null,"dtmf_array":[false]},"error":null}
[2025-11-05 22:43:39]Failed to update DTMF input and Call Status into <calls> table
[2025-11-05 22:43:40]Starting api.php
[2025-11-05 22:43:40]Database connection successful
[2025-11-05 22:43:40]MagnusBilling initialized successfully
[2025-11-05 22:43:40]Processing action: get_call_status, User ID: 7, Session data: {"csrf_token":"9e567ecbe14387147011fe1fdd28386c3ac43e919e0423d2bebb7fcb6521a7cf","user_id":7,"username":"ldata"}
[2025-11-05 22:43:41]Raw Call Stat: {"success":true,"response":{"success":true,"channel":"SIP\/2002-0000004a","status":"ended","status_detail":"Channel no longer exists","dtmf_input":null,"dtmf_updated_at":null,"dtmf_array":[false]},"error":null}
[2025-11-05 22:43:41]Failed to update DTMF input and Call Status into <calls> table
[2025-11-05 22:43:42]Starting api.php
[2025-11-05 22:43:42]Database connection successful
[2025-11-05 22:43:42]MagnusBilling initialized successfully
[2025-11-05 22:43:42]Processing action: get_call_status, User ID: 7, Session data: {"csrf_token":"9e567ecbe14387147011fe1fdd28386c3ac43e919e0423d2bebb7fcb6521a7cf","user_id":7,"username":"ldata"}
[2025-11-05 22:43:43]Raw Call Stat: {"success":true,"response":{"success":true,"channel":"SIP\/2002-0000004a","status":"ended","status_detail":"Channel no longer exists","dtmf_input":null,"dtmf_updated_at":null,"dtmf_array":[false]},"error":null}
[2025-11-05 22:43:43]Failed to update DTMF input and Call Status into <calls> table
[2025-11-05 22:43:44]Starting api.php
[2025-11-05 22:43:44]Database connection successful
[2025-11-05 22:43:44]MagnusBilling initialized successfully
[2025-11-05 22:43:44]Processing action: get_call_status, User ID: 7, Session data: {"csrf_token":"9e567ecbe14387147011fe1fdd28386c3ac43e919e0423d2bebb7fcb6521a7cf","user_id":7,"username":"ldata"}
[2025-11-05 22:43:45]Raw Call Stat: {"success":true,"response":{"success":true,"channel":"SIP\/2002-0000004a","status":"ended","status_detail":"Channel no longer exists","dtmf_input":null,"dtmf_updated_at":null,"dtmf_array":[false]},"error":null}
[2025-11-05 22:43:45]Failed to update DTMF input and Call Status into <calls> table
[2025-11-05 22:43:46]Starting api.php
[2025-11-05 22:43:46]Database connection successful
[2025-11-05 22:43:46]MagnusBilling initialized successfully
[2025-11-05 22:43:46]Processing action: get_call_status, User ID: 7, Session data: {"csrf_token":"9e567ecbe14387147011fe1fdd28386c3ac43e919e0423d2bebb7fcb6521a7cf","user_id":7,"username":"ldata"}
[2025-11-05 22:43:47]Raw Call Stat: {"success":true,"response":{"success":true,"channel":"SIP\/2002-0000004a","status":"ended","status_detail":"Channel no longer exists","dtmf_input":null,"dtmf_updated_at":null,"dtmf_array":[false]},"error":null}
[2025-11-05 22:43:47]Failed to update DTMF input and Call Status into <calls> table
[2025-11-05 22:43:48]Starting api.php
[2025-11-05 22:43:48]Database connection successful
[2025-11-05 22:43:48]MagnusBilling initialized successfully
[2025-11-05 22:43:48]Processing action: get_call_status, User ID: 7, Session data: {"csrf_token":"9e567ecbe14387147011fe1fdd28386c3ac43e919e0423d2bebb7fcb6521a7cf","user_id":7,"username":"ldata"}
[2025-11-05 22:43:50]Raw Call Stat: {"success":true,"response":{"success":true,"channel":"SIP\/2002-0000004a","status":"ended","status_detail":"Channel no longer exists","dtmf_input":null,"dtmf_updated_at":null,"dtmf_array":[false]},"error":null}
[2025-11-05 22:43:50]Failed to update DTMF input and Call Status into <calls> table
[2025-11-05 22:43:50]Starting api.php
[2025-11-05 22:43:50]Database connection successful
[2025-11-05 22:43:50]MagnusBilling initialized successfully
[2025-11-05 22:43:50]Processing action: get_call_status, User ID: 7, Session data: {"csrf_token":"9e567ecbe14387147011fe1fdd28386c3ac43e919e0423d2bebb7fcb6521a7cf","user_id":7,"username":"ldata"}
[2025-11-05 22:43:51]Raw Call Stat: {"success":true,"response":{"success":true,"channel":"SIP\/2002-0000004a","status":"ended","status_detail":"Channel no longer exists","dtmf_input":null,"dtmf_updated_at":null,"dtmf_array":[false]},"error":null}
[2025-11-05 22:43:51]Failed to update DTMF input and Call Status into <calls> table
[2025-11-05 22:43:52]Starting api.php
[2025-11-05 22:43:52]Database connection successful
[2025-11-05 22:43:52]MagnusBilling initialized successfully
[2025-11-05 22:43:52]Processing action: get_call_status, User ID: 7, Session data: {"csrf_token":"9e567ecbe14387147011fe1fdd28386c3ac43e919e0423d2bebb7fcb6521a7cf","user_id":7,"username":"ldata"}
[2025-11-05 22:43:54]Raw Call Stat: {"success":true,"response":{"success":true,"channel":"SIP\/2002-0000004a","status":"ended","status_detail":"Channel no longer exists","dtmf_input":null,"dtmf_updated_at":null,"dtmf_array":[false]},"error":null}
[2025-11-05 22:43:54]Failed to update DTMF input and Call Status into <calls> table
[2025-11-05 22:43:54]Starting api.php
[2025-11-05 22:43:54]Database connection successful
[2025-11-05 22:43:54]MagnusBilling initialized successfully
[2025-11-05 22:43:54]Processing action: end_call, User ID: 7, Session data: {"csrf_token":"9e567ecbe14387147011fe1fdd28386c3ac43e919e0423d2bebb7fcb6521a7cf","user_id":7,"username":"ldata"}
[2025-11-05 22:43:55]CallManager Output: {"success":true,"response":{"success":true,"output":"No such channel"},"error":null}
[2025-11-05 22:43:55]Ended call: call_id=292, callChannel=SIP/2002-0000004a, CDR Uniqueid=call_690b8580a7051
[2025-11-05 22:43:55]Starting api.php
[2025-11-05 22:43:55]Database connection successful
[2025-11-05 22:43:55]MagnusBilling initialized successfully
[2025-11-05 22:43:55]Processing action: get_call_status, User ID: 7, Session data: {"csrf_token":"9e567ecbe14387147011fe1fdd28386c3ac43e919e0423d2bebb7fcb6521a7cf","user_id":7,"username":"ldata"}
[2025-11-05 22:43:57]Raw Call Stat: {"success":true,"response":{"success":true,"channel":"SIP\/2002-0000004a","status":"ended","status_detail":"Channel no longer exists","dtmf_input":null,"dtmf_updated_at":null,"dtmf_array":[false]},"error":null}
[2025-11-05 22:43:57]Failed to update DTMF input and Call Status into <calls> table
[2025-11-05 22:43:57]Starting api.php
[2025-11-05 22:43:57]Database connection successful
[2025-11-05 22:43:57]MagnusBilling initialized successfully
[2025-11-05 22:43:57]Processing action: get_call_status, User ID: 7, Session data: {"csrf_token":"9e567ecbe14387147011fe1fdd28386c3ac43e919e0423d2bebb7fcb6521a7cf","user_id":7,"username":"ldata"}
[2025-11-05 22:43:58]Raw Call Stat: {"success":true,"response":{"success":true,"channel":"SIP\/2002-0000004a","status":"ended","status_detail":"Channel no longer exists","dtmf_input":null,"dtmf_updated_at":null,"dtmf_array":[false]},"error":null}
[2025-11-05 22:43:58]Failed to update DTMF input and Call Status into <calls> table
[2025-11-05 22:43:58]Starting api.php
[2025-11-05 22:43:58]Database connection successful
[2025-11-05 22:43:58]MagnusBilling initialized successfully
[2025-11-05 22:43:58]Processing action: get_call_status, User ID: 7, Session data: {"csrf_token":"9e567ecbe14387147011fe1fdd28386c3ac43e919e0423d2bebb7fcb6521a7cf","user_id":7,"username":"ldata"}
[2025-11-05 22:44:00]Raw Call Stat: {"success":true,"response":{"success":true,"channel":"SIP\/2002-0000004a","status":"ended","status_detail":"Channel no longer exists","dtmf_input":null,"dtmf_updated_at":null,"dtmf_array":[false]},"error":null}
[2025-11-05 22:44:00]Failed to update DTMF input and Call Status into <calls> table
[2025-11-05 22:44:00]Starting api.php
[2025-11-05 22:44:00]Database connection successful
[2025-11-05 22:44:00]MagnusBilling initialized successfully
[2025-11-05 22:44:00]Processing action: get_call_status, User ID: 7, Session data: {"csrf_token":"9e567ecbe14387147011fe1fdd28386c3ac43e919e0423d2bebb7fcb6521a7cf","user_id":7,"username":"ldata"}
[2025-11-05 22:44:01]Raw Call Stat: {"success":true,"response":{"success":true,"channel":"SIP\/2002-0000004a","status":"ended","status_detail":"Channel no longer exists","dtmf_input":null,"dtmf_updated_at":null,"dtmf_array":[false]},"error":null}
[2025-11-05 22:44:02]Failed to update DTMF input and Call Status into <calls> table
[2025-11-05 22:44:02]Starting api.php
[2025-11-05 22:44:02]Database connection successful
[2025-11-05 22:44:02]MagnusBilling initialized successfully
[2025-11-05 22:44:02]Processing action: get_call_status, User ID: 7, Session data: {"csrf_token":"9e567ecbe14387147011fe1fdd28386c3ac43e919e0423d2bebb7fcb6521a7cf","user_id":7,"username":"ldata"}
[2025-11-05 22:44:06]Raw Call Stat: {"success":true,"response":{"success":true,"channel":"SIP\/2002-0000004a","status":"ended","status_detail":"Channel no longer exists","dtmf_input":null,"dtmf_updated_at":null,"dtmf_array":[false]},"error":null}
[2025-11-05 22:44:06]Failed to update DTMF input and Call Status into <calls> table
[2025-11-05 22:44:06]Starting api.php
[2025-11-05 22:44:06]Database connection successful
[2025-11-05 22:44:06]MagnusBilling initialized successfully
[2025-11-05 22:44:06]Processing action: get_call_status, User ID: 7, Session data: {"csrf_token":"9e567ecbe14387147011fe1fdd28386c3ac43e919e0423d2bebb7fcb6521a7cf","user_id":7,"username":"ldata"}
[2025-11-05 22:44:09]Raw Call Stat: {"success":true,"response":{"success":true,"channel":"SIP\/2002-0000004a","status":"ended","status_detail":"Channel no longer exists","dtmf_input":null,"dtmf_updated_at":null,"dtmf_array":[false]},"error":null}
[2025-11-05 22:44:09]Failed to update DTMF input and Call Status into <calls> table
[2025-11-05 22:44:09]Starting api.php
[2025-11-05 22:44:09]Database connection successful
[2025-11-05 22:44:09]MagnusBilling initialized successfully
[2025-11-05 22:44:09]Processing action: get_call_status, User ID: 7, Session data: {"csrf_token":"9e567ecbe14387147011fe1fdd28386c3ac43e919e0423d2bebb7fcb6521a7cf","user_id":7,"username":"ldata"}
[2025-11-05 22:44:10]Raw Call Stat: {"success":true,"response":{"success":true,"channel":"SIP\/2002-0000004a","status":"ended","status_detail":"Channel no longer exists","dtmf_input":null,"dtmf_updated_at":null,"dtmf_array":[false]},"error":null}
[2025-11-05 22:44:10]Failed to update DTMF input and Call Status into <calls> table
[2025-11-05 22:44:10]Starting api.php
[2025-11-05 22:44:10]Database connection successful
[2025-11-05 22:44:10]MagnusBilling initialized successfully
[2025-11-05 22:44:10]Processing action: get_call_status, User ID: 7, Session data: {"csrf_token":"9e567ecbe14387147011fe1fdd28386c3ac43e919e0423d2bebb7fcb6521a7cf","user_id":7,"username":"ldata"}
[2025-11-05 22:44:12]Raw Call Stat: {"success":true,"response":{"success":true,"channel":"SIP\/2002-0000004a","status":"ended","status_detail":"Channel no longer exists","dtmf_input":null,"dtmf_updated_at":null,"dtmf_array":[false]},"error":null}
[2025-11-05 22:44:12]Failed to update DTMF input and Call Status into <calls> table
[2025-11-05 22:44:12]Starting api.php
[2025-11-05 22:44:12]Database connection successful
[2025-11-05 22:44:12]MagnusBilling initialized successfully
[2025-11-05 22:44:12]Processing action: get_call_status, User ID: 7, Session data: {"csrf_token":"9e567ecbe14387147011fe1fdd28386c3ac43e919e0423d2bebb7fcb6521a7cf","user_id":7,"username":"ldata"}
[2025-11-05 22:44:13]Raw Call Stat: {"success":true,"response":{"success":true,"channel":"SIP\/2002-0000004a","status":"ended","status_detail":"Channel no longer exists","dtmf_input":null,"dtmf_updated_at":null,"dtmf_array":[false]},"error":null}
[2025-11-05 22:44:13]Failed to update DTMF input and Call Status into <calls> table
[2025-11-05 22:44:13]Starting api.php
[2025-11-05 22:44:13]Database connection successful
[2025-11-05 22:44:13]MagnusBilling initialized successfully
[2025-11-05 22:44:13]Processing action: get_call_status, User ID: 7, Session data: {"csrf_token":"9e567ecbe14387147011fe1fdd28386c3ac43e919e0423d2bebb7fcb6521a7cf","user_id":7,"username":"ldata"}
[2025-11-05 22:44:15]Raw Call Stat: {"success":true,"response":{"success":true,"channel":"SIP\/2002-0000004a","status":"ended","status_detail":"Channel no longer exists","dtmf_input":null,"dtmf_updated_at":null,"dtmf_array":[false]},"error":null}
[2025-11-05 22:44:15]Failed to update DTMF input and Call Status into <calls> table
[2025-11-05 22:44:15]Starting api.php
[2025-11-05 22:44:15]Database connection successful
[2025-11-05 22:44:15]MagnusBilling initialized successfully
[2025-11-05 22:44:15]Processing action: get_call_status, User ID: 7, Session data: {"csrf_token":"9e567ecbe14387147011fe1fdd28386c3ac43e919e0423d2bebb7fcb6521a7cf","user_id":7,"username":"ldata"}
[2025-11-05 22:44:16]Raw Call Stat: {"success":true,"response":{"success":true,"channel":"SIP\/2002-0000004a","status":"ended","status_detail":"Channel no longer exists","dtmf_input":null,"dtmf_updated_at":null,"dtmf_array":[false]},"error":null}
[2025-11-05 22:44:16]Failed to update DTMF input and Call Status into <calls> table
[2025-11-05 22:44:16]Starting api.php
[2025-11-05 22:44:16]Database connection successful
[2025-11-05 22:44:16]MagnusBilling initialized successfully
[2025-11-05 22:44:16]Processing action: get_call_status, User ID: 7, Session data: {"csrf_token":"9e567ecbe14387147011fe1fdd28386c3ac43e919e0423d2bebb7fcb6521a7cf","user_id":7,"username":"ldata"}
[2025-11-05 22:44:18]Raw Call Stat: {"success":true,"response":{"success":true,"channel":"SIP\/2002-0000004a","status":"ended","status_detail":"Channel no longer exists","dtmf_input":null,"dtmf_updated_at":null,"dtmf_array":[false]},"error":null}
[2025-11-05 22:44:18]Failed to update DTMF input and Call Status into <calls> table
[2025-11-05 22:44:18]Starting api.php
[2025-11-05 22:44:18]Database connection successful
[2025-11-05 22:44:18]MagnusBilling initialized successfully
[2025-11-05 22:44:18]Processing action: get_call_status, User ID: 7, Session data: {"csrf_token":"9e567ecbe14387147011fe1fdd28386c3ac43e919e0423d2bebb7fcb6521a7cf","user_id":7,"username":"ldata"}
[2025-11-05 22:44:19]Raw Call Stat: {"success":true,"response":{"success":true,"channel":"SIP\/2002-0000004a","status":"ended","status_detail":"Channel no longer exists","dtmf_input":null,"dtmf_updated_at":null,"dtmf_array":[false]},"error":null}
[2025-11-05 22:44:19]Failed to update DTMF input and Call Status into <calls> table
[2025-11-05 22:44:20]Starting api.php
[2025-11-05 22:44:20]Database connection successful
[2025-11-05 22:44:20]MagnusBilling initialized successfully
[2025-11-05 22:44:20]Processing action: get_call_status, User ID: 7, Session data: {"csrf_token":"9e567ecbe14387147011fe1fdd28386c3ac43e919e0423d2bebb7fcb6521a7cf","user_id":7,"username":"ldata"}
[2025-11-05 22:44:21]Raw Call Stat: {"success":true,"response":{"success":true,"channel":"SIP\/2002-0000004a","status":"ended","status_detail":"Channel no longer exists","dtmf_input":null,"dtmf_updated_at":null,"dtmf_array":[false]},"error":null}
[2025-11-05 22:44:22]Failed to update DTMF input and Call Status into <calls> table
[2025-11-05 22:44:22]Starting api.php
[2025-11-05 22:44:22]Database connection successful
[2025-11-05 22:44:22]MagnusBilling initialized successfully
[2025-11-05 22:44:22]Processing action: get_call_status, User ID: 7, Session data: {"csrf_token":"9e567ecbe14387147011fe1fdd28386c3ac43e919e0423d2bebb7fcb6521a7cf","user_id":7,"username":"ldata"}
[2025-11-05 22:44:23]Raw Call Stat: {"success":true,"response":{"success":true,"channel":"SIP\/2002-0000004a","status":"ended","status_detail":"Channel no longer exists","dtmf_input":null,"dtmf_updated_at":null,"dtmf_array":[false]},"error":null}
[2025-11-05 22:44:23]Failed to update DTMF input and Call Status into <calls> table
[2025-11-05 22:44:24]Starting api.php
[2025-11-05 22:44:24]Database connection successful
[2025-11-05 22:44:24]MagnusBilling initialized successfully
[2025-11-05 22:44:24]Processing action: get_contacts, User ID: 7, Session data: {"csrf_token":"9e567ecbe14387147011fe1fdd28386c3ac43e919e0423d2bebb7fcb6521a7cf","user_id":7,"username":"ldata"}
[2025-11-05 22:44:24]Fetched 3 contacts for user_id: 7
[2025-11-05 22:44:24]Starting api.php
[2025-11-05 22:44:24]Database connection successful
[2025-11-05 22:44:24]MagnusBilling initialized successfully
[2025-11-05 22:44:24]Processing action: get_institutions, User ID: 7, Session data: {"csrf_token":"9e567ecbe14387147011fe1fdd28386c3ac43e919e0423d2bebb7fcb6521a7cf","user_id":7,"username":"ldata"}
[2025-11-05 22:44:24]Fetched 1 institutions for user_id: 7
[2025-11-05 22:44:24]Starting api.php
[2025-11-05 22:44:24]Database connection successful
[2025-11-05 22:44:24]MagnusBilling initialized successfully
[2025-11-05 22:44:24]Processing action: get_merchants, User ID: 7, Session data: {"csrf_token":"9e567ecbe14387147011fe1fdd28386c3ac43e919e0423d2bebb7fcb6521a7cf","user_id":7,"username":"ldata"}
[2025-11-05 22:44:24]Fetched 1 merchants for user_id: 7
[2025-11-05 22:44:24]Starting api.php
[2025-11-05 22:44:24]Database connection successful
[2025-11-05 22:44:24]MagnusBilling initialized successfully
[2025-11-05 22:44:24]Processing action: get_ivr_profiles, User ID: 7, Session data: {"csrf_token":"9e567ecbe14387147011fe1fdd28386c3ac43e919e0423d2bebb7fcb6521a7cf","user_id":7,"username":"ldata"}
[2025-11-05 22:44:24]Fetched 0 IVR profiles for user_id: 7
[2025-11-05 22:44:36]Starting api.php
[2025-11-05 22:44:36]Database connection successful
[2025-11-05 22:44:36]MagnusBilling initialized successfully
[2025-11-05 22:44:36]Processing action: initiate_call, User ID: 7, Session data: {"csrf_token":"9e567ecbe14387147011fe1fdd28386c3ac43e919e0423d2bebb7fcb6521a7cf","user_id":7,"username":"ldata"}
[2025-11-05 22:44:43]CallManager Output: {"success":true,"response":{"success":true,"output":{"success":true,"ami_response":{"response":"Success","actionid":"orig_690b86024888e","message":"Originate successfully queued"},"channel":"SIP\/2002-0000004b","error":null},"channel":"SIP\/2002-0000004b","cdr_uniqueid":"call_690b8601ecdee"},"error":null}
[2025-11-05 22:44:43]CallManager Output(2): {"success":true,"output":{"success":true,"ami_response":{"response":"Success","actionid":"orig_690b86024888e","message":"Originate successfully queued"},"channel":"SIP\/2002-0000004b","error":null},"channel":"SIP\/2002-0000004b","cdr_uniqueid":"call_690b8601ecdee"}
[2025-11-05 22:44:43]Initiated call: call_id=293, magnus_call_id=call_690b8601ecdee, customer_number=2002, callback_method=softphone
[2025-11-05 22:44:45]Starting api.php
[2025-11-05 22:44:45]Database connection successful
[2025-11-05 22:44:45]MagnusBilling initialized successfully
[2025-11-05 22:44:45]Processing action: get_call_status, User ID: 7, Session data: {"csrf_token":"9e567ecbe14387147011fe1fdd28386c3ac43e919e0423d2bebb7fcb6521a7cf","user_id":7,"username":"ldata"}
[2025-11-05 22:44:46]Raw Call Stat: {"success":true,"response":{"success":true,"channel":"SIP\/2002-0000004b","status":"ringing","status_detail":"Call is ringing at the destination (not yet answered)","dtmf_input":null,"dtmf_updated_at":null,"dtmf_array":[false]},"error":null}
[2025-11-05 22:44:46]Failed to update DTMF input and Call Status into <calls> table
[2025-11-05 22:44:47]Starting api.php
[2025-11-05 22:44:47]Database connection successful
[2025-11-05 22:44:47]MagnusBilling initialized successfully
[2025-11-05 22:44:47]Processing action: get_call_status, User ID: 7, Session data: {"csrf_token":"9e567ecbe14387147011fe1fdd28386c3ac43e919e0423d2bebb7fcb6521a7cf","user_id":7,"username":"ldata"}
[2025-11-05 22:44:48]Raw Call Stat: {"success":false,"response":"{\"success\":false,\"error\":\"Error:x: Read timeout Line: 424 File:\\\/var\\\/www\\\/html\\\/mbilling\\\/api\\\/call\\\/vendor\\\/marcelog\\\/pami\\\/src\\\/PAMI\\\/Client\\\/Impl\\\/ClientImpl.php\"}","error":"HTTP Error: 400"}
[2025-11-05 22:44:48]Failed to get call status: HTTP Error: 400
[2025-11-05 22:44:49]Starting api.php
[2025-11-05 22:44:49]Database connection successful
[2025-11-05 22:44:49]MagnusBilling initialized successfully
[2025-11-05 22:44:49]Processing action: get_call_status, User ID: 7, Session data: {"csrf_token":"9e567ecbe14387147011fe1fdd28386c3ac43e919e0423d2bebb7fcb6521a7cf","user_id":7,"username":"ldata"}
[2025-11-05 22:44:50]Raw Call Stat: {"success":true,"response":{"success":true,"channel":"SIP\/2002-0000004b","status":"up","status_detail":"Call is active and answered - media is flowing","dtmf_input":null,"dtmf_updated_at":null,"dtmf_array":[false]},"error":null}
[2025-11-05 22:44:50]Failed to update DTMF input and Call Status into <calls> table
[2025-11-05 22:44:51]Starting api.php
[2025-11-05 22:44:51]Database connection successful
[2025-11-05 22:44:51]MagnusBilling initialized successfully
[2025-11-05 22:44:51]Processing action: get_call_status, User ID: 7, Session data: {"csrf_token":"9e567ecbe14387147011fe1fdd28386c3ac43e919e0423d2bebb7fcb6521a7cf","user_id":7,"username":"ldata"}
[2025-11-05 22:44:52]Raw Call Stat: {"success":true,"response":{"success":true,"channel":"SIP\/2002-0000004b","status":"up","status_detail":"Call is active and answered - media is flowing","dtmf_input":null,"dtmf_updated_at":null,"dtmf_array":[false]},"error":null}
[2025-11-05 22:44:52]Failed to update DTMF input and Call Status into <calls> table
[2025-11-05 22:44:53]Starting api.php
[2025-11-05 22:44:53]Database connection successful
[2025-11-05 22:44:53]MagnusBilling initialized successfully
[2025-11-05 22:44:53]Processing action: get_call_status, User ID: 7, Session data: {"csrf_token":"9e567ecbe14387147011fe1fdd28386c3ac43e919e0423d2bebb7fcb6521a7cf","user_id":7,"username":"ldata"}
[2025-11-05 22:44:54]Raw Call Stat: {"success":true,"response":{"success":true,"channel":"SIP\/2002-0000004b","status":"up","status_detail":"Call is active and answered - media is flowing","dtmf_input":null,"dtmf_updated_at":null,"dtmf_array":[false]},"error":null}
[2025-11-05 22:44:54]Failed to update DTMF input and Call Status into <calls> table
[2025-11-05 22:44:55]Starting api.php
[2025-11-05 22:44:55]Database connection successful
[2025-11-05 22:44:55]MagnusBilling initialized successfully
[2025-11-05 22:44:55]Processing action: get_call_status, User ID: 7, Session data: {"csrf_token":"9e567ecbe14387147011fe1fdd28386c3ac43e919e0423d2bebb7fcb6521a7cf","user_id":7,"username":"ldata"}
[2025-11-05 22:44:56]Raw Call Stat: {"success":true,"response":{"success":true,"channel":"SIP\/2002-0000004b","status":"up","status_detail":"Call is active and answered - media is flowing","dtmf_input":null,"dtmf_updated_at":null,"dtmf_array":[false]},"error":null}
[2025-11-05 22:44:56]Failed to update DTMF input and Call Status into <calls> table
[2025-11-05 22:44:57]Starting api.php
[2025-11-05 22:44:57]Database connection successful
[2025-11-05 22:44:57]MagnusBilling initialized successfully
[2025-11-05 22:44:57]Processing action: get_call_status, User ID: 7, Session data: {"csrf_token":"9e567ecbe14387147011fe1fdd28386c3ac43e919e0423d2bebb7fcb6521a7cf","user_id":7,"username":"ldata"}
[2025-11-05 22:44:58]Raw Call Stat: {"success":true,"response":{"success":true,"channel":"SIP\/2002-0000004b","status":"up","status_detail":"Call is active and answered - media is flowing","dtmf_input":null,"dtmf_updated_at":null,"dtmf_array":[false]},"error":null}
[2025-11-05 22:44:58]Failed to update DTMF input and Call Status into <calls> table
[2025-11-05 22:44:59]Starting api.php
[2025-11-05 22:44:59]Database connection successful
[2025-11-05 22:44:59]MagnusBilling initialized successfully
[2025-11-05 22:44:59]Processing action: get_call_status, User ID: 7, Session data: {"csrf_token":"9e567ecbe14387147011fe1fdd28386c3ac43e919e0423d2bebb7fcb6521a7cf","user_id":7,"username":"ldata"}
[2025-11-05 22:45:01]Raw Call Stat: {"success":true,"response":{"success":true,"channel":"SIP\/2002-0000004b","status":"up","status_detail":"Call is active and answered - media is flowing","dtmf_input":null,"dtmf_updated_at":null,"dtmf_array":[false]},"error":null}
[2025-11-05 22:45:01]Failed to update DTMF input and Call Status into <calls> table
[2025-11-05 22:45:01]Starting api.php
[2025-11-05 22:45:01]Database connection successful
[2025-11-05 22:45:01]MagnusBilling initialized successfully
[2025-11-05 22:45:01]Processing action: get_call_status, User ID: 7, Session data: {"csrf_token":"9e567ecbe14387147011fe1fdd28386c3ac43e919e0423d2bebb7fcb6521a7cf","user_id":7,"username":"ldata"}
[2025-11-05 22:45:04]Raw Call Stat: {"success":true,"response":{"success":true,"channel":"SIP\/2002-0000004b","status":"up","status_detail":"Call is active and answered - media is flowing","dtmf_input":null,"dtmf_updated_at":null,"dtmf_array":[false]},"error":null}
[2025-11-05 22:45:04]Failed to update DTMF input and Call Status into <calls> table
[2025-11-05 22:45:04]Starting api.php
[2025-11-05 22:45:04]Database connection successful
[2025-11-05 22:45:04]MagnusBilling initialized successfully
[2025-11-05 22:45:04]Processing action: get_call_status, User ID: 7, Session data: {"csrf_token":"9e567ecbe14387147011fe1fdd28386c3ac43e919e0423d2bebb7fcb6521a7cf","user_id":7,"username":"ldata"}
[2025-11-05 22:45:08]Raw Call Stat: {"success":true,"response":{"success":true,"channel":"SIP\/2002-0000004b","status":"up","status_detail":"Call is active and answered - media is flowing","dtmf_input":"2","dtmf_updated_at":"2025-11-05 17:15:07","dtmf_array":{"dtmf_input":"2","updated_at":"2025-11-05 17:15:07"}},"error":null}
[2025-11-05 22:45:08]Failed to update DTMF input and Call Status into <calls> table
[2025-11-05 22:45:08]Starting api.php
[2025-11-05 22:45:08]Database connection successful
[2025-11-05 22:45:08]MagnusBilling initialized successfully
[2025-11-05 22:45:08]Processing action: get_call_status, User ID: 7, Session data: {"csrf_token":"9e567ecbe14387147011fe1fdd28386c3ac43e919e0423d2bebb7fcb6521a7cf","user_id":7,"username":"ldata"}
[2025-11-05 22:45:09]Raw Call Stat: {"success":true,"response":{"success":true,"channel":"SIP\/2002-0000004b","status":"up","status_detail":"Call is active and answered - media is flowing","dtmf_input":"2","dtmf_updated_at":"2025-11-05 17:15:07","dtmf_array":{"dtmf_input":"2","updated_at":"2025-11-05 17:15:07"}},"error":null}
[2025-11-05 22:45:09]Failed to update DTMF input and Call Status into <calls> table
[2025-11-05 22:45:10]Starting api.php
[2025-11-05 22:45:10]Database connection successful
[2025-11-05 22:45:10]MagnusBilling initialized successfully
[2025-11-05 22:45:10]Processing action: get_call_status, User ID: 7, Session data: {"csrf_token":"9e567ecbe14387147011fe1fdd28386c3ac43e919e0423d2bebb7fcb6521a7cf","user_id":7,"username":"ldata"}
[2025-11-05 22:45:11]Raw Call Stat: {"success":true,"response":{"success":true,"channel":"SIP\/2002-0000004b","status":"up","status_detail":"Call is active and answered - media is flowing","dtmf_input":"2","dtmf_updated_at":"2025-11-05 17:15:07","dtmf_array":{"dtmf_input":"2","updated_at":"2025-11-05 17:15:07"}},"error":null}
[2025-11-05 22:45:11]Failed to update DTMF input and Call Status into <calls> table
[2025-11-05 22:45:11]Starting api.php
[2025-11-05 22:45:11]Database connection successful
[2025-11-05 22:45:11]MagnusBilling initialized successfully
[2025-11-05 22:45:11]Processing action: get_call_status, User ID: 7, Session data: {"csrf_token":"9e567ecbe14387147011fe1fdd28386c3ac43e919e0423d2bebb7fcb6521a7cf","user_id":7,"username":"ldata"}
[2025-11-05 22:45:12]Raw Call Stat: {"success":true,"response":{"success":true,"channel":"SIP\/2002-0000004b","status":"up","status_detail":"Call is active and answered - media is flowing","dtmf_input":"2","dtmf_updated_at":"2025-11-05 17:15:07","dtmf_array":{"dtmf_input":"2","updated_at":"2025-11-05 17:15:07"}},"error":null}
[2025-11-05 22:45:12]Failed to update DTMF input and Call Status into <calls> table
[2025-11-05 22:45:12]Starting api.php
[2025-11-05 22:45:12]Database connection successful
[2025-11-05 22:45:12]MagnusBilling initialized successfully
[2025-11-05 22:45:12]Processing action: get_call_status, User ID: 7, Session data: {"csrf_token":"9e567ecbe14387147011fe1fdd28386c3ac43e919e0423d2bebb7fcb6521a7cf","user_id":7,"username":"ldata"}
[2025-11-05 22:45:13]Raw Call Stat: {"success":true,"response":{"success":true,"channel":"SIP\/2002-0000004b","status":"up","status_detail":"Call is active and answered - media is flowing","dtmf_input":"2","dtmf_updated_at":"2025-11-05 17:15:07","dtmf_array":{"dtmf_input":"2","updated_at":"2025-11-05 17:15:07"}},"error":null}
[2025-11-05 22:45:13]Failed to update DTMF input and Call Status into <calls> table
[2025-11-05 22:45:13]Starting api.php
[2025-11-05 22:45:13]Database connection successful
[2025-11-05 22:45:13]MagnusBilling initialized successfully
[2025-11-05 22:45:13]Processing action: get_call_status, User ID: 7, Session data: {"csrf_token":"9e567ecbe14387147011fe1fdd28386c3ac43e919e0423d2bebb7fcb6521a7cf","user_id":7,"username":"ldata"}
[2025-11-05 22:45:15]Raw Call Stat: {"success":true,"response":{"success":true,"channel":"SIP\/2002-0000004b","status":"up","status_detail":"Call is active and answered - media is flowing","dtmf_input":"2","dtmf_updated_at":"2025-11-05 17:15:07","dtmf_array":{"dtmf_input":"2","updated_at":"2025-11-05 17:15:07"}},"error":null}
[2025-11-05 22:45:15]Failed to update DTMF input and Call Status into <calls> table
[2025-11-05 22:45:15]Starting api.php
[2025-11-05 22:45:15]Database connection successful
[2025-11-05 22:45:15]MagnusBilling initialized successfully
[2025-11-05 22:45:15]Processing action: get_call_status, User ID: 7, Session data: {"csrf_token":"9e567ecbe14387147011fe1fdd28386c3ac43e919e0423d2bebb7fcb6521a7cf","user_id":7,"username":"ldata"}
[2025-11-05 22:45:17]Raw Call Stat: {"success":true,"response":{"success":true,"channel":"SIP\/2002-0000004b","status":"up","status_detail":"Call is active and answered - media is flowing","dtmf_input":"2","dtmf_updated_at":"2025-11-05 17:15:07","dtmf_array":{"dtmf_input":"2","updated_at":"2025-11-05 17:15:07"}},"error":null}
[2025-11-05 22:45:17]Failed to update DTMF input and Call Status into <calls> table
[2025-11-05 22:45:17]Starting api.php
[2025-11-05 22:45:17]Database connection successful
[2025-11-05 22:45:17]MagnusBilling initialized successfully
[2025-11-05 22:45:17]Processing action: get_call_status, User ID: 7, Session data: {"csrf_token":"9e567ecbe14387147011fe1fdd28386c3ac43e919e0423d2bebb7fcb6521a7cf","user_id":7,"username":"ldata"}
[2025-11-05 22:45:18]Raw Call Stat: {"success":true,"response":{"success":true,"channel":"SIP\/2002-0000004b","status":"up","status_detail":"Call is active and answered - media is flowing","dtmf_input":"2","dtmf_updated_at":"2025-11-05 17:15:07","dtmf_array":{"dtmf_input":"2","updated_at":"2025-11-05 17:15:07"}},"error":null}
[2025-11-05 22:45:18]Failed to update DTMF input and Call Status into <calls> table
[2025-11-05 22:45:19]Starting api.php
[2025-11-05 22:45:19]Database connection successful
[2025-11-05 22:45:19]MagnusBilling initialized successfully
[2025-11-05 22:45:19]Processing action: get_call_status, User ID: 7, Session data: {"csrf_token":"9e567ecbe14387147011fe1fdd28386c3ac43e919e0423d2bebb7fcb6521a7cf","user_id":7,"username":"ldata"}
[2025-11-05 22:45:20]Raw Call Stat: {"success":true,"response":{"success":true,"channel":"SIP\/2002-0000004b","status":"up","status_detail":"Call is active and answered - media is flowing","dtmf_input":"2","dtmf_updated_at":"2025-11-05 17:15:07","dtmf_array":{"dtmf_input":"2","updated_at":"2025-11-05 17:15:07"}},"error":null}
[2025-11-05 22:45:21]Failed to update DTMF input and Call Status into <calls> table
[2025-11-05 22:45:21]Starting api.php
[2025-11-05 22:45:21]Database connection successful
[2025-11-05 22:45:21]MagnusBilling initialized successfully
[2025-11-05 22:45:21]Processing action: get_call_status, User ID: 7, Session data: {"csrf_token":"9e567ecbe14387147011fe1fdd28386c3ac43e919e0423d2bebb7fcb6521a7cf","user_id":7,"username":"ldata"}
[2025-11-05 22:45:22]Raw Call Stat: {"success":true,"response":{"success":true,"channel":"SIP\/2002-0000004b","status":"up","status_detail":"Call is active and answered - media is flowing","dtmf_input":"2","dtmf_updated_at":"2025-11-05 17:15:07","dtmf_array":{"dtmf_input":"2","updated_at":"2025-11-05 17:15:07"}},"error":null}
[2025-11-05 22:45:22]Failed to update DTMF input and Call Status into <calls> table
[2025-11-05 22:45:23]Starting api.php
[2025-11-05 22:45:23]Database connection successful
[2025-11-05 22:45:23]MagnusBilling initialized successfully
[2025-11-05 22:45:23]Processing action: get_call_status, User ID: 7, Session data: {"csrf_token":"9e567ecbe14387147011fe1fdd28386c3ac43e919e0423d2bebb7fcb6521a7cf","user_id":7,"username":"ldata"}
[2025-11-05 22:45:24]Raw Call Stat: {"success":true,"response":{"success":true,"channel":"SIP\/2002-0000004b","status":"up","status_detail":"Call is active and answered - media is flowing","dtmf_input":"2","dtmf_updated_at":"2025-11-05 17:15:07","dtmf_array":{"dtmf_input":"2","updated_at":"2025-11-05 17:15:07"}},"error":null}
[2025-11-05 22:45:24]Failed to update DTMF input and Call Status into <calls> table
[2025-11-05 22:45:25]Starting api.php
[2025-11-05 22:45:25]Database connection successful
[2025-11-05 22:45:25]MagnusBilling initialized successfully
[2025-11-05 22:45:25]Processing action: get_call_status, User ID: 7, Session data: {"csrf_token":"9e567ecbe14387147011fe1fdd28386c3ac43e919e0423d2bebb7fcb6521a7cf","user_id":7,"username":"ldata"}
[2025-11-05 22:45:26]Raw Call Stat: {"success":true,"response":{"success":true,"channel":"SIP\/2002-0000004b","status":"up","status_detail":"Call is active and answered - media is flowing","dtmf_input":"2","dtmf_updated_at":"2025-11-05 17:15:07","dtmf_array":{"dtmf_input":"2","updated_at":"2025-11-05 17:15:07"}},"error":null}
[2025-11-05 22:45:26]Failed to update DTMF input and Call Status into <calls> table
[2025-11-05 22:45:27]Starting api.php
[2025-11-05 22:45:27]Database connection successful
[2025-11-05 22:45:27]MagnusBilling initialized successfully
[2025-11-05 22:45:27]Processing action: get_call_status, User ID: 7, Session data: {"csrf_token":"9e567ecbe14387147011fe1fdd28386c3ac43e919e0423d2bebb7fcb6521a7cf","user_id":7,"username":"ldata"}
[2025-11-05 22:45:28]Raw Call Stat: {"success":true,"response":{"success":true,"channel":"SIP\/2002-0000004b","status":"up","status_detail":"Call is active and answered - media is flowing","dtmf_input":"2","dtmf_updated_at":"2025-11-05 17:15:07","dtmf_array":{"dtmf_input":"2","updated_at":"2025-11-05 17:15:07"}},"error":null}
[2025-11-05 22:45:28]Failed to update DTMF input and Call Status into <calls> table
[2025-11-05 22:45:29]Starting api.php
[2025-11-05 22:45:29]Database connection successful
[2025-11-05 22:45:29]MagnusBilling initialized successfully
[2025-11-05 22:45:29]Processing action: get_call_status, User ID: 7, Session data: {"csrf_token":"9e567ecbe14387147011fe1fdd28386c3ac43e919e0423d2bebb7fcb6521a7cf","user_id":7,"username":"ldata"}
[2025-11-05 22:45:30]Raw Call Stat: {"success":false,"response":"{\"success\":false,\"error\":\"Error:x: Read timeout Line: 424 File:\\\/var\\\/www\\\/html\\\/mbilling\\\/api\\\/call\\\/vendor\\\/marcelog\\\/pami\\\/src\\\/PAMI\\\/Client\\\/Impl\\\/ClientImpl.php\"}","error":"HTTP Error: 400"}
[2025-11-05 22:45:30]Failed to get call status: HTTP Error: 400
[2025-11-05 22:45:31]Starting api.php
[2025-11-05 22:45:31]Database connection successful
[2025-11-05 22:45:31]MagnusBilling initialized successfully
[2025-11-05 22:45:31]Processing action: get_call_status, User ID: 7, Session data: {"csrf_token":"9e567ecbe14387147011fe1fdd28386c3ac43e919e0423d2bebb7fcb6521a7cf","user_id":7,"username":"ldata"}
[2025-11-05 22:45:32]Raw Call Stat: {"success":true,"response":{"success":true,"channel":"SIP\/2002-0000004b","status":"up","status_detail":"Call is active and answered - media is flowing","dtmf_input":"2","dtmf_updated_at":"2025-11-05 17:15:07","dtmf_array":{"dtmf_input":"2","updated_at":"2025-11-05 17:15:07"}},"error":null}
[2025-11-05 22:45:32]Failed to update DTMF input and Call Status into <calls> table
[2025-11-05 22:45:33]Starting api.php
[2025-11-05 22:45:33]Database connection successful
[2025-11-05 22:45:33]MagnusBilling initialized successfully
[2025-11-05 22:45:33]Processing action: get_call_status, User ID: 7, Session data: {"csrf_token":"9e567ecbe14387147011fe1fdd28386c3ac43e919e0423d2bebb7fcb6521a7cf","user_id":7,"username":"ldata"}
[2025-11-05 22:45:34]Raw Call Stat: {"success":true,"response":{"success":true,"channel":"SIP\/2002-0000004b","status":"up","status_detail":"Call is active and answered - media is flowing","dtmf_input":"2","dtmf_updated_at":"2025-11-05 17:15:07","dtmf_array":{"dtmf_input":"2","updated_at":"2025-11-05 17:15:07"}},"error":null}
[2025-11-05 22:45:34]Failed to update DTMF input and Call Status into <calls> table
[2025-11-05 22:45:35]Starting api.php
[2025-11-05 22:45:35]Database connection successful
[2025-11-05 22:45:35]MagnusBilling initialized successfully
[2025-11-05 22:45:35]Processing action: get_call_status, User ID: 7, Session data: {"csrf_token":"9e567ecbe14387147011fe1fdd28386c3ac43e919e0423d2bebb7fcb6521a7cf","user_id":7,"username":"ldata"}
[2025-11-05 22:45:36]Raw Call Stat: {"success":true,"response":{"success":true,"channel":"SIP\/2002-0000004b","status":"up","status_detail":"Call is active and answered - media is flowing","dtmf_input":"2","dtmf_updated_at":"2025-11-05 17:15:07","dtmf_array":{"dtmf_input":"2","updated_at":"2025-11-05 17:15:07"}},"error":null}
[2025-11-05 22:45:36]Failed to update DTMF input and Call Status into <calls> table
[2025-11-05 22:45:37]Starting api.php
[2025-11-05 22:45:37]Database connection successful
[2025-11-05 22:45:37]MagnusBilling initialized successfully
[2025-11-05 22:45:37]Processing action: get_call_status, User ID: 7, Session data: {"csrf_token":"9e567ecbe14387147011fe1fdd28386c3ac43e919e0423d2bebb7fcb6521a7cf","user_id":7,"username":"ldata"}
[2025-11-05 22:45:38]Raw Call Stat: {"success":true,"response":{"success":true,"channel":"SIP\/2002-0000004b","status":"up","status_detail":"Call is active and answered - media is flowing","dtmf_input":"2","dtmf_updated_at":"2025-11-05 17:15:07","dtmf_array":{"dtmf_input":"2","updated_at":"2025-11-05 17:15:07"}},"error":null}
[2025-11-05 22:45:38]Failed to update DTMF input and Call Status into <calls> table
[2025-11-05 22:45:39]Starting api.php
[2025-11-05 22:45:39]Database connection successful
[2025-11-05 22:45:39]MagnusBilling initialized successfully
[2025-11-05 22:45:39]Processing action: get_call_status, User ID: 7, Session data: {"csrf_token":"9e567ecbe14387147011fe1fdd28386c3ac43e919e0423d2bebb7fcb6521a7cf","user_id":7,"username":"ldata"}
[2025-11-05 22:45:40]Raw Call Stat: {"success":true,"response":{"success":true,"channel":"SIP\/2002-0000004b","status":"up","status_detail":"Call is active and answered - media is flowing","dtmf_input":"2","dtmf_updated_at":"2025-11-05 17:15:07","dtmf_array":{"dtmf_input":"2","updated_at":"2025-11-05 17:15:07"}},"error":null}
[2025-11-05 22:45:40]Failed to update DTMF input and Call Status into <calls> table
[2025-11-05 22:45:41]Starting api.php
[2025-11-05 22:45:41]Database connection successful
[2025-11-05 22:45:41]MagnusBilling initialized successfully
[2025-11-05 22:45:41]Processing action: get_call_status, User ID: 7, Session data: {"csrf_token":"9e567ecbe14387147011fe1fdd28386c3ac43e919e0423d2bebb7fcb6521a7cf","user_id":7,"username":"ldata"}
[2025-11-05 22:45:42]Raw Call Stat: {"success":true,"response":{"success":true,"channel":"SIP\/2002-0000004b","status":"up","status_detail":"Call is active and answered - media is flowing","dtmf_input":"2","dtmf_updated_at":"2025-11-05 17:15:07","dtmf_array":{"dtmf_input":"2","updated_at":"2025-11-05 17:15:07"}},"error":null}
[2025-11-05 22:45:42]Failed to update DTMF input and Call Status into <calls> table
[2025-11-05 22:45:43]Starting api.php
[2025-11-05 22:45:43]Database connection successful
[2025-11-05 22:45:43]MagnusBilling initialized successfully
[2025-11-05 22:45:43]Processing action: get_call_status, User ID: 7, Session data: {"csrf_token":"9e567ecbe14387147011fe1fdd28386c3ac43e919e0423d2bebb7fcb6521a7cf","user_id":7,"username":"ldata"}
[2025-11-05 22:45:44]Raw Call Stat: {"success":true,"response":{"success":true,"channel":"SIP\/2002-0000004b","status":"up","status_detail":"Call is active and answered - media is flowing","dtmf_input":"2","dtmf_updated_at":"2025-11-05 17:15:07","dtmf_array":{"dtmf_input":"2","updated_at":"2025-11-05 17:15:07"}},"error":null}
[2025-11-05 22:45:44]Failed to update DTMF input and Call Status into <calls> table
[2025-11-05 22:45:45]Starting api.php
[2025-11-05 22:45:45]Database connection successful
[2025-11-05 22:45:45]MagnusBilling initialized successfully
[2025-11-05 22:45:45]Processing action: get_call_status, User ID: 7, Session data: {"csrf_token":"9e567ecbe14387147011fe1fdd28386c3ac43e919e0423d2bebb7fcb6521a7cf","user_id":7,"username":"ldata"}
[2025-11-05 22:45:46]Raw Call Stat: {"success":true,"response":{"success":true,"channel":"SIP\/2002-0000004b","status":"up","status_detail":"Call is active and answered - media is flowing","dtmf_input":"2","dtmf_updated_at":"2025-11-05 17:15:07","dtmf_array":{"dtmf_input":"2","updated_at":"2025-11-05 17:15:07"}},"error":null}
[2025-11-05 22:45:46]Failed to update DTMF input and Call Status into <calls> table
[2025-11-05 22:45:47]Starting api.php
[2025-11-05 22:45:47]Database connection successful
[2025-11-05 22:45:47]MagnusBilling initialized successfully
[2025-11-05 22:45:47]Processing action: get_call_status, User ID: 7, Session data: {"csrf_token":"9e567ecbe14387147011fe1fdd28386c3ac43e919e0423d2bebb7fcb6521a7cf","user_id":7,"username":"ldata"}
[2025-11-05 22:45:49]Raw Call Stat: {"success":true,"response":{"success":true,"channel":"SIP\/2002-0000004b","status":"up","status_detail":"Call is active and answered - media is flowing","dtmf_input":"2","dtmf_updated_at":"2025-11-05 17:15:07","dtmf_array":{"dtmf_input":"2","updated_at":"2025-11-05 17:15:07"}},"error":null}
[2025-11-05 22:45:49]Failed to update DTMF input and Call Status into <calls> table
[2025-11-05 22:45:49]Starting api.php
[2025-11-05 22:45:49]Database connection successful
[2025-11-05 22:45:49]MagnusBilling initialized successfully
[2025-11-05 22:45:49]Processing action: get_call_status, User ID: 7, Session data: {"csrf_token":"9e567ecbe14387147011fe1fdd28386c3ac43e919e0423d2bebb7fcb6521a7cf","user_id":7,"username":"ldata"}
[2025-11-05 22:45:50]Raw Call Stat: {"success":true,"response":{"success":true,"channel":"SIP\/2002-0000004b","status":"up","status_detail":"Call is active and answered - media is flowing","dtmf_input":"2","dtmf_updated_at":"2025-11-05 17:15:07","dtmf_array":{"dtmf_input":"2","updated_at":"2025-11-05 17:15:07"}},"error":null}
[2025-11-05 22:45:50]Failed to update DTMF input and Call Status into <calls> table
[2025-11-05 22:45:51]Starting api.php
[2025-11-05 22:45:51]Database connection successful
[2025-11-05 22:45:51]MagnusBilling initialized successfully
[2025-11-05 22:45:51]Processing action: get_call_status, User ID: 7, Session data: {"csrf_token":"9e567ecbe14387147011fe1fdd28386c3ac43e919e0423d2bebb7fcb6521a7cf","user_id":7,"username":"ldata"}
[2025-11-05 22:45:52]Raw Call Stat: {"success":true,"response":{"success":true,"channel":"SIP\/2002-0000004b","status":"up","status_detail":"Call is active and answered - media is flowing","dtmf_input":"2","dtmf_updated_at":"2025-11-05 17:15:07","dtmf_array":{"dtmf_input":"2","updated_at":"2025-11-05 17:15:07"}},"error":null}
[2025-11-05 22:45:52]Failed to update DTMF input and Call Status into <calls> table
[2025-11-05 22:45:53]Starting api.php
[2025-11-05 22:45:53]Database connection successful
[2025-11-05 22:45:53]MagnusBilling initialized successfully
[2025-11-05 22:45:53]Processing action: get_call_status, User ID: 7, Session data: {"csrf_token":"9e567ecbe14387147011fe1fdd28386c3ac43e919e0423d2bebb7fcb6521a7cf","user_id":7,"username":"ldata"}
[2025-11-05 22:45:54]Raw Call Stat: {"success":true,"response":{"success":true,"channel":"SIP\/2002-0000004b","status":"up","status_detail":"Call is active and answered - media is flowing","dtmf_input":"2","dtmf_updated_at":"2025-11-05 17:15:07","dtmf_array":{"dtmf_input":"2","updated_at":"2025-11-05 17:15:07"}},"error":null}
[2025-11-05 22:45:54]Failed to update DTMF input and Call Status into <calls> table
[2025-11-05 22:45:55]Starting api.php
[2025-11-05 22:45:55]Database connection successful
[2025-11-05 22:45:55]MagnusBilling initialized successfully
[2025-11-05 22:45:55]Processing action: get_call_status, User ID: 7, Session data: {"csrf_token":"9e567ecbe14387147011fe1fdd28386c3ac43e919e0423d2bebb7fcb6521a7cf","user_id":7,"username":"ldata"}
[2025-11-05 22:45:56]Raw Call Stat: {"success":true,"response":{"success":true,"channel":"SIP\/2002-0000004b","status":"up","status_detail":"Call is active and answered - media is flowing","dtmf_input":"2","dtmf_updated_at":"2025-11-05 17:15:07","dtmf_array":{"dtmf_input":"2","updated_at":"2025-11-05 17:15:07"}},"error":null}
[2025-11-05 22:45:56]Failed to update DTMF input and Call Status into <calls> table
[2025-11-05 22:45:57]Starting api.php
[2025-11-05 22:45:57]Database connection successful
[2025-11-05 22:45:57]MagnusBilling initialized successfully
[2025-11-05 22:45:57]Processing action: get_call_status, User ID: 7, Session data: {"csrf_token":"9e567ecbe14387147011fe1fdd28386c3ac43e919e0423d2bebb7fcb6521a7cf","user_id":7,"username":"ldata"}
[2025-11-05 22:45:58]Raw Call Stat: {"success":true,"response":{"success":true,"channel":"SIP\/2002-0000004b","status":"up","status_detail":"Call is active and answered - media is flowing","dtmf_input":"2","dtmf_updated_at":"2025-11-05 17:15:07","dtmf_array":{"dtmf_input":"2","updated_at":"2025-11-05 17:15:07"}},"error":null}
[2025-11-05 22:45:58]Failed to update DTMF input and Call Status into <calls> table
[2025-11-05 22:45:59]Starting api.php
[2025-11-05 22:45:59]Database connection successful
[2025-11-05 22:45:59]MagnusBilling initialized successfully
[2025-11-05 22:45:59]Processing action: get_call_status, User ID: 7, Session data: {"csrf_token":"9e567ecbe14387147011fe1fdd28386c3ac43e919e0423d2bebb7fcb6521a7cf","user_id":7,"username":"ldata"}
[2025-11-05 22:46:00]Raw Call Stat: {"success":true,"response":{"success":true,"channel":"SIP\/2002-0000004b","status":"up","status_detail":"Call is active and answered - media is flowing","dtmf_input":"2","dtmf_updated_at":"2025-11-05 17:15:07","dtmf_array":{"dtmf_input":"2","updated_at":"2025-11-05 17:15:07"}},"error":null}
[2025-11-05 22:46:01]Failed to update DTMF input and Call Status into <calls> table
[2025-11-05 22:46:01]Starting api.php
[2025-11-05 22:46:01]Database connection successful
[2025-11-05 22:46:01]MagnusBilling initialized successfully
[2025-11-05 22:46:01]Processing action: get_call_status, User ID: 7, Session data: {"csrf_token":"9e567ecbe14387147011fe1fdd28386c3ac43e919e0423d2bebb7fcb6521a7cf","user_id":7,"username":"ldata"}
[2025-11-05 22:46:03]Raw Call Stat: {"success":true,"response":{"success":true,"channel":"SIP\/2002-0000004b","status":"up","status_detail":"Call is active and answered - media is flowing","dtmf_input":"2","dtmf_updated_at":"2025-11-05 17:15:07","dtmf_array":{"dtmf_input":"2","updated_at":"2025-11-05 17:15:07"}},"error":null}
[2025-11-05 22:46:03]Failed to update DTMF input and Call Status into <calls> table
[2025-11-05 22:46:03]Starting api.php
[2025-11-05 22:46:03]Database connection successful
[2025-11-05 22:46:03]MagnusBilling initialized successfully
[2025-11-05 22:46:03]Processing action: get_call_status, User ID: 7, Session data: {"csrf_token":"9e567ecbe14387147011fe1fdd28386c3ac43e919e0423d2bebb7fcb6521a7cf","user_id":7,"username":"ldata"}
[2025-11-05 22:46:09]Raw Call Stat: {"success":true,"response":{"success":true,"channel":"SIP\/2002-0000004b","status":"up","status_detail":"Call is active and answered - media is flowing","dtmf_input":"2","dtmf_updated_at":"2025-11-05 17:15:07","dtmf_array":{"dtmf_input":"2","updated_at":"2025-11-05 17:15:07"}},"error":null}
[2025-11-05 22:46:09]Failed to update DTMF input and Call Status into <calls> table
[2025-11-05 22:46:09]Starting api.php
[2025-11-05 22:46:09]Database connection successful
[2025-11-05 22:46:09]MagnusBilling initialized successfully
[2025-11-05 22:46:09]Processing action: get_call_status, User ID: 7, Session data: {"csrf_token":"9e567ecbe14387147011fe1fdd28386c3ac43e919e0423d2bebb7fcb6521a7cf","user_id":7,"username":"ldata"}
[2025-11-05 22:46:10]Raw Call Stat: {"success":true,"response":{"success":true,"channel":"SIP\/2002-0000004b","status":"up","status_detail":"Call is active and answered - media is flowing","dtmf_input":"2","dtmf_updated_at":"2025-11-05 17:15:07","dtmf_array":{"dtmf_input":"2","updated_at":"2025-11-05 17:15:07"}},"error":null}
[2025-11-05 22:46:10]Failed to update DTMF input and Call Status into <calls> table
[2025-11-05 22:46:10]Starting api.php
[2025-11-05 22:46:10]Database connection successful
[2025-11-05 22:46:10]MagnusBilling initialized successfully
[2025-11-05 22:46:10]Processing action: get_call_status, User ID: 7, Session data: {"csrf_token":"9e567ecbe14387147011fe1fdd28386c3ac43e919e0423d2bebb7fcb6521a7cf","user_id":7,"username":"ldata"}
[2025-11-05 22:46:12]Raw Call Stat: {"success":true,"response":{"success":true,"channel":"SIP\/2002-0000004b","status":"up","status_detail":"Call is active and answered - media is flowing","dtmf_input":"2","dtmf_updated_at":"2025-11-05 17:15:07","dtmf_array":{"dtmf_input":"2","updated_at":"2025-11-05 17:15:07"}},"error":null}
[2025-11-05 22:46:12]Failed to update DTMF input and Call Status into <calls> table
[2025-11-05 22:46:12]Starting api.php
[2025-11-05 22:46:12]Database connection successful
[2025-11-05 22:46:12]MagnusBilling initialized successfully
[2025-11-05 22:46:12]Processing action: get_call_status, User ID: 7, Session data: {"csrf_token":"9e567ecbe14387147011fe1fdd28386c3ac43e919e0423d2bebb7fcb6521a7cf","user_id":7,"username":"ldata"}
[2025-11-05 22:46:13]Raw Call Stat: {"success":true,"response":{"success":true,"channel":"SIP\/2002-0000004b","status":"up","status_detail":"Call is active and answered - media is flowing","dtmf_input":"2","dtmf_updated_at":"2025-11-05 17:15:07","dtmf_array":{"dtmf_input":"2","updated_at":"2025-11-05 17:15:07"}},"error":null}
[2025-11-05 22:46:13]Failed to update DTMF input and Call Status into <calls> table
[2025-11-05 22:46:13]Starting api.php
[2025-11-05 22:46:13]Database connection successful
[2025-11-05 22:46:13]MagnusBilling initialized successfully
[2025-11-05 22:46:13]Processing action: get_call_status, User ID: 7, Session data: {"csrf_token":"9e567ecbe14387147011fe1fdd28386c3ac43e919e0423d2bebb7fcb6521a7cf","user_id":7,"username":"ldata"}
[2025-11-05 22:46:14]Raw Call Stat: {"success":true,"response":{"success":true,"channel":"SIP\/2002-0000004b","status":"up","status_detail":"Call is active and answered - media is flowing","dtmf_input":"2","dtmf_updated_at":"2025-11-05 17:15:07","dtmf_array":{"dtmf_input":"2","updated_at":"2025-11-05 17:15:07"}},"error":null}
[2025-11-05 22:46:14]Failed to update DTMF input and Call Status into <calls> table
[2025-11-05 22:46:14]Starting api.php
[2025-11-05 22:46:14]Database connection successful
[2025-11-05 22:46:14]MagnusBilling initialized successfully
[2025-11-05 22:46:14]Processing action: get_call_status, User ID: 7, Session data: {"csrf_token":"9e567ecbe14387147011fe1fdd28386c3ac43e919e0423d2bebb7fcb6521a7cf","user_id":7,"username":"ldata"}
[2025-11-05 22:46:16]Raw Call Stat: {"success":true,"response":{"success":true,"channel":"SIP\/2002-0000004b","status":"up","status_detail":"Call is active and answered - media is flowing","dtmf_input":"2","dtmf_updated_at":"2025-11-05 17:15:07","dtmf_array":{"dtmf_input":"2","updated_at":"2025-11-05 17:15:07"}},"error":null}
[2025-11-05 22:46:16]Failed to update DTMF input and Call Status into <calls> table
[2025-11-05 22:46:16]Starting api.php
[2025-11-05 22:46:16]Database connection successful
[2025-11-05 22:46:16]MagnusBilling initialized successfully
[2025-11-05 22:46:16]Processing action: get_call_status, User ID: 7, Session data: {"csrf_token":"9e567ecbe14387147011fe1fdd28386c3ac43e919e0423d2bebb7fcb6521a7cf","user_id":7,"username":"ldata"}
[2025-11-05 22:46:17]Raw Call Stat: {"success":true,"response":{"success":true,"channel":"SIP\/2002-0000004b","status":"up","status_detail":"Call is active and answered - media is flowing","dtmf_input":"2","dtmf_updated_at":"2025-11-05 17:15:07","dtmf_array":{"dtmf_input":"2","updated_at":"2025-11-05 17:15:07"}},"error":null}
[2025-11-05 22:46:17]Failed to update DTMF input and Call Status into <calls> table
[2025-11-05 22:46:17]Starting api.php
[2025-11-05 22:46:17]Database connection successful
[2025-11-05 22:46:17]MagnusBilling initialized successfully
[2025-11-05 22:46:17]Processing action: get_call_status, User ID: 7, Session data: {"csrf_token":"9e567ecbe14387147011fe1fdd28386c3ac43e919e0423d2bebb7fcb6521a7cf","user_id":7,"username":"ldata"}
[2025-11-05 22:46:18]Raw Call Stat: {"success":true,"response":{"success":true,"channel":"SIP\/2002-0000004b","status":"up","status_detail":"Call is active and answered - media is flowing","dtmf_input":"2","dtmf_updated_at":"2025-11-05 17:15:07","dtmf_array":{"dtmf_input":"2","updated_at":"2025-11-05 17:15:07"}},"error":null}
[2025-11-05 22:46:19]Failed to update DTMF input and Call Status into <calls> table
[2025-11-05 22:46:19]Starting api.php
[2025-11-05 22:46:19]Database connection successful
[2025-11-05 22:46:19]MagnusBilling initialized successfully
[2025-11-05 22:46:19]Processing action: get_call_status, User ID: 7, Session data: {"csrf_token":"9e567ecbe14387147011fe1fdd28386c3ac43e919e0423d2bebb7fcb6521a7cf","user_id":7,"username":"ldata"}
[2025-11-05 22:46:20]Raw Call Stat: {"success":true,"response":{"success":true,"channel":"SIP\/2002-0000004b","status":"up","status_detail":"Call is active and answered - media is flowing","dtmf_input":"2","dtmf_updated_at":"2025-11-05 17:15:07","dtmf_array":{"dtmf_input":"2","updated_at":"2025-11-05 17:15:07"}},"error":null}
[2025-11-05 22:46:20]Failed to update DTMF input and Call Status into <calls> table
[2025-11-05 22:46:21]Starting api.php
[2025-11-05 22:46:21]Database connection successful
[2025-11-05 22:46:21]MagnusBilling initialized successfully
[2025-11-05 22:46:21]Processing action: get_call_status, User ID: 7, Session data: {"csrf_token":"9e567ecbe14387147011fe1fdd28386c3ac43e919e0423d2bebb7fcb6521a7cf","user_id":7,"username":"ldata"}
[2025-11-05 22:46:22]Raw Call Stat: {"success":true,"response":{"success":true,"channel":"SIP\/2002-0000004b","status":"up","status_detail":"Call is active and answered - media is flowing","dtmf_input":"2","dtmf_updated_at":"2025-11-05 17:15:07","dtmf_array":{"dtmf_input":"2","updated_at":"2025-11-05 17:15:07"}},"error":null}
[2025-11-05 22:46:22]Failed to update DTMF input and Call Status into <calls> table
[2025-11-05 22:46:23]Starting api.php
[2025-11-05 22:46:23]Database connection successful
[2025-11-05 22:46:23]MagnusBilling initialized successfully
[2025-11-05 22:46:23]Processing action: get_call_status, User ID: 7, Session data: {"csrf_token":"9e567ecbe14387147011fe1fdd28386c3ac43e919e0423d2bebb7fcb6521a7cf","user_id":7,"username":"ldata"}
[2025-11-05 22:46:24]Raw Call Stat: {"success":true,"response":{"success":true,"channel":"SIP\/2002-0000004b","status":"up","status_detail":"Call is active and answered - media is flowing","dtmf_input":"2","dtmf_updated_at":"2025-11-05 17:15:07","dtmf_array":{"dtmf_input":"2","updated_at":"2025-11-05 17:15:07"}},"error":null}
[2025-11-05 22:46:24]Failed to update DTMF input and Call Status into <calls> table
[2025-11-05 22:46:25]Starting api.php
[2025-11-05 22:46:25]Database connection successful
[2025-11-05 22:46:25]MagnusBilling initialized successfully
[2025-11-05 22:46:25]Processing action: get_call_status, User ID: 7, Session data: {"csrf_token":"9e567ecbe14387147011fe1fdd28386c3ac43e919e0423d2bebb7fcb6521a7cf","user_id":7,"username":"ldata"}
[2025-11-05 22:46:26]Raw Call Stat: {"success":true,"response":{"success":true,"channel":"SIP\/2002-0000004b","status":"up","status_detail":"Call is active and answered - media is flowing","dtmf_input":"2","dtmf_updated_at":"2025-11-05 17:15:07","dtmf_array":{"dtmf_input":"2","updated_at":"2025-11-05 17:15:07"}},"error":null}
[2025-11-05 22:46:26]Failed to update DTMF input and Call Status into <calls> table
[2025-11-05 22:46:27]Starting api.php
[2025-11-05 22:46:27]Database connection successful
[2025-11-05 22:46:27]MagnusBilling initialized successfully
[2025-11-05 22:46:27]Processing action: get_call_status, User ID: 7, Session data: {"csrf_token":"9e567ecbe14387147011fe1fdd28386c3ac43e919e0423d2bebb7fcb6521a7cf","user_id":7,"username":"ldata"}
[2025-11-05 22:46:28]Raw Call Stat: {"success":true,"response":{"success":true,"channel":"SIP\/2002-0000004b","status":"up","status_detail":"Call is active and answered - media is flowing","dtmf_input":"2","dtmf_updated_at":"2025-11-05 17:15:07","dtmf_array":{"dtmf_input":"2","updated_at":"2025-11-05 17:15:07"}},"error":null}
[2025-11-05 22:46:28]Failed to update DTMF input and Call Status into <calls> table
[2025-11-05 22:46:29]Starting api.php
[2025-11-05 22:46:29]Database connection successful
[2025-11-05 22:46:29]MagnusBilling initialized successfully
[2025-11-05 22:46:29]Processing action: get_call_status, User ID: 7, Session data: {"csrf_token":"9e567ecbe14387147011fe1fdd28386c3ac43e919e0423d2bebb7fcb6521a7cf","user_id":7,"username":"ldata"}
[2025-11-05 22:46:30]Raw Call Stat: {"success":true,"response":{"success":true,"channel":"SIP\/2002-0000004b","status":"up","status_detail":"Call is active and answered - media is flowing","dtmf_input":"2","dtmf_updated_at":"2025-11-05 17:15:07","dtmf_array":{"dtmf_input":"2","updated_at":"2025-11-05 17:15:07"}},"error":null}
[2025-11-05 22:46:30]Failed to update DTMF input and Call Status into <calls> table
[2025-11-05 22:46:31]Starting api.php
[2025-11-05 22:46:31]Database connection successful
[2025-11-05 22:46:31]MagnusBilling initialized successfully
[2025-11-05 22:46:31]Processing action: get_call_status, User ID: 7, Session data: {"csrf_token":"9e567ecbe14387147011fe1fdd28386c3ac43e919e0423d2bebb7fcb6521a7cf","user_id":7,"username":"ldata"}
[2025-11-05 22:46:32]Raw Call Stat: {"success":true,"response":{"success":true,"channel":"SIP\/2002-0000004b","status":"up","status_detail":"Call is active and answered - media is flowing","dtmf_input":"2","dtmf_updated_at":"2025-11-05 17:15:07","dtmf_array":{"dtmf_input":"2","updated_at":"2025-11-05 17:15:07"}},"error":null}
[2025-11-05 22:46:32]Failed to update DTMF input and Call Status into <calls> table
[2025-11-05 22:46:33]Starting api.php
[2025-11-05 22:46:33]Database connection successful
[2025-11-05 22:46:33]MagnusBilling initialized successfully
[2025-11-05 22:46:33]Processing action: get_call_status, User ID: 7, Session data: {"csrf_token":"9e567ecbe14387147011fe1fdd28386c3ac43e919e0423d2bebb7fcb6521a7cf","user_id":7,"username":"ldata"}
[2025-11-05 22:46:35]Raw Call Stat: {"success":true,"response":{"success":true,"channel":"SIP\/2002-0000004b","status":"up","status_detail":"Call is active and answered - media is flowing","dtmf_input":"2","dtmf_updated_at":"2025-11-05 17:15:07","dtmf_array":{"dtmf_input":"2","updated_at":"2025-11-05 17:15:07"}},"error":null}
[2025-11-05 22:46:35]Failed to update DTMF input and Call Status into <calls> table
[2025-11-05 22:46:35]Starting api.php
[2025-11-05 22:46:35]Database connection successful
[2025-11-05 22:46:35]MagnusBilling initialized successfully
[2025-11-05 22:46:35]Processing action: get_call_status, User ID: 7, Session data: {"csrf_token":"9e567ecbe14387147011fe1fdd28386c3ac43e919e0423d2bebb7fcb6521a7cf","user_id":7,"username":"ldata"}
[2025-11-05 22:46:36]Raw Call Stat: {"success":true,"response":{"success":true,"channel":"SIP\/2002-0000004b","status":"up","status_detail":"Call is active and answered - media is flowing","dtmf_input":"2","dtmf_updated_at":"2025-11-05 17:15:07","dtmf_array":{"dtmf_input":"2","updated_at":"2025-11-05 17:15:07"}},"error":null}
[2025-11-05 22:46:36]Failed to update DTMF input and Call Status into <calls> table
[2025-11-05 22:46:37]Starting api.php
[2025-11-05 22:46:37]Database connection successful
[2025-11-05 22:46:37]MagnusBilling initialized successfully
[2025-11-05 22:46:37]Processing action: get_call_status, User ID: 7, Session data: {"csrf_token":"9e567ecbe14387147011fe1fdd28386c3ac43e919e0423d2bebb7fcb6521a7cf","user_id":7,"username":"ldata"}
[2025-11-05 22:46:38]Raw Call Stat: {"success":true,"response":{"success":true,"channel":"SIP\/2002-0000004b","status":"up","status_detail":"Call is active and answered - media is flowing","dtmf_input":"2","dtmf_updated_at":"2025-11-05 17:15:07","dtmf_array":{"dtmf_input":"2","updated_at":"2025-11-05 17:15:07"}},"error":null}
[2025-11-05 22:46:38]Failed to update DTMF input and Call Status into <calls> table
[2025-11-05 22:46:39]Starting api.php
[2025-11-05 22:46:39]Database connection successful
[2025-11-05 22:46:39]MagnusBilling initialized successfully
[2025-11-05 22:46:39]Processing action: get_call_status, User ID: 7, Session data: {"csrf_token":"9e567ecbe14387147011fe1fdd28386c3ac43e919e0423d2bebb7fcb6521a7cf","user_id":7,"username":"ldata"}
[2025-11-05 22:46:40]Raw Call Stat: {"success":true,"response":{"success":true,"channel":"SIP\/2002-0000004b","status":"up","status_detail":"Call is active and answered - media is flowing","dtmf_input":"2","dtmf_updated_at":"2025-11-05 17:15:07","dtmf_array":{"dtmf_input":"2","updated_at":"2025-11-05 17:15:07"}},"error":null}
[2025-11-05 22:46:40]Failed to update DTMF input and Call Status into <calls> table
[2025-11-05 22:46:41]Starting api.php
[2025-11-05 22:46:41]Database connection successful
[2025-11-05 22:46:41]MagnusBilling initialized successfully
[2025-11-05 22:46:41]Processing action: get_call_status, User ID: 7, Session data: {"csrf_token":"9e567ecbe14387147011fe1fdd28386c3ac43e919e0423d2bebb7fcb6521a7cf","user_id":7,"username":"ldata"}
[2025-11-05 22:46:42]Raw Call Stat: {"success":true,"response":{"success":true,"channel":"SIP\/2002-0000004b","status":"up","status_detail":"Call is active and answered - media is flowing","dtmf_input":"2","dtmf_updated_at":"2025-11-05 17:15:07","dtmf_array":{"dtmf_input":"2","updated_at":"2025-11-05 17:15:07"}},"error":null}
[2025-11-05 22:46:42]Failed to update DTMF input and Call Status into <calls> table
[2025-11-05 22:46:43]Starting api.php
[2025-11-05 22:46:43]Database connection successful
[2025-11-05 22:46:43]MagnusBilling initialized successfully
[2025-11-05 22:46:43]Processing action: get_call_status, User ID: 7, Session data: {"csrf_token":"9e567ecbe14387147011fe1fdd28386c3ac43e919e0423d2bebb7fcb6521a7cf","user_id":7,"username":"ldata"}
[2025-11-05 22:46:44]Raw Call Stat: {"success":true,"response":{"success":true,"channel":"SIP\/2002-0000004b","status":"up","status_detail":"Call is active and answered - media is flowing","dtmf_input":"2","dtmf_updated_at":"2025-11-05 17:15:07","dtmf_array":{"dtmf_input":"2","updated_at":"2025-11-05 17:15:07"}},"error":null}
[2025-11-05 22:46:44]Failed to update DTMF input and Call Status into <calls> table
[2025-11-05 22:46:45]Starting api.php
[2025-11-05 22:46:45]Database connection successful
[2025-11-05 22:46:45]MagnusBilling initialized successfully
[2025-11-05 22:46:45]Processing action: get_call_status, User ID: 7, Session data: {"csrf_token":"9e567ecbe14387147011fe1fdd28386c3ac43e919e0423d2bebb7fcb6521a7cf","user_id":7,"username":"ldata"}
[2025-11-05 22:46:46]Raw Call Stat: {"success":true,"response":{"success":true,"channel":"SIP\/2002-0000004b","status":"up","status_detail":"Call is active and answered - media is flowing","dtmf_input":"2","dtmf_updated_at":"2025-11-05 17:15:07","dtmf_array":{"dtmf_input":"2","updated_at":"2025-11-05 17:15:07"}},"error":null}
[2025-11-05 22:46:46]Failed to update DTMF input and Call Status into <calls> table
[2025-11-05 22:46:47]Starting api.php
[2025-11-05 22:46:47]Database connection successful
[2025-11-05 22:46:47]MagnusBilling initialized successfully
[2025-11-05 22:46:47]Processing action: get_call_status, User ID: 7, Session data: {"csrf_token":"9e567ecbe14387147011fe1fdd28386c3ac43e919e0423d2bebb7fcb6521a7cf","user_id":7,"username":"ldata"}
[2025-11-05 22:46:48]Raw Call Stat: {"success":true,"response":{"success":true,"channel":"SIP\/2002-0000004b","status":"up","status_detail":"Call is active and answered - media is flowing","dtmf_input":"2","dtmf_updated_at":"2025-11-05 17:15:07","dtmf_array":{"dtmf_input":"2","updated_at":"2025-11-05 17:15:07"}},"error":null}
[2025-11-05 22:46:48]Failed to update DTMF input and Call Status into <calls> table
[2025-11-05 22:46:49]Starting api.php
[2025-11-05 22:46:49]Database connection successful
[2025-11-05 22:46:49]MagnusBilling initialized successfully
[2025-11-05 22:46:49]Processing action: get_call_status, User ID: 7, Session data: {"csrf_token":"9e567ecbe14387147011fe1fdd28386c3ac43e919e0423d2bebb7fcb6521a7cf","user_id":7,"username":"ldata"}
[2025-11-05 22:46:50]Raw Call Stat: {"success":true,"response":{"success":true,"channel":"SIP\/2002-0000004b","status":"up","status_detail":"Call is active and answered - media is flowing","dtmf_input":"2","dtmf_updated_at":"2025-11-05 17:15:07","dtmf_array":{"dtmf_input":"2","updated_at":"2025-11-05 17:15:07"}},"error":null}
[2025-11-05 22:46:50]Failed to update DTMF input and Call Status into <calls> table
[2025-11-05 22:46:51]Starting api.php
[2025-11-05 22:46:51]Database connection successful
[2025-11-05 22:46:51]MagnusBilling initialized successfully
[2025-11-05 22:46:51]Processing action: get_call_status, User ID: 7, Session data: {"csrf_token":"9e567ecbe14387147011fe1fdd28386c3ac43e919e0423d2bebb7fcb6521a7cf","user_id":7,"username":"ldata"}
[2025-11-05 22:46:52]Raw Call Stat: {"success":true,"response":{"success":true,"channel":"SIP\/2002-0000004b","status":"up","status_detail":"Call is active and answered - media is flowing","dtmf_input":"2","dtmf_updated_at":"2025-11-05 17:15:07","dtmf_array":{"dtmf_input":"2","updated_at":"2025-11-05 17:15:07"}},"error":null}
[2025-11-05 22:46:52]Failed to update DTMF input and Call Status into <calls> table
[2025-11-05 22:46:53]Starting api.php
[2025-11-05 22:46:53]Database connection successful
[2025-11-05 22:46:53]MagnusBilling initialized successfully
[2025-11-05 22:46:53]Processing action: get_call_status, User ID: 7, Session data: {"csrf_token":"9e567ecbe14387147011fe1fdd28386c3ac43e919e0423d2bebb7fcb6521a7cf","user_id":7,"username":"ldata"}
[2025-11-05 22:46:54]Raw Call Stat: {"success":true,"response":{"success":true,"channel":"SIP\/2002-0000004b","status":"up","status_detail":"Call is active and answered - media is flowing","dtmf_input":"2","dtmf_updated_at":"2025-11-05 17:15:07","dtmf_array":{"dtmf_input":"2","updated_at":"2025-11-05 17:15:07"}},"error":null}
[2025-11-05 22:46:54]Failed to update DTMF input and Call Status into <calls> table
[2025-11-05 22:46:55]Starting api.php
[2025-11-05 22:46:55]Database connection successful
[2025-11-05 22:46:55]MagnusBilling initialized successfully
[2025-11-05 22:46:55]Processing action: get_call_status, User ID: 7, Session data: {"csrf_token":"9e567ecbe14387147011fe1fdd28386c3ac43e919e0423d2bebb7fcb6521a7cf","user_id":7,"username":"ldata"}
[2025-11-05 22:46:56]Raw Call Stat: {"success":true,"response":{"success":true,"channel":"SIP\/2002-0000004b","status":"up","status_detail":"Call is active and answered - media is flowing","dtmf_input":"2","dtmf_updated_at":"2025-11-05 17:15:07","dtmf_array":{"dtmf_input":"2","updated_at":"2025-11-05 17:15:07"}},"error":null}
[2025-11-05 22:46:56]Failed to update DTMF input and Call Status into <calls> table
[2025-11-05 22:46:57]Starting api.php
[2025-11-05 22:46:57]Database connection successful
[2025-11-05 22:46:57]MagnusBilling initialized successfully
[2025-11-05 22:46:57]Processing action: get_call_status, User ID: 7, Session data: {"csrf_token":"9e567ecbe14387147011fe1fdd28386c3ac43e919e0423d2bebb7fcb6521a7cf","user_id":7,"username":"ldata"}
[2025-11-05 22:46:58]Raw Call Stat: {"success":true,"response":{"success":true,"channel":"SIP\/2002-0000004b","status":"up","status_detail":"Call is active and answered - media is flowing","dtmf_input":"2","dtmf_updated_at":"2025-11-05 17:15:07","dtmf_array":{"dtmf_input":"2","updated_at":"2025-11-05 17:15:07"}},"error":null}
[2025-11-05 22:46:58]Failed to update DTMF input and Call Status into <calls> table
[2025-11-05 22:46:59]Starting api.php
[2025-11-05 22:46:59]Database connection successful
[2025-11-05 22:46:59]MagnusBilling initialized successfully
[2025-11-05 22:46:59]Processing action: get_call_status, User ID: 7, Session data: {"csrf_token":"9e567ecbe14387147011fe1fdd28386c3ac43e919e0423d2bebb7fcb6521a7cf","user_id":7,"username":"ldata"}
[2025-11-05 22:47:00]Raw Call Stat: {"success":true,"response":{"success":true,"channel":"SIP\/2002-0000004b","status":"up","status_detail":"Call is active and answered - media is flowing","dtmf_input":"2","dtmf_updated_at":"2025-11-05 17:15:07","dtmf_array":{"dtmf_input":"2","updated_at":"2025-11-05 17:15:07"}},"error":null}
[2025-11-05 22:47:00]Failed to update DTMF input and Call Status into <calls> table
[2025-11-05 22:47:01]Starting api.php
[2025-11-05 22:47:01]Database connection successful
[2025-11-05 22:47:01]MagnusBilling initialized successfully
[2025-11-05 22:47:01]Processing action: get_call_status, User ID: 7, Session data: {"csrf_token":"9e567ecbe14387147011fe1fdd28386c3ac43e919e0423d2bebb7fcb6521a7cf","user_id":7,"username":"ldata"}
[2025-11-05 22:47:04]Raw Call Stat: {"success":true,"response":{"success":true,"channel":"SIP\/2002-0000004b","status":"up","status_detail":"Call is active and answered - media is flowing","dtmf_input":"2","dtmf_updated_at":"2025-11-05 17:15:07","dtmf_array":{"dtmf_input":"2","updated_at":"2025-11-05 17:15:07"}},"error":null}
[2025-11-05 22:47:04]Failed to update DTMF input and Call Status into <calls> table
[2025-11-05 22:47:04]Starting api.php
[2025-11-05 22:47:04]Database connection successful
[2025-11-05 22:47:04]MagnusBilling initialized successfully
[2025-11-05 22:47:04]Processing action: get_call_status, User ID: 7, Session data: {"csrf_token":"9e567ecbe14387147011fe1fdd28386c3ac43e919e0423d2bebb7fcb6521a7cf","user_id":7,"username":"ldata"}
[2025-11-05 22:47:07]Raw Call Stat: {"success":true,"response":{"success":true,"channel":"SIP\/2002-0000004b","status":"up","status_detail":"Call is active and answered - media is flowing","dtmf_input":"2","dtmf_updated_at":"2025-11-05 17:15:07","dtmf_array":{"dtmf_input":"2","updated_at":"2025-11-05 17:15:07"}},"error":null}
[2025-11-05 22:47:07]Failed to update DTMF input and Call Status into <calls> table
[2025-11-05 22:47:07]Starting api.php
[2025-11-05 22:47:07]Database connection successful
[2025-11-05 22:47:07]MagnusBilling initialized successfully
[2025-11-05 22:47:07]Processing action: get_call_status, User ID: 7, Session data: {"csrf_token":"9e567ecbe14387147011fe1fdd28386c3ac43e919e0423d2bebb7fcb6521a7cf","user_id":7,"username":"ldata"}
[2025-11-05 22:47:08]Raw Call Stat: {"success":true,"response":{"success":true,"channel":"SIP\/2002-0000004b","status":"up","status_detail":"Call is active and answered - media is flowing","dtmf_input":"2","dtmf_updated_at":"2025-11-05 17:15:07","dtmf_array":{"dtmf_input":"2","updated_at":"2025-11-05 17:15:07"}},"error":null}
[2025-11-05 22:47:08]Failed to update DTMF input and Call Status into <calls> table
[2025-11-05 22:47:08]Starting api.php
[2025-11-05 22:47:08]Database connection successful
[2025-11-05 22:47:08]MagnusBilling initialized successfully
[2025-11-05 22:47:08]Processing action: get_call_status, User ID: 7, Session data: {"csrf_token":"9e567ecbe14387147011fe1fdd28386c3ac43e919e0423d2bebb7fcb6521a7cf","user_id":7,"username":"ldata"}
[2025-11-05 22:47:10]Raw Call Stat: {"success":true,"response":{"success":true,"channel":"SIP\/2002-0000004b","status":"up","status_detail":"Call is active and answered - media is flowing","dtmf_input":"2","dtmf_updated_at":"2025-11-05 17:15:07","dtmf_array":{"dtmf_input":"2","updated_at":"2025-11-05 17:15:07"}},"error":null}
[2025-11-05 22:47:10]Failed to update DTMF input and Call Status into <calls> table
[2025-11-05 22:47:10]Starting api.php
[2025-11-05 22:47:10]Database connection successful
[2025-11-05 22:47:10]MagnusBilling initialized successfully
[2025-11-05 22:47:10]Processing action: get_call_status, User ID: 7, Session data: {"csrf_token":"9e567ecbe14387147011fe1fdd28386c3ac43e919e0423d2bebb7fcb6521a7cf","user_id":7,"username":"ldata"}
[2025-11-05 22:47:11]Raw Call Stat: {"success":true,"response":{"success":true,"channel":"SIP\/2002-0000004b","status":"up","status_detail":"Call is active and answered - media is flowing","dtmf_input":"2","dtmf_updated_at":"2025-11-05 17:15:07","dtmf_array":{"dtmf_input":"2","updated_at":"2025-11-05 17:15:07"}},"error":null}
[2025-11-05 22:47:12]Failed to update DTMF input and Call Status into <calls> table
[2025-11-05 22:47:12]Starting api.php
[2025-11-05 22:47:12]Database connection successful
[2025-11-05 22:47:12]MagnusBilling initialized successfully
[2025-11-05 22:47:12]Processing action: get_call_status, User ID: 7, Session data: {"csrf_token":"9e567ecbe14387147011fe1fdd28386c3ac43e919e0423d2bebb7fcb6521a7cf","user_id":7,"username":"ldata"}
[2025-11-05 22:47:13]Raw Call Stat: {"success":true,"response":{"success":true,"channel":"SIP\/2002-0000004b","status":"up","status_detail":"Call is active and answered - media is flowing","dtmf_input":"2","dtmf_updated_at":"2025-11-05 17:15:07","dtmf_array":{"dtmf_input":"2","updated_at":"2025-11-05 17:15:07"}},"error":null}
[2025-11-05 22:47:13]Failed to update DTMF input and Call Status into <calls> table
[2025-11-05 22:47:13]Starting api.php
[2025-11-05 22:47:13]Database connection successful
[2025-11-05 22:47:13]MagnusBilling initialized successfully
[2025-11-05 22:47:13]Processing action: get_call_status, User ID: 7, Session data: {"csrf_token":"9e567ecbe14387147011fe1fdd28386c3ac43e919e0423d2bebb7fcb6521a7cf","user_id":7,"username":"ldata"}
[2025-11-05 22:47:14]Raw Call Stat: {"success":true,"response":{"success":true,"channel":"SIP\/2002-0000004b","status":"up","status_detail":"Call is active and answered - media is flowing","dtmf_input":"2","dtmf_updated_at":"2025-11-05 17:15:07","dtmf_array":{"dtmf_input":"2","updated_at":"2025-11-05 17:15:07"}},"error":null}
[2025-11-05 22:47:14]Failed to update DTMF input and Call Status into <calls> table
[2025-11-05 22:47:15]Starting api.php
[2025-11-05 22:47:15]Database connection successful
[2025-11-05 22:47:15]MagnusBilling initialized successfully
[2025-11-05 22:47:15]Processing action: get_call_status, User ID: 7, Session data: {"csrf_token":"9e567ecbe14387147011fe1fdd28386c3ac43e919e0423d2bebb7fcb6521a7cf","user_id":7,"username":"ldata"}
[2025-11-05 22:47:16]Raw Call Stat: {"success":true,"response":{"success":true,"channel":"SIP\/2002-0000004b","status":"up","status_detail":"Call is active and answered - media is flowing","dtmf_input":"2","dtmf_updated_at":"2025-11-05 17:15:07","dtmf_array":{"dtmf_input":"2","updated_at":"2025-11-05 17:15:07"}},"error":null}
[2025-11-05 22:47:16]Failed to update DTMF input and Call Status into <calls> table
[2025-11-05 22:47:18]Starting api.php
[2025-11-05 22:47:18]Database connection successful
[2025-11-05 22:47:18]MagnusBilling initialized successfully
[2025-11-05 22:47:18]Processing action: get_call_status, User ID: 7, Session data: {"csrf_token":"9e567ecbe14387147011fe1fdd28386c3ac43e919e0423d2bebb7fcb6521a7cf","user_id":7,"username":"ldata"}
[2025-11-05 22:47:19]Raw Call Stat: {"success":true,"response":{"success":true,"channel":"SIP\/2002-0000004b","status":"up","status_detail":"Call is active and answered - media is flowing","dtmf_input":"2","dtmf_updated_at":"2025-11-05 17:15:07","dtmf_array":{"dtmf_input":"2","updated_at":"2025-11-05 17:15:07"}},"error":null}
[2025-11-05 22:47:19]Failed to update DTMF input and Call Status into <calls> table
[2025-11-05 22:47:20]Starting api.php
[2025-11-05 22:47:20]Database connection successful
[2025-11-05 22:47:20]MagnusBilling initialized successfully
[2025-11-05 22:47:20]Processing action: get_call_status, User ID: 7, Session data: {"csrf_token":"9e567ecbe14387147011fe1fdd28386c3ac43e919e0423d2bebb7fcb6521a7cf","user_id":7,"username":"ldata"}
[2025-11-05 22:47:21]Raw Call Stat: {"success":true,"response":{"success":true,"channel":"SIP\/2002-0000004b","status":"up","status_detail":"Call is active and answered - media is flowing","dtmf_input":"2","dtmf_updated_at":"2025-11-05 17:15:07","dtmf_array":{"dtmf_input":"2","updated_at":"2025-11-05 17:15:07"}},"error":null}
[2025-11-05 22:47:21]Failed to update DTMF input and Call Status into <calls> table
[2025-11-05 22:47:22]Starting api.php
[2025-11-05 22:47:22]Database connection successful
[2025-11-05 22:47:22]MagnusBilling initialized successfully
[2025-11-05 22:47:22]Processing action: get_call_status, User ID: 7, Session data: {"csrf_token":"9e567ecbe14387147011fe1fdd28386c3ac43e919e0423d2bebb7fcb6521a7cf","user_id":7,"username":"ldata"}
[2025-11-05 22:47:23]Raw Call Stat: {"success":true,"response":{"success":true,"channel":"SIP\/2002-0000004b","status":"up","status_detail":"Call is active and answered - media is flowing","dtmf_input":"2","dtmf_updated_at":"2025-11-05 17:15:07","dtmf_array":{"dtmf_input":"2","updated_at":"2025-11-05 17:15:07"}},"error":null}
[2025-11-05 22:47:23]Failed to update DTMF input and Call Status into <calls> table
[2025-11-05 22:47:24]Starting api.php
[2025-11-05 22:47:24]Database connection successful
[2025-11-05 22:47:24]MagnusBilling initialized successfully
[2025-11-05 22:47:24]Processing action: get_call_status, User ID: 7, Session data: {"csrf_token":"9e567ecbe14387147011fe1fdd28386c3ac43e919e0423d2bebb7fcb6521a7cf","user_id":7,"username":"ldata"}
[2025-11-05 22:47:25]Raw Call Stat: {"success":true,"response":{"success":true,"channel":"SIP\/2002-0000004b","status":"up","status_detail":"Call is active and answered - media is flowing","dtmf_input":"2","dtmf_updated_at":"2025-11-05 17:15:07","dtmf_array":{"dtmf_input":"2","updated_at":"2025-11-05 17:15:07"}},"error":null}
[2025-11-05 22:47:25]Failed to update DTMF input and Call Status into <calls> table
[2025-11-05 22:47:26]Starting api.php
[2025-11-05 22:47:26]Database connection successful
[2025-11-05 22:47:26]MagnusBilling initialized successfully
[2025-11-05 22:47:26]Processing action: get_call_status, User ID: 7, Session data: {"csrf_token":"9e567ecbe14387147011fe1fdd28386c3ac43e919e0423d2bebb7fcb6521a7cf","user_id":7,"username":"ldata"}
[2025-11-05 22:47:27]Raw Call Stat: {"success":true,"response":{"success":true,"channel":"SIP\/2002-0000004b","status":"up","status_detail":"Call is active and answered - media is flowing","dtmf_input":"2","dtmf_updated_at":"2025-11-05 17:15:07","dtmf_array":{"dtmf_input":"2","updated_at":"2025-11-05 17:15:07"}},"error":null}
[2025-11-05 22:47:27]Failed to update DTMF input and Call Status into <calls> table
[2025-11-05 22:47:27]Starting api.php
[2025-11-05 22:47:27]Database connection successful
[2025-11-05 22:47:27]MagnusBilling initialized successfully
[2025-11-05 22:47:27]Processing action: get_call_status, User ID: 7, Session data: {"csrf_token":"9e567ecbe14387147011fe1fdd28386c3ac43e919e0423d2bebb7fcb6521a7cf","user_id":7,"username":"ldata"}
[2025-11-05 22:47:29]Raw Call Stat: {"success":true,"response":{"success":true,"channel":"SIP\/2002-0000004b","status":"up","status_detail":"Call is active and answered - media is flowing","dtmf_input":"2","dtmf_updated_at":"2025-11-05 17:15:07","dtmf_array":{"dtmf_input":"2","updated_at":"2025-11-05 17:15:07"}},"error":null}
[2025-11-05 22:47:29]Failed to update DTMF input and Call Status into <calls> table
[2025-11-05 22:47:29]Starting api.php
[2025-11-05 22:47:29]Database connection successful
[2025-11-05 22:47:29]MagnusBilling initialized successfully
[2025-11-05 22:47:29]Processing action: get_call_status, User ID: 7, Session data: {"csrf_token":"9e567ecbe14387147011fe1fdd28386c3ac43e919e0423d2bebb7fcb6521a7cf","user_id":7,"username":"ldata"}
[2025-11-05 22:47:30]Raw Call Stat: {"success":true,"response":{"success":true,"channel":"SIP\/2002-0000004b","status":"up","status_detail":"Call is active and answered - media is flowing","dtmf_input":"2","dtmf_updated_at":"2025-11-05 17:15:07","dtmf_array":{"dtmf_input":"2","updated_at":"2025-11-05 17:15:07"}},"error":null}
[2025-11-05 22:47:30]Failed to update DTMF input and Call Status into <calls> table
[2025-11-05 22:47:31]Starting api.php
[2025-11-05 22:47:31]Database connection successful
[2025-11-05 22:47:31]MagnusBilling initialized successfully
[2025-11-05 22:47:31]Processing action: get_call_status, User ID: 7, Session data: {"csrf_token":"9e567ecbe14387147011fe1fdd28386c3ac43e919e0423d2bebb7fcb6521a7cf","user_id":7,"username":"ldata"}
[2025-11-05 22:47:32]Raw Call Stat: {"success":true,"response":{"success":true,"channel":"SIP\/2002-0000004b","status":"up","status_detail":"Call is active and answered - media is flowing","dtmf_input":"2","dtmf_updated_at":"2025-11-05 17:15:07","dtmf_array":{"dtmf_input":"2","updated_at":"2025-11-05 17:15:07"}},"error":null}
[2025-11-05 22:47:32]Failed to update DTMF input and Call Status into <calls> table
[2025-11-05 22:47:33]Starting api.php
[2025-11-05 22:47:33]Database connection successful
[2025-11-05 22:47:33]MagnusBilling initialized successfully
[2025-11-05 22:47:33]Processing action: get_call_status, User ID: 7, Session data: {"csrf_token":"9e567ecbe14387147011fe1fdd28386c3ac43e919e0423d2bebb7fcb6521a7cf","user_id":7,"username":"ldata"}
[2025-11-05 22:47:34]Raw Call Stat: {"success":true,"response":{"success":true,"channel":"SIP\/2002-0000004b","status":"up","status_detail":"Call is active and answered - media is flowing","dtmf_input":"2","dtmf_updated_at":"2025-11-05 17:15:07","dtmf_array":{"dtmf_input":"2","updated_at":"2025-11-05 17:15:07"}},"error":null}
[2025-11-05 22:47:34]Failed to update DTMF input and Call Status into <calls> table
[2025-11-05 22:47:35]Starting api.php
[2025-11-05 22:47:35]Database connection successful
[2025-11-05 22:47:35]MagnusBilling initialized successfully
[2025-11-05 22:47:35]Processing action: get_call_status, User ID: 7, Session data: {"csrf_token":"9e567ecbe14387147011fe1fdd28386c3ac43e919e0423d2bebb7fcb6521a7cf","user_id":7,"username":"ldata"}
[2025-11-05 22:47:36]Raw Call Stat: {"success":true,"response":{"success":true,"channel":"SIP\/2002-0000004b","status":"up","status_detail":"Call is active and answered - media is flowing","dtmf_input":"2","dtmf_updated_at":"2025-11-05 17:15:07","dtmf_array":{"dtmf_input":"2","updated_at":"2025-11-05 17:15:07"}},"error":null}
[2025-11-05 22:47:36]Failed to update DTMF input and Call Status into <calls> table
[2025-11-05 22:47:37]Starting api.php
[2025-11-05 22:47:37]Database connection successful
[2025-11-05 22:47:37]MagnusBilling initialized successfully
[2025-11-05 22:47:37]Processing action: get_call_status, User ID: 7, Session data: {"csrf_token":"9e567ecbe14387147011fe1fdd28386c3ac43e919e0423d2bebb7fcb6521a7cf","user_id":7,"username":"ldata"}
[2025-11-05 22:47:38]Raw Call Stat: {"success":true,"response":{"success":true,"channel":"SIP\/2002-0000004b","status":"up","status_detail":"Call is active and answered - media is flowing","dtmf_input":"2","dtmf_updated_at":"2025-11-05 17:15:07","dtmf_array":{"dtmf_input":"2","updated_at":"2025-11-05 17:15:07"}},"error":null}
[2025-11-05 22:47:38]Failed to update DTMF input and Call Status into <calls> table
[2025-11-05 22:47:39]Starting api.php
[2025-11-05 22:47:39]Database connection successful
[2025-11-05 22:47:39]MagnusBilling initialized successfully
[2025-11-05 22:47:39]Processing action: get_call_status, User ID: 7, Session data: {"csrf_token":"9e567ecbe14387147011fe1fdd28386c3ac43e919e0423d2bebb7fcb6521a7cf","user_id":7,"username":"ldata"}
[2025-11-05 22:47:40]Raw Call Stat: {"success":true,"response":{"success":true,"channel":"SIP\/2002-0000004b","status":"up","status_detail":"Call is active and answered - media is flowing","dtmf_input":"2","dtmf_updated_at":"2025-11-05 17:15:07","dtmf_array":{"dtmf_input":"2","updated_at":"2025-11-05 17:15:07"}},"error":null}
[2025-11-05 22:47:40]Failed to update DTMF input and Call Status into <calls> table
[2025-11-05 22:47:41]Starting api.php
[2025-11-05 22:47:41]Database connection successful
[2025-11-05 22:47:41]MagnusBilling initialized successfully
[2025-11-05 22:47:41]Processing action: get_call_status, User ID: 7, Session data: {"csrf_token":"9e567ecbe14387147011fe1fdd28386c3ac43e919e0423d2bebb7fcb6521a7cf","user_id":7,"username":"ldata"}
[2025-11-05 22:47:42]Raw Call Stat: {"success":true,"response":{"success":true,"channel":"SIP\/2002-0000004b","status":"up","status_detail":"Call is active and answered - media is flowing","dtmf_input":"2","dtmf_updated_at":"2025-11-05 17:15:07","dtmf_array":{"dtmf_input":"2","updated_at":"2025-11-05 17:15:07"}},"error":null}
[2025-11-05 22:47:42]Failed to update DTMF input and Call Status into <calls> table
[2025-11-05 22:47:43]Starting api.php
[2025-11-05 22:47:43]Database connection successful
[2025-11-05 22:47:43]MagnusBilling initialized successfully
[2025-11-05 22:47:43]Processing action: get_call_status, User ID: 7, Session data: {"csrf_token":"9e567ecbe14387147011fe1fdd28386c3ac43e919e0423d2bebb7fcb6521a7cf","user_id":7,"username":"ldata"}
[2025-11-05 22:47:44]Raw Call Stat: {"success":true,"response":{"success":true,"channel":"SIP\/2002-0000004b","status":"up","status_detail":"Call is active and answered - media is flowing","dtmf_input":"2","dtmf_updated_at":"2025-11-05 17:15:07","dtmf_array":{"dtmf_input":"2","updated_at":"2025-11-05 17:15:07"}},"error":null}
[2025-11-05 22:47:44]Failed to update DTMF input and Call Status into <calls> table
[2025-11-05 22:47:45]Starting api.php
[2025-11-05 22:47:45]Database connection successful
[2025-11-05 22:47:45]MagnusBilling initialized successfully
[2025-11-05 22:47:45]Processing action: get_call_status, User ID: 7, Session data: {"csrf_token":"9e567ecbe14387147011fe1fdd28386c3ac43e919e0423d2bebb7fcb6521a7cf","user_id":7,"username":"ldata"}
[2025-11-05 22:47:46]Raw Call Stat: {"success":true,"response":{"success":true,"channel":"SIP\/2002-0000004b","status":"up","status_detail":"Call is active and answered - media is flowing","dtmf_input":"2","dtmf_updated_at":"2025-11-05 17:15:07","dtmf_array":{"dtmf_input":"2","updated_at":"2025-11-05 17:15:07"}},"error":null}
[2025-11-05 22:47:46]Failed to update DTMF input and Call Status into <calls> table
[2025-11-05 22:47:47]Starting api.php
[2025-11-05 22:47:47]Database connection successful
[2025-11-05 22:47:47]MagnusBilling initialized successfully
[2025-11-05 22:47:47]Processing action: get_call_status, User ID: 7, Session data: {"csrf_token":"9e567ecbe14387147011fe1fdd28386c3ac43e919e0423d2bebb7fcb6521a7cf","user_id":7,"username":"ldata"}
[2025-11-05 22:47:48]Raw Call Stat: {"success":true,"response":{"success":true,"channel":"SIP\/2002-0000004b","status":"up","status_detail":"Call is active and answered - media is flowing","dtmf_input":"2","dtmf_updated_at":"2025-11-05 17:15:07","dtmf_array":{"dtmf_input":"2","updated_at":"2025-11-05 17:15:07"}},"error":null}
[2025-11-05 22:47:48]Failed to update DTMF input and Call Status into <calls> table
[2025-11-05 22:47:49]Starting api.php
[2025-11-05 22:47:49]Database connection successful
[2025-11-05 22:47:49]MagnusBilling initialized successfully
[2025-11-05 22:47:49]Processing action: get_call_status, User ID: 7, Session data: {"csrf_token":"9e567ecbe14387147011fe1fdd28386c3ac43e919e0423d2bebb7fcb6521a7cf","user_id":7,"username":"ldata"}
[2025-11-05 22:47:50]Raw Call Stat: {"success":true,"response":{"success":true,"channel":"SIP\/2002-0000004b","status":"up","status_detail":"Call is active and answered - media is flowing","dtmf_input":"2","dtmf_updated_at":"2025-11-05 17:15:07","dtmf_array":{"dtmf_input":"2","updated_at":"2025-11-05 17:15:07"}},"error":null}
[2025-11-05 22:47:50]Failed to update DTMF input and Call Status into <calls> table
[2025-11-05 22:47:51]Starting api.php
[2025-11-05 22:47:51]Database connection successful
[2025-11-05 22:47:51]MagnusBilling initialized successfully
[2025-11-05 22:47:51]Processing action: get_call_status, User ID: 7, Session data: {"csrf_token":"9e567ecbe14387147011fe1fdd28386c3ac43e919e0423d2bebb7fcb6521a7cf","user_id":7,"username":"ldata"}
[2025-11-05 22:47:52]Raw Call Stat: {"success":true,"response":{"success":true,"channel":"SIP\/2002-0000004b","status":"up","status_detail":"Call is active and answered - media is flowing","dtmf_input":"2","dtmf_updated_at":"2025-11-05 17:15:07","dtmf_array":{"dtmf_input":"2","updated_at":"2025-11-05 17:15:07"}},"error":null}
[2025-11-05 22:47:52]Failed to update DTMF input and Call Status into <calls> table
[2025-11-05 22:47:53]Starting api.php
[2025-11-05 22:47:53]Database connection successful
[2025-11-05 22:47:53]MagnusBilling initialized successfully
[2025-11-05 22:47:53]Processing action: get_call_status, User ID: 7, Session data: {"csrf_token":"9e567ecbe14387147011fe1fdd28386c3ac43e919e0423d2bebb7fcb6521a7cf","user_id":7,"username":"ldata"}
[2025-11-05 22:47:54]Raw Call Stat: {"success":true,"response":{"success":true,"channel":"SIP\/2002-0000004b","status":"up","status_detail":"Call is active and answered - media is flowing","dtmf_input":"2","dtmf_updated_at":"2025-11-05 17:15:07","dtmf_array":{"dtmf_input":"2","updated_at":"2025-11-05 17:15:07"}},"error":null}
[2025-11-05 22:47:54]Failed to update DTMF input and Call Status into <calls> table
[2025-11-05 22:47:55]Starting api.php
[2025-11-05 22:47:55]Database connection successful
[2025-11-05 22:47:55]MagnusBilling initialized successfully
[2025-11-05 22:47:55]Processing action: get_call_status, User ID: 7, Session data: {"csrf_token":"9e567ecbe14387147011fe1fdd28386c3ac43e919e0423d2bebb7fcb6521a7cf","user_id":7,"username":"ldata"}
[2025-11-05 22:47:56]Raw Call Stat: {"success":true,"response":{"success":true,"channel":"SIP\/2002-0000004b","status":"up","status_detail":"Call is active and answered - media is flowing","dtmf_input":"2","dtmf_updated_at":"2025-11-05 17:15:07","dtmf_array":{"dtmf_input":"2","updated_at":"2025-11-05 17:15:07"}},"error":null}
[2025-11-05 22:47:56]Failed to update DTMF input and Call Status into <calls> table
[2025-11-05 22:47:57]Starting api.php
[2025-11-05 22:47:57]Database connection successful
[2025-11-05 22:47:57]MagnusBilling initialized successfully
[2025-11-05 22:47:57]Processing action: get_call_status, User ID: 7, Session data: {"csrf_token":"9e567ecbe14387147011fe1fdd28386c3ac43e919e0423d2bebb7fcb6521a7cf","user_id":7,"username":"ldata"}
[2025-11-05 22:47:58]Raw Call Stat: {"success":true,"response":{"success":true,"channel":"SIP\/2002-0000004b","status":"up","status_detail":"Call is active and answered - media is flowing","dtmf_input":"2","dtmf_updated_at":"2025-11-05 17:15:07","dtmf_array":{"dtmf_input":"2","updated_at":"2025-11-05 17:15:07"}},"error":null}
[2025-11-05 22:47:58]Failed to update DTMF input and Call Status into <calls> table
[2025-11-05 22:47:59]Starting api.php
[2025-11-05 22:47:59]Database connection successful
[2025-11-05 22:47:59]MagnusBilling initialized successfully
[2025-11-05 22:47:59]Processing action: get_call_status, User ID: 7, Session data: {"csrf_token":"9e567ecbe14387147011fe1fdd28386c3ac43e919e0423d2bebb7fcb6521a7cf","user_id":7,"username":"ldata"}
[2025-11-05 22:48:00]Raw Call Stat: {"success":true,"response":{"success":true,"channel":"SIP\/2002-0000004b","status":"up","status_detail":"Call is active and answered - media is flowing","dtmf_input":"2","dtmf_updated_at":"2025-11-05 17:15:07","dtmf_array":{"dtmf_input":"2","updated_at":"2025-11-05 17:15:07"}},"error":null}
[2025-11-05 22:48:00]Failed to update DTMF input and Call Status into <calls> table
[2025-11-05 22:48:01]Starting api.php
[2025-11-05 22:48:01]Database connection successful
[2025-11-05 22:48:01]MagnusBilling initialized successfully
[2025-11-05 22:48:01]Processing action: get_call_status, User ID: 7, Session data: {"csrf_token":"9e567ecbe14387147011fe1fdd28386c3ac43e919e0423d2bebb7fcb6521a7cf","user_id":7,"username":"ldata"}
[2025-11-05 22:48:08]Raw Call Stat: {"success":true,"response":{"success":true,"channel":"SIP\/2002-0000004b","status":"up","status_detail":"Call is active and answered - media is flowing","dtmf_input":"2","dtmf_updated_at":"2025-11-05 17:15:07","dtmf_array":{"dtmf_input":"2","updated_at":"2025-11-05 17:15:07"}},"error":null}
[2025-11-05 22:48:08]Failed to update DTMF input and Call Status into <calls> table
[2025-11-05 22:48:08]Starting api.php
[2025-11-05 22:48:08]Database connection successful
[2025-11-05 22:48:08]MagnusBilling initialized successfully
[2025-11-05 22:48:08]Processing action: get_call_status, User ID: 7, Session data: {"csrf_token":"9e567ecbe14387147011fe1fdd28386c3ac43e919e0423d2bebb7fcb6521a7cf","user_id":7,"username":"ldata"}
[2025-11-05 22:48:10]Raw Call Stat: {"success":true,"response":{"success":true,"channel":"SIP\/2002-0000004b","status":"up","status_detail":"Call is active and answered - media is flowing","dtmf_input":"2","dtmf_updated_at":"2025-11-05 17:15:07","dtmf_array":{"dtmf_input":"2","updated_at":"2025-11-05 17:15:07"}},"error":null}
[2025-11-05 22:48:10]Failed to update DTMF input and Call Status into <calls> table
[2025-11-05 22:48:10]Starting api.php
[2025-11-05 22:48:10]Database connection successful
[2025-11-05 22:48:10]MagnusBilling initialized successfully
[2025-11-05 22:48:10]Processing action: get_call_status, User ID: 7, Session data: {"csrf_token":"9e567ecbe14387147011fe1fdd28386c3ac43e919e0423d2bebb7fcb6521a7cf","user_id":7,"username":"ldata"}
[2025-11-05 22:48:11]Raw Call Stat: {"success":true,"response":{"success":true,"channel":"SIP\/2002-0000004b","status":"up","status_detail":"Call is active and answered - media is flowing","dtmf_input":"2","dtmf_updated_at":"2025-11-05 17:15:07","dtmf_array":{"dtmf_input":"2","updated_at":"2025-11-05 17:15:07"}},"error":null}
[2025-11-05 22:48:11]Failed to update DTMF input and Call Status into <calls> table
[2025-11-05 22:48:11]Starting api.php
[2025-11-05 22:48:11]Database connection successful
[2025-11-05 22:48:11]MagnusBilling initialized successfully
[2025-11-05 22:48:11]Processing action: get_call_status, User ID: 7, Session data: {"csrf_token":"9e567ecbe14387147011fe1fdd28386c3ac43e919e0423d2bebb7fcb6521a7cf","user_id":7,"username":"ldata"}
[2025-11-05 22:48:13]Raw Call Stat: {"success":true,"response":{"success":true,"channel":"SIP\/2002-0000004b","status":"up","status_detail":"Call is active and answered - media is flowing","dtmf_input":"2","dtmf_updated_at":"2025-11-05 17:15:07","dtmf_array":{"dtmf_input":"2","updated_at":"2025-11-05 17:15:07"}},"error":null}
[2025-11-05 22:48:13]Failed to update DTMF input and Call Status into <calls> table
[2025-11-05 22:48:13]Starting api.php
[2025-11-05 22:48:13]Database connection successful
[2025-11-05 22:48:13]MagnusBilling initialized successfully
[2025-11-05 22:48:13]Processing action: get_call_status, User ID: 7, Session data: {"csrf_token":"9e567ecbe14387147011fe1fdd28386c3ac43e919e0423d2bebb7fcb6521a7cf","user_id":7,"username":"ldata"}
[2025-11-05 22:48:14]Raw Call Stat: {"success":true,"response":{"success":true,"channel":"SIP\/2002-0000004b","status":"up","status_detail":"Call is active and answered - media is flowing","dtmf_input":"2","dtmf_updated_at":"2025-11-05 17:15:07","dtmf_array":{"dtmf_input":"2","updated_at":"2025-11-05 17:15:07"}},"error":null}
[2025-11-05 22:48:14]Failed to update DTMF input and Call Status into <calls> table
[2025-11-05 22:48:14]Starting api.php
[2025-11-05 22:48:14]Database connection successful
[2025-11-05 22:48:14]MagnusBilling initialized successfully
[2025-11-05 22:48:14]Processing action: get_call_status, User ID: 7, Session data: {"csrf_token":"9e567ecbe14387147011fe1fdd28386c3ac43e919e0423d2bebb7fcb6521a7cf","user_id":7,"username":"ldata"}
[2025-11-05 22:48:16]Raw Call Stat: {"success":true,"response":{"success":true,"channel":"SIP\/2002-0000004b","status":"up","status_detail":"Call is active and answered - media is flowing","dtmf_input":"2","dtmf_updated_at":"2025-11-05 17:15:07","dtmf_array":{"dtmf_input":"2","updated_at":"2025-11-05 17:15:07"}},"error":null}
[2025-11-05 22:48:16]Failed to update DTMF input and Call Status into <calls> table
[2025-11-05 22:48:16]Starting api.php
[2025-11-05 22:48:16]Database connection successful
[2025-11-05 22:48:16]MagnusBilling initialized successfully
[2025-11-05 22:48:16]Processing action: get_call_status, User ID: 7, Session data: {"csrf_token":"9e567ecbe14387147011fe1fdd28386c3ac43e919e0423d2bebb7fcb6521a7cf","user_id":7,"username":"ldata"}
[2025-11-05 22:48:17]Raw Call Stat: {"success":true,"response":{"success":true,"channel":"SIP\/2002-0000004b","status":"up","status_detail":"Call is active and answered - media is flowing","dtmf_input":"2","dtmf_updated_at":"2025-11-05 17:15:07","dtmf_array":{"dtmf_input":"2","updated_at":"2025-11-05 17:15:07"}},"error":null}
[2025-11-05 22:48:17]Failed to update DTMF input and Call Status into <calls> table
[2025-11-05 22:48:17]Starting api.php
[2025-11-05 22:48:17]Database connection successful
[2025-11-05 22:48:17]MagnusBilling initialized successfully
[2025-11-05 22:48:17]Processing action: get_call_status, User ID: 7, Session data: {"csrf_token":"9e567ecbe14387147011fe1fdd28386c3ac43e919e0423d2bebb7fcb6521a7cf","user_id":7,"username":"ldata"}
[2025-11-05 22:48:19]Raw Call Stat: {"success":false,"response":"{\"success\":false,\"error\":\"Error:x: Read timeout Line: 424 File:\\\/var\\\/www\\\/html\\\/mbilling\\\/api\\\/call\\\/vendor\\\/marcelog\\\/pami\\\/src\\\/PAMI\\\/Client\\\/Impl\\\/ClientImpl.php\"}","error":"HTTP Error: 400"}
[2025-11-05 22:48:19]Failed to get call status: HTTP Error: 400
[2025-11-05 22:48:19]Starting api.php
[2025-11-05 22:48:19]Database connection successful
[2025-11-05 22:48:19]MagnusBilling initialized successfully
[2025-11-05 22:48:19]Processing action: get_call_status, User ID: 7, Session data: {"csrf_token":"9e567ecbe14387147011fe1fdd28386c3ac43e919e0423d2bebb7fcb6521a7cf","user_id":7,"username":"ldata"}
[2025-11-05 22:48:20]Raw Call Stat: {"success":true,"response":{"success":true,"channel":"SIP\/2002-0000004b","status":"up","status_detail":"Call is active and answered - media is flowing","dtmf_input":"2","dtmf_updated_at":"2025-11-05 17:15:07","dtmf_array":{"dtmf_input":"2","updated_at":"2025-11-05 17:15:07"}},"error":null}
[2025-11-05 22:48:20]Failed to update DTMF input and Call Status into <calls> table
[2025-11-05 22:48:20]Starting api.php
[2025-11-05 22:48:20]Database connection successful
[2025-11-05 22:48:20]MagnusBilling initialized successfully
[2025-11-05 22:48:20]Processing action: get_call_status, User ID: 7, Session data: {"csrf_token":"9e567ecbe14387147011fe1fdd28386c3ac43e919e0423d2bebb7fcb6521a7cf","user_id":7,"username":"ldata"}
[2025-11-05 22:48:22]Raw Call Stat: {"success":true,"response":{"success":true,"channel":"SIP\/2002-0000004b","status":"up","status_detail":"Call is active and answered - media is flowing","dtmf_input":"2","dtmf_updated_at":"2025-11-05 17:15:07","dtmf_array":{"dtmf_input":"2","updated_at":"2025-11-05 17:15:07"}},"error":null}
[2025-11-05 22:48:22]Failed to update DTMF input and Call Status into <calls> table
[2025-11-05 22:48:22]Starting api.php
[2025-11-05 22:48:22]Database connection successful
[2025-11-05 22:48:22]MagnusBilling initialized successfully
[2025-11-05 22:48:22]Processing action: get_call_status, User ID: 7, Session data: {"csrf_token":"9e567ecbe14387147011fe1fdd28386c3ac43e919e0423d2bebb7fcb6521a7cf","user_id":7,"username":"ldata"}
[2025-11-05 22:48:23]Raw Call Stat: {"success":true,"response":{"success":true,"channel":"SIP\/2002-0000004b","status":"up","status_detail":"Call is active and answered - media is flowing","dtmf_input":"2","dtmf_updated_at":"2025-11-05 17:15:07","dtmf_array":{"dtmf_input":"2","updated_at":"2025-11-05 17:15:07"}},"error":null}
[2025-11-05 22:48:23]Failed to update DTMF input and Call Status into <calls> table
[2025-11-05 22:48:23]Starting api.php
[2025-11-05 22:48:23]Database connection successful
[2025-11-05 22:48:23]MagnusBilling initialized successfully
[2025-11-05 22:48:23]Processing action: get_call_status, User ID: 7, Session data: {"csrf_token":"9e567ecbe14387147011fe1fdd28386c3ac43e919e0423d2bebb7fcb6521a7cf","user_id":7,"username":"ldata"}
[2025-11-05 22:48:26]Raw Call Stat: {"success":true,"response":{"success":true,"channel":"SIP\/2002-0000004b","status":"up","status_detail":"Call is active and answered - media is flowing","dtmf_input":"2","dtmf_updated_at":"2025-11-05 17:15:07","dtmf_array":{"dtmf_input":"2","updated_at":"2025-11-05 17:15:07"}},"error":null}
[2025-11-05 22:48:26]Failed to update DTMF input and Call Status into <calls> table
[2025-11-05 22:48:26]Starting api.php
[2025-11-05 22:48:26]Database connection successful
[2025-11-05 22:48:26]MagnusBilling initialized successfully
[2025-11-05 22:48:26]Processing action: get_call_status, User ID: 7, Session data: {"csrf_token":"9e567ecbe14387147011fe1fdd28386c3ac43e919e0423d2bebb7fcb6521a7cf","user_id":7,"username":"ldata"}
[2025-11-05 22:48:27]Raw Call Stat: {"success":true,"response":{"success":true,"channel":"SIP\/2002-0000004b","status":"up","status_detail":"Call is active and answered - media is flowing","dtmf_input":"2","dtmf_updated_at":"2025-11-05 17:15:07","dtmf_array":{"dtmf_input":"2","updated_at":"2025-11-05 17:15:07"}},"error":null}
[2025-11-05 22:48:27]Failed to update DTMF input and Call Status into <calls> table
[2025-11-05 22:48:27]Starting api.php
[2025-11-05 22:48:27]Database connection successful
[2025-11-05 22:48:27]MagnusBilling initialized successfully
[2025-11-05 22:48:27]Processing action: get_call_status, User ID: 7, Session data: {"csrf_token":"9e567ecbe14387147011fe1fdd28386c3ac43e919e0423d2bebb7fcb6521a7cf","user_id":7,"username":"ldata"}
[2025-11-05 22:48:28]Raw Call Stat: {"success":true,"response":{"success":true,"channel":"SIP\/2002-0000004b","status":"up","status_detail":"Call is active and answered - media is flowing","dtmf_input":"2","dtmf_updated_at":"2025-11-05 17:15:07","dtmf_array":{"dtmf_input":"2","updated_at":"2025-11-05 17:15:07"}},"error":null}
[2025-11-05 22:48:28]Failed to update DTMF input and Call Status into <calls> table
[2025-11-05 22:48:29]Starting api.php
[2025-11-05 22:48:29]Database connection successful
[2025-11-05 22:48:29]MagnusBilling initialized successfully
[2025-11-05 22:48:29]Processing action: get_call_status, User ID: 7, Session data: {"csrf_token":"9e567ecbe14387147011fe1fdd28386c3ac43e919e0423d2bebb7fcb6521a7cf","user_id":7,"username":"ldata"}
[2025-11-05 22:48:30]Raw Call Stat: {"success":true,"response":{"success":true,"channel":"SIP\/2002-0000004b","status":"up","status_detail":"Call is active and answered - media is flowing","dtmf_input":"2","dtmf_updated_at":"2025-11-05 17:15:07","dtmf_array":{"dtmf_input":"2","updated_at":"2025-11-05 17:15:07"}},"error":null}
[2025-11-05 22:48:30]Failed to update DTMF input and Call Status into <calls> table
[2025-11-05 22:48:31]Starting api.php
[2025-11-05 22:48:31]Database connection successful
[2025-11-05 22:48:31]MagnusBilling initialized successfully
[2025-11-05 22:48:31]Processing action: get_call_status, User ID: 7, Session data: {"csrf_token":"9e567ecbe14387147011fe1fdd28386c3ac43e919e0423d2bebb7fcb6521a7cf","user_id":7,"username":"ldata"}
[2025-11-05 22:48:32]Raw Call Stat: {"success":true,"response":{"success":true,"channel":"SIP\/2002-0000004b","status":"up","status_detail":"Call is active and answered - media is flowing","dtmf_input":"2","dtmf_updated_at":"2025-11-05 17:15:07","dtmf_array":{"dtmf_input":"2","updated_at":"2025-11-05 17:15:07"}},"error":null}
[2025-11-05 22:48:32]Failed to update DTMF input and Call Status into <calls> table
[2025-11-05 22:48:33]Starting api.php
[2025-11-05 22:48:33]Database connection successful
[2025-11-05 22:48:33]MagnusBilling initialized successfully
[2025-11-05 22:48:33]Processing action: get_call_status, User ID: 7, Session data: {"csrf_token":"9e567ecbe14387147011fe1fdd28386c3ac43e919e0423d2bebb7fcb6521a7cf","user_id":7,"username":"ldata"}
[2025-11-05 22:48:34]Raw Call Stat: {"success":true,"response":{"success":true,"channel":"SIP\/2002-0000004b","status":"up","status_detail":"Call is active and answered - media is flowing","dtmf_input":"2","dtmf_updated_at":"2025-11-05 17:15:07","dtmf_array":{"dtmf_input":"2","updated_at":"2025-11-05 17:15:07"}},"error":null}
[2025-11-05 22:48:34]Failed to update DTMF input and Call Status into <calls> table
[2025-11-05 22:48:35]Starting api.php
[2025-11-05 22:48:35]Database connection successful
[2025-11-05 22:48:35]MagnusBilling initialized successfully
[2025-11-05 22:48:35]Processing action: get_call_status, User ID: 7, Session data: {"csrf_token":"9e567ecbe14387147011fe1fdd28386c3ac43e919e0423d2bebb7fcb6521a7cf","user_id":7,"username":"ldata"}
[2025-11-05 22:48:36]Raw Call Stat: {"success":true,"response":{"success":true,"channel":"SIP\/2002-0000004b","status":"up","status_detail":"Call is active and answered - media is flowing","dtmf_input":"2","dtmf_updated_at":"2025-11-05 17:15:07","dtmf_array":{"dtmf_input":"2","updated_at":"2025-11-05 17:15:07"}},"error":null}
[2025-11-05 22:48:36]Failed to update DTMF input and Call Status into <calls> table
[2025-11-05 22:48:37]Starting api.php
[2025-11-05 22:48:37]Database connection successful
[2025-11-05 22:48:37]MagnusBilling initialized successfully
[2025-11-05 22:48:37]Processing action: get_call_status, User ID: 7, Session data: {"csrf_token":"9e567ecbe14387147011fe1fdd28386c3ac43e919e0423d2bebb7fcb6521a7cf","user_id":7,"username":"ldata"}
[2025-11-05 22:48:38]Raw Call Stat: {"success":true,"response":{"success":true,"channel":"SIP\/2002-0000004b","status":"up","status_detail":"Call is active and answered - media is flowing","dtmf_input":"2","dtmf_updated_at":"2025-11-05 17:15:07","dtmf_array":{"dtmf_input":"2","updated_at":"2025-11-05 17:15:07"}},"error":null}
[2025-11-05 22:48:38]Failed to update DTMF input and Call Status into <calls> table
[2025-11-05 22:48:39]Starting api.php
[2025-11-05 22:48:39]Database connection successful
[2025-11-05 22:48:39]MagnusBilling initialized successfully
[2025-11-05 22:48:39]Processing action: get_call_status, User ID: 7, Session data: {"csrf_token":"9e567ecbe14387147011fe1fdd28386c3ac43e919e0423d2bebb7fcb6521a7cf","user_id":7,"username":"ldata"}
[2025-11-05 22:48:40]Raw Call Stat: {"success":true,"response":{"success":true,"channel":"SIP\/2002-0000004b","status":"up","status_detail":"Call is active and answered - media is flowing","dtmf_input":"2","dtmf_updated_at":"2025-11-05 17:15:07","dtmf_array":{"dtmf_input":"2","updated_at":"2025-11-05 17:15:07"}},"error":null}
[2025-11-05 22:48:40]Failed to update DTMF input and Call Status into <calls> table
[2025-11-05 22:48:41]Starting api.php
[2025-11-05 22:48:41]Database connection successful
[2025-11-05 22:48:41]MagnusBilling initialized successfully
[2025-11-05 22:48:41]Processing action: get_call_status, User ID: 7, Session data: {"csrf_token":"9e567ecbe14387147011fe1fdd28386c3ac43e919e0423d2bebb7fcb6521a7cf","user_id":7,"username":"ldata"}
[2025-11-05 22:48:42]Raw Call Stat: {"success":true,"response":{"success":true,"channel":"SIP\/2002-0000004b","status":"up","status_detail":"Call is active and answered - media is flowing","dtmf_input":"2","dtmf_updated_at":"2025-11-05 17:15:07","dtmf_array":{"dtmf_input":"2","updated_at":"2025-11-05 17:15:07"}},"error":null}
[2025-11-05 22:48:42]Failed to update DTMF input and Call Status into <calls> table
[2025-11-05 22:48:43]Starting api.php
[2025-11-05 22:48:43]Database connection successful
[2025-11-05 22:48:43]MagnusBilling initialized successfully
[2025-11-05 22:48:43]Processing action: get_call_status, User ID: 7, Session data: {"csrf_token":"9e567ecbe14387147011fe1fdd28386c3ac43e919e0423d2bebb7fcb6521a7cf","user_id":7,"username":"ldata"}
[2025-11-05 22:48:44]Raw Call Stat: {"success":true,"response":{"success":true,"channel":"SIP\/2002-0000004b","status":"up","status_detail":"Call is active and answered - media is flowing","dtmf_input":"2","dtmf_updated_at":"2025-11-05 17:15:07","dtmf_array":{"dtmf_input":"2","updated_at":"2025-11-05 17:15:07"}},"error":null}
[2025-11-05 22:48:44]Failed to update DTMF input and Call Status into <calls> table
[2025-11-05 22:48:45]Starting api.php
[2025-11-05 22:48:45]Database connection successful
[2025-11-05 22:48:45]MagnusBilling initialized successfully
[2025-11-05 22:48:45]Processing action: get_call_status, User ID: 7, Session data: {"csrf_token":"9e567ecbe14387147011fe1fdd28386c3ac43e919e0423d2bebb7fcb6521a7cf","user_id":7,"username":"ldata"}
[2025-11-05 22:48:46]Raw Call Stat: {"success":true,"response":{"success":true,"channel":"SIP\/2002-0000004b","status":"up","status_detail":"Call is active and answered - media is flowing","dtmf_input":"2","dtmf_updated_at":"2025-11-05 17:15:07","dtmf_array":{"dtmf_input":"2","updated_at":"2025-11-05 17:15:07"}},"error":null}
[2025-11-05 22:48:46]Failed to update DTMF input and Call Status into <calls> table
[2025-11-05 22:48:47]Starting api.php
[2025-11-05 22:48:47]Database connection successful
[2025-11-05 22:48:47]MagnusBilling initialized successfully
[2025-11-05 22:48:47]Processing action: get_call_status, User ID: 7, Session data: {"csrf_token":"9e567ecbe14387147011fe1fdd28386c3ac43e919e0423d2bebb7fcb6521a7cf","user_id":7,"username":"ldata"}
[2025-11-05 22:48:48]Raw Call Stat: {"success":false,"response":"{\"success\":false,\"error\":\"Error:x: Read timeout Line: 424 File:\\\/var\\\/www\\\/html\\\/mbilling\\\/api\\\/call\\\/vendor\\\/marcelog\\\/pami\\\/src\\\/PAMI\\\/Client\\\/Impl\\\/ClientImpl.php\"}","error":"HTTP Error: 400"}
[2025-11-05 22:48:48]Failed to get call status: HTTP Error: 400
[2025-11-05 22:48:49]Starting api.php
[2025-11-05 22:48:49]Database connection successful
[2025-11-05 22:48:49]MagnusBilling initialized successfully
[2025-11-05 22:48:49]Processing action: get_call_status, User ID: 7, Session data: {"csrf_token":"9e567ecbe14387147011fe1fdd28386c3ac43e919e0423d2bebb7fcb6521a7cf","user_id":7,"username":"ldata"}
[2025-11-05 22:48:50]Raw Call Stat: {"success":true,"response":{"success":true,"channel":"SIP\/2002-0000004b","status":"up","status_detail":"Call is active and answered - media is flowing","dtmf_input":"2","dtmf_updated_at":"2025-11-05 17:15:07","dtmf_array":{"dtmf_input":"2","updated_at":"2025-11-05 17:15:07"}},"error":null}
[2025-11-05 22:48:50]Failed to update DTMF input and Call Status into <calls> table
[2025-11-05 22:48:51]Starting api.php
[2025-11-05 22:48:51]Database connection successful
[2025-11-05 22:48:51]MagnusBilling initialized successfully
[2025-11-05 22:48:51]Processing action: get_call_status, User ID: 7, Session data: {"csrf_token":"9e567ecbe14387147011fe1fdd28386c3ac43e919e0423d2bebb7fcb6521a7cf","user_id":7,"username":"ldata"}
[2025-11-05 22:48:52]Raw Call Stat: {"success":true,"response":{"success":true,"channel":"SIP\/2002-0000004b","status":"up","status_detail":"Call is active and answered - media is flowing","dtmf_input":"2","dtmf_updated_at":"2025-11-05 17:15:07","dtmf_array":{"dtmf_input":"2","updated_at":"2025-11-05 17:15:07"}},"error":null}
[2025-11-05 22:48:52]Failed to update DTMF input and Call Status into <calls> table
[2025-11-05 22:48:53]Starting api.php
[2025-11-05 22:48:53]Database connection successful
[2025-11-05 22:48:53]MagnusBilling initialized successfully
[2025-11-05 22:48:53]Processing action: get_call_status, User ID: 7, Session data: {"csrf_token":"9e567ecbe14387147011fe1fdd28386c3ac43e919e0423d2bebb7fcb6521a7cf","user_id":7,"username":"ldata"}
[2025-11-05 22:48:54]Raw Call Stat: {"success":true,"response":{"success":true,"channel":"SIP\/2002-0000004b","status":"up","status_detail":"Call is active and answered - media is flowing","dtmf_input":"2","dtmf_updated_at":"2025-11-05 17:15:07","dtmf_array":{"dtmf_input":"2","updated_at":"2025-11-05 17:15:07"}},"error":null}
[2025-11-05 22:48:54]Failed to update DTMF input and Call Status into <calls> table
[2025-11-05 22:48:55]Starting api.php
[2025-11-05 22:48:55]Database connection successful
[2025-11-05 22:48:55]MagnusBilling initialized successfully
[2025-11-05 22:48:55]Processing action: get_call_status, User ID: 7, Session data: {"csrf_token":"9e567ecbe14387147011fe1fdd28386c3ac43e919e0423d2bebb7fcb6521a7cf","user_id":7,"username":"ldata"}
[2025-11-05 22:48:56]Raw Call Stat: {"success":true,"response":{"success":true,"channel":"SIP\/2002-0000004b","status":"up","status_detail":"Call is active and answered - media is flowing","dtmf_input":"2","dtmf_updated_at":"2025-11-05 17:15:07","dtmf_array":{"dtmf_input":"2","updated_at":"2025-11-05 17:15:07"}},"error":null}
[2025-11-05 22:48:56]Failed to update DTMF input and Call Status into <calls> table
[2025-11-05 22:48:57]Starting api.php
[2025-11-05 22:48:57]Database connection successful
[2025-11-05 22:48:57]MagnusBilling initialized successfully
[2025-11-05 22:48:57]Processing action: get_call_status, User ID: 7, Session data: {"csrf_token":"9e567ecbe14387147011fe1fdd28386c3ac43e919e0423d2bebb7fcb6521a7cf","user_id":7,"username":"ldata"}
[2025-11-05 22:48:59]Raw Call Stat: {"success":true,"response":{"success":true,"channel":"SIP\/2002-0000004b","status":"up","status_detail":"Call is active and answered - media is flowing","dtmf_input":"2","dtmf_updated_at":"2025-11-05 17:15:07","dtmf_array":{"dtmf_input":"2","updated_at":"2025-11-05 17:15:07"}},"error":null}
[2025-11-05 22:48:59]Failed to update DTMF input and Call Status into <calls> table
[2025-11-05 22:48:59]Starting api.php
[2025-11-05 22:48:59]Database connection successful
[2025-11-05 22:48:59]MagnusBilling initialized successfully
[2025-11-05 22:48:59]Processing action: get_call_status, User ID: 7, Session data: {"csrf_token":"9e567ecbe14387147011fe1fdd28386c3ac43e919e0423d2bebb7fcb6521a7cf","user_id":7,"username":"ldata"}
[2025-11-05 22:49:00]Raw Call Stat: {"success":true,"response":{"success":true,"channel":"SIP\/2002-0000004b","status":"up","status_detail":"Call is active and answered - media is flowing","dtmf_input":"2","dtmf_updated_at":"2025-11-05 17:15:07","dtmf_array":{"dtmf_input":"2","updated_at":"2025-11-05 17:15:07"}},"error":null}
[2025-11-05 22:49:00]Failed to update DTMF input and Call Status into <calls> table
[2025-11-05 22:49:01]Starting api.php
[2025-11-05 22:49:01]Database connection successful
[2025-11-05 22:49:01]MagnusBilling initialized successfully
[2025-11-05 22:49:01]Processing action: get_call_status, User ID: 7, Session data: {"csrf_token":"9e567ecbe14387147011fe1fdd28386c3ac43e919e0423d2bebb7fcb6521a7cf","user_id":7,"username":"ldata"}
[2025-11-05 22:49:06]Raw Call Stat: {"success":true,"response":{"success":true,"channel":"SIP\/2002-0000004b","status":"up","status_detail":"Call is active and answered - media is flowing","dtmf_input":"2","dtmf_updated_at":"2025-11-05 17:15:07","dtmf_array":{"dtmf_input":"2","updated_at":"2025-11-05 17:15:07"}},"error":null}
[2025-11-05 22:49:06]Failed to update DTMF input and Call Status into <calls> table
[2025-11-05 22:49:06]Starting api.php
[2025-11-05 22:49:06]Database connection successful
[2025-11-05 22:49:06]MagnusBilling initialized successfully
[2025-11-05 22:49:06]Processing action: get_call_status, User ID: 7, Session data: {"csrf_token":"9e567ecbe14387147011fe1fdd28386c3ac43e919e0423d2bebb7fcb6521a7cf","user_id":7,"username":"ldata"}
[2025-11-05 22:49:07]Raw Call Stat: {"success":true,"response":{"success":true,"channel":"SIP\/2002-0000004b","status":"up","status_detail":"Call is active and answered - media is flowing","dtmf_input":"2","dtmf_updated_at":"2025-11-05 17:15:07","dtmf_array":{"dtmf_input":"2","updated_at":"2025-11-05 17:15:07"}},"error":null}
[2025-11-05 22:49:07]Failed to update DTMF input and Call Status into <calls> table
[2025-11-05 22:49:07]Starting api.php
[2025-11-05 22:49:07]Database connection successful
[2025-11-05 22:49:07]MagnusBilling initialized successfully
[2025-11-05 22:49:07]Processing action: get_call_status, User ID: 7, Session data: {"csrf_token":"9e567ecbe14387147011fe1fdd28386c3ac43e919e0423d2bebb7fcb6521a7cf","user_id":7,"username":"ldata"}
[2025-11-05 22:49:09]Raw Call Stat: {"success":true,"response":{"success":true,"channel":"SIP\/2002-0000004b","status":"up","status_detail":"Call is active and answered - media is flowing","dtmf_input":"2","dtmf_updated_at":"2025-11-05 17:15:07","dtmf_array":{"dtmf_input":"2","updated_at":"2025-11-05 17:15:07"}},"error":null}
[2025-11-05 22:49:09]Failed to update DTMF input and Call Status into <calls> table
[2025-11-05 22:49:09]Starting api.php
[2025-11-05 22:49:09]Database connection successful
[2025-11-05 22:49:09]MagnusBilling initialized successfully
[2025-11-05 22:49:09]Processing action: get_call_status, User ID: 7, Session data: {"csrf_token":"9e567ecbe14387147011fe1fdd28386c3ac43e919e0423d2bebb7fcb6521a7cf","user_id":7,"username":"ldata"}
[2025-11-05 22:49:10]Raw Call Stat: {"success":true,"response":{"success":true,"channel":"SIP\/2002-0000004b","status":"up","status_detail":"Call is active and answered - media is flowing","dtmf_input":"2","dtmf_updated_at":"2025-11-05 17:15:07","dtmf_array":{"dtmf_input":"2","updated_at":"2025-11-05 17:15:07"}},"error":null}
[2025-11-05 22:49:10]Failed to update DTMF input and Call Status into <calls> table
[2025-11-05 22:49:10]Starting api.php
[2025-11-05 22:49:10]Database connection successful
[2025-11-05 22:49:10]MagnusBilling initialized successfully
[2025-11-05 22:49:10]Processing action: get_call_status, User ID: 7, Session data: {"csrf_token":"9e567ecbe14387147011fe1fdd28386c3ac43e919e0423d2bebb7fcb6521a7cf","user_id":7,"username":"ldata"}
[2025-11-05 22:49:11]Raw Call Stat: {"success":true,"response":{"success":true,"channel":"SIP\/2002-0000004b","status":"up","status_detail":"Call is active and answered - media is flowing","dtmf_input":"2","dtmf_updated_at":"2025-11-05 17:15:07","dtmf_array":{"dtmf_input":"2","updated_at":"2025-11-05 17:15:07"}},"error":null}
[2025-11-05 22:49:11]Failed to update DTMF input and Call Status into <calls> table
[2025-11-05 22:49:11]Starting api.php
[2025-11-05 22:49:11]Database connection successful
[2025-11-05 22:49:11]MagnusBilling initialized successfully
[2025-11-05 22:49:11]Processing action: get_call_status, User ID: 7, Session data: {"csrf_token":"9e567ecbe14387147011fe1fdd28386c3ac43e919e0423d2bebb7fcb6521a7cf","user_id":7,"username":"ldata"}
[2025-11-05 22:49:13]Raw Call Stat: {"success":true,"response":{"success":true,"channel":"SIP\/2002-0000004b","status":"up","status_detail":"Call is active and answered - media is flowing","dtmf_input":"2","dtmf_updated_at":"2025-11-05 17:15:07","dtmf_array":{"dtmf_input":"2","updated_at":"2025-11-05 17:15:07"}},"error":null}
[2025-11-05 22:49:13]Failed to update DTMF input and Call Status into <calls> table
[2025-11-05 22:49:13]Starting api.php
[2025-11-05 22:49:13]Database connection successful
[2025-11-05 22:49:13]MagnusBilling initialized successfully
[2025-11-05 22:49:13]Processing action: get_call_status, User ID: 7, Session data: {"csrf_token":"9e567ecbe14387147011fe1fdd28386c3ac43e919e0423d2bebb7fcb6521a7cf","user_id":7,"username":"ldata"}
[2025-11-05 22:49:14]Raw Call Stat: {"success":true,"response":{"success":true,"channel":"SIP\/2002-0000004b","status":"up","status_detail":"Call is active and answered - media is flowing","dtmf_input":"2","dtmf_updated_at":"2025-11-05 17:15:07","dtmf_array":{"dtmf_input":"2","updated_at":"2025-11-05 17:15:07"}},"error":null}
[2025-11-05 22:49:15]Failed to update DTMF input and Call Status into <calls> table
[2025-11-05 22:49:15]Starting api.php
[2025-11-05 22:49:15]Database connection successful
[2025-11-05 22:49:15]MagnusBilling initialized successfully
[2025-11-05 22:49:15]Processing action: get_call_status, User ID: 7, Session data: {"csrf_token":"9e567ecbe14387147011fe1fdd28386c3ac43e919e0423d2bebb7fcb6521a7cf","user_id":7,"username":"ldata"}
[2025-11-05 22:49:16]Raw Call Stat: {"success":true,"response":{"success":true,"channel":"SIP\/2002-0000004b","status":"up","status_detail":"Call is active and answered - media is flowing","dtmf_input":"2","dtmf_updated_at":"2025-11-05 17:15:07","dtmf_array":{"dtmf_input":"2","updated_at":"2025-11-05 17:15:07"}},"error":null}
[2025-11-05 22:49:16]Failed to update DTMF input and Call Status into <calls> table
[2025-11-05 22:49:17]Starting api.php
[2025-11-05 22:49:17]Database connection successful
[2025-11-05 22:49:17]MagnusBilling initialized successfully
[2025-11-05 22:49:17]Processing action: get_call_status, User ID: 7, Session data: {"csrf_token":"9e567ecbe14387147011fe1fdd28386c3ac43e919e0423d2bebb7fcb6521a7cf","user_id":7,"username":"ldata"}
[2025-11-05 22:49:18]Raw Call Stat: {"success":true,"response":{"success":true,"channel":"SIP\/2002-0000004b","status":"up","status_detail":"Call is active and answered - media is flowing","dtmf_input":"2","dtmf_updated_at":"2025-11-05 17:15:07","dtmf_array":{"dtmf_input":"2","updated_at":"2025-11-05 17:15:07"}},"error":null}
[2025-11-05 22:49:18]Failed to update DTMF input and Call Status into <calls> table
[2025-11-05 22:49:19]Starting api.php
[2025-11-05 22:49:19]Database connection successful
[2025-11-05 22:49:19]MagnusBilling initialized successfully
[2025-11-05 22:49:19]Processing action: get_call_status, User ID: 7, Session data: {"csrf_token":"9e567ecbe14387147011fe1fdd28386c3ac43e919e0423d2bebb7fcb6521a7cf","user_id":7,"username":"ldata"}
[2025-11-05 22:49:20]Raw Call Stat: {"success":true,"response":{"success":true,"channel":"SIP\/2002-0000004b","status":"up","status_detail":"Call is active and answered - media is flowing","dtmf_input":"2","dtmf_updated_at":"2025-11-05 17:15:07","dtmf_array":{"dtmf_input":"2","updated_at":"2025-11-05 17:15:07"}},"error":null}
[2025-11-05 22:49:20]Failed to update DTMF input and Call Status into <calls> table
[2025-11-05 22:49:21]Starting api.php
[2025-11-05 22:49:21]Database connection successful
[2025-11-05 22:49:21]MagnusBilling initialized successfully
[2025-11-05 22:49:21]Processing action: get_call_status, User ID: 7, Session data: {"csrf_token":"9e567ecbe14387147011fe1fdd28386c3ac43e919e0423d2bebb7fcb6521a7cf","user_id":7,"username":"ldata"}
[2025-11-05 22:49:22]Raw Call Stat: {"success":true,"response":{"success":true,"channel":"SIP\/2002-0000004b","status":"up","status_detail":"Call is active and answered - media is flowing","dtmf_input":"2","dtmf_updated_at":"2025-11-05 17:15:07","dtmf_array":{"dtmf_input":"2","updated_at":"2025-11-05 17:15:07"}},"error":null}
[2025-11-05 22:49:22]Failed to update DTMF input and Call Status into <calls> table
[2025-11-05 22:49:23]Starting api.php
[2025-11-05 22:49:23]Database connection successful
[2025-11-05 22:49:23]MagnusBilling initialized successfully
[2025-11-05 22:49:23]Processing action: get_call_status, User ID: 7, Session data: {"csrf_token":"9e567ecbe14387147011fe1fdd28386c3ac43e919e0423d2bebb7fcb6521a7cf","user_id":7,"username":"ldata"}
[2025-11-05 22:49:24]Raw Call Stat: {"success":true,"response":{"success":true,"channel":"SIP\/2002-0000004b","status":"up","status_detail":"Call is active and answered - media is flowing","dtmf_input":"2","dtmf_updated_at":"2025-11-05 17:15:07","dtmf_array":{"dtmf_input":"2","updated_at":"2025-11-05 17:15:07"}},"error":null}
[2025-11-05 22:49:25]Failed to update DTMF input and Call Status into <calls> table
[2025-11-05 22:49:25]Starting api.php
[2025-11-05 22:49:25]Database connection successful
[2025-11-05 22:49:25]MagnusBilling initialized successfully
[2025-11-05 22:49:25]Processing action: get_call_status, User ID: 7, Session data: {"csrf_token":"9e567ecbe14387147011fe1fdd28386c3ac43e919e0423d2bebb7fcb6521a7cf","user_id":7,"username":"ldata"}
[2025-11-05 22:49:26]Raw Call Stat: {"success":true,"response":{"success":true,"channel":"SIP\/2002-0000004b","status":"up","status_detail":"Call is active and answered - media is flowing","dtmf_input":"2","dtmf_updated_at":"2025-11-05 17:15:07","dtmf_array":{"dtmf_input":"2","updated_at":"2025-11-05 17:15:07"}},"error":null}
[2025-11-05 22:49:26]Failed to update DTMF input and Call Status into <calls> table
[2025-11-05 22:49:27]Starting api.php
[2025-11-05 22:49:27]Database connection successful
[2025-11-05 22:49:27]MagnusBilling initialized successfully
[2025-11-05 22:49:27]Processing action: get_call_status, User ID: 7, Session data: {"csrf_token":"9e567ecbe14387147011fe1fdd28386c3ac43e919e0423d2bebb7fcb6521a7cf","user_id":7,"username":"ldata"}
[2025-11-05 22:49:28]Raw Call Stat: {"success":true,"response":{"success":true,"channel":"SIP\/2002-0000004b","status":"up","status_detail":"Call is active and answered - media is flowing","dtmf_input":"2","dtmf_updated_at":"2025-11-05 17:15:07","dtmf_array":{"dtmf_input":"2","updated_at":"2025-11-05 17:15:07"}},"error":null}
[2025-11-05 22:49:28]Failed to update DTMF input and Call Status into <calls> table
[2025-11-05 22:49:29]Starting api.php
[2025-11-05 22:49:29]Database connection successful
[2025-11-05 22:49:29]MagnusBilling initialized successfully
[2025-11-05 22:49:29]Processing action: get_call_status, User ID: 7, Session data: {"csrf_token":"9e567ecbe14387147011fe1fdd28386c3ac43e919e0423d2bebb7fcb6521a7cf","user_id":7,"username":"ldata"}
[2025-11-05 22:49:30]Raw Call Stat: {"success":true,"response":{"success":true,"channel":"SIP\/2002-0000004b","status":"up","status_detail":"Call is active and answered - media is flowing","dtmf_input":"2","dtmf_updated_at":"2025-11-05 17:15:07","dtmf_array":{"dtmf_input":"2","updated_at":"2025-11-05 17:15:07"}},"error":null}
[2025-11-05 22:49:30]Failed to update DTMF input and Call Status into <calls> table
[2025-11-05 22:49:31]Starting api.php
[2025-11-05 22:49:31]Database connection successful
[2025-11-05 22:49:31]MagnusBilling initialized successfully
[2025-11-05 22:49:31]Processing action: get_call_status, User ID: 7, Session data: {"csrf_token":"9e567ecbe14387147011fe1fdd28386c3ac43e919e0423d2bebb7fcb6521a7cf","user_id":7,"username":"ldata"}
[2025-11-05 22:49:32]Raw Call Stat: {"success":true,"response":{"success":true,"channel":"SIP\/2002-0000004b","status":"up","status_detail":"Call is active and answered - media is flowing","dtmf_input":"2","dtmf_updated_at":"2025-11-05 17:15:07","dtmf_array":{"dtmf_input":"2","updated_at":"2025-11-05 17:15:07"}},"error":null}
[2025-11-05 22:49:32]Failed to update DTMF input and Call Status into <calls> table
[2025-11-05 22:49:33]Starting api.php
[2025-11-05 22:49:33]Database connection successful
[2025-11-05 22:49:33]MagnusBilling initialized successfully
[2025-11-05 22:49:33]Processing action: get_call_status, User ID: 7, Session data: {"csrf_token":"9e567ecbe14387147011fe1fdd28386c3ac43e919e0423d2bebb7fcb6521a7cf","user_id":7,"username":"ldata"}
[2025-11-05 22:49:35]Raw Call Stat: {"success":true,"response":{"success":true,"channel":"SIP\/2002-0000004b","status":"up","status_detail":"Call is active and answered - media is flowing","dtmf_input":"2","dtmf_updated_at":"2025-11-05 17:15:07","dtmf_array":{"dtmf_input":"2","updated_at":"2025-11-05 17:15:07"}},"error":null}
[2025-11-05 22:49:35]Failed to update DTMF input and Call Status into <calls> table
[2025-11-05 22:49:35]Starting api.php
[2025-11-05 22:49:35]Database connection successful
[2025-11-05 22:49:35]MagnusBilling initialized successfully
[2025-11-05 22:49:35]Processing action: get_call_status, User ID: 7, Session data: {"csrf_token":"9e567ecbe14387147011fe1fdd28386c3ac43e919e0423d2bebb7fcb6521a7cf","user_id":7,"username":"ldata"}
[2025-11-05 22:49:36]Raw Call Stat: {"success":true,"response":{"success":true,"channel":"SIP\/2002-0000004b","status":"up","status_detail":"Call is active and answered - media is flowing","dtmf_input":"2","dtmf_updated_at":"2025-11-05 17:15:07","dtmf_array":{"dtmf_input":"2","updated_at":"2025-11-05 17:15:07"}},"error":null}
[2025-11-05 22:49:36]Failed to update DTMF input and Call Status into <calls> table
[2025-11-05 22:49:37]Starting api.php
[2025-11-05 22:49:37]Database connection successful
[2025-11-05 22:49:37]MagnusBilling initialized successfully
[2025-11-05 22:49:37]Processing action: get_call_status, User ID: 7, Session data: {"csrf_token":"9e567ecbe14387147011fe1fdd28386c3ac43e919e0423d2bebb7fcb6521a7cf","user_id":7,"username":"ldata"}
[2025-11-05 22:49:38]Raw Call Stat: {"success":true,"response":{"success":true,"channel":"SIP\/2002-0000004b","status":"up","status_detail":"Call is active and answered - media is flowing","dtmf_input":"2","dtmf_updated_at":"2025-11-05 17:15:07","dtmf_array":{"dtmf_input":"2","updated_at":"2025-11-05 17:15:07"}},"error":null}
[2025-11-05 22:49:38]Failed to update DTMF input and Call Status into <calls> table
[2025-11-05 22:49:39]Starting api.php
[2025-11-05 22:49:39]Database connection successful
[2025-11-05 22:49:39]MagnusBilling initialized successfully
[2025-11-05 22:49:39]Processing action: get_call_status, User ID: 7, Session data: {"csrf_token":"9e567ecbe14387147011fe1fdd28386c3ac43e919e0423d2bebb7fcb6521a7cf","user_id":7,"username":"ldata"}
[2025-11-05 22:49:40]Raw Call Stat: {"success":true,"response":{"success":true,"channel":"SIP\/2002-0000004b","status":"up","status_detail":"Call is active and answered - media is flowing","dtmf_input":"2","dtmf_updated_at":"2025-11-05 17:15:07","dtmf_array":{"dtmf_input":"2","updated_at":"2025-11-05 17:15:07"}},"error":null}
[2025-11-05 22:49:40]Failed to update DTMF input and Call Status into <calls> table
[2025-11-05 22:49:41]Starting api.php
[2025-11-05 22:49:41]Database connection successful
[2025-11-05 22:49:41]MagnusBilling initialized successfully
[2025-11-05 22:49:41]Processing action: get_call_status, User ID: 7, Session data: {"csrf_token":"9e567ecbe14387147011fe1fdd28386c3ac43e919e0423d2bebb7fcb6521a7cf","user_id":7,"username":"ldata"}
[2025-11-05 22:49:42]Raw Call Stat: {"success":true,"response":{"success":true,"channel":"SIP\/2002-0000004b","status":"up","status_detail":"Call is active and answered - media is flowing","dtmf_input":"2","dtmf_updated_at":"2025-11-05 17:15:07","dtmf_array":{"dtmf_input":"2","updated_at":"2025-11-05 17:15:07"}},"error":null}
[2025-11-05 22:49:42]Failed to update DTMF input and Call Status into <calls> table
[2025-11-05 22:49:43]Starting api.php
[2025-11-05 22:49:43]Database connection successful
[2025-11-05 22:49:43]MagnusBilling initialized successfully
[2025-11-05 22:49:43]Processing action: get_call_status, User ID: 7, Session data: {"csrf_token":"9e567ecbe14387147011fe1fdd28386c3ac43e919e0423d2bebb7fcb6521a7cf","user_id":7,"username":"ldata"}
[2025-11-05 22:49:44]Raw Call Stat: {"success":true,"response":{"success":true,"channel":"SIP\/2002-0000004b","status":"up","status_detail":"Call is active and answered - media is flowing","dtmf_input":"2","dtmf_updated_at":"2025-11-05 17:15:07","dtmf_array":{"dtmf_input":"2","updated_at":"2025-11-05 17:15:07"}},"error":null}
[2025-11-05 22:49:44]Failed to update DTMF input and Call Status into <calls> table
[2025-11-05 22:49:45]Starting api.php
[2025-11-05 22:49:45]Database connection successful
[2025-11-05 22:49:45]MagnusBilling initialized successfully
[2025-11-05 22:49:45]Processing action: get_call_status, User ID: 7, Session data: {"csrf_token":"9e567ecbe14387147011fe1fdd28386c3ac43e919e0423d2bebb7fcb6521a7cf","user_id":7,"username":"ldata"}
[2025-11-05 22:49:46]Raw Call Stat: {"success":true,"response":{"success":true,"channel":"SIP\/2002-0000004b","status":"up","status_detail":"Call is active and answered - media is flowing","dtmf_input":"2","dtmf_updated_at":"2025-11-05 17:15:07","dtmf_array":{"dtmf_input":"2","updated_at":"2025-11-05 17:15:07"}},"error":null}
[2025-11-05 22:49:46]Failed to update DTMF input and Call Status into <calls> table
[2025-11-05 22:49:47]Starting api.php
[2025-11-05 22:49:47]Database connection successful
[2025-11-05 22:49:47]MagnusBilling initialized successfully
[2025-11-05 22:49:47]Processing action: get_call_status, User ID: 7, Session data: {"csrf_token":"9e567ecbe14387147011fe1fdd28386c3ac43e919e0423d2bebb7fcb6521a7cf","user_id":7,"username":"ldata"}
[2025-11-05 22:49:48]Raw Call Stat: {"success":true,"response":{"success":true,"channel":"SIP\/2002-0000004b","status":"up","status_detail":"Call is active and answered - media is flowing","dtmf_input":"2","dtmf_updated_at":"2025-11-05 17:15:07","dtmf_array":{"dtmf_input":"2","updated_at":"2025-11-05 17:15:07"}},"error":null}
[2025-11-05 22:49:48]Failed to update DTMF input and Call Status into <calls> table
[2025-11-05 22:49:49]Starting api.php
[2025-11-05 22:49:49]Database connection successful
[2025-11-05 22:49:49]MagnusBilling initialized successfully
[2025-11-05 22:49:49]Processing action: get_call_status, User ID: 7, Session data: {"csrf_token":"9e567ecbe14387147011fe1fdd28386c3ac43e919e0423d2bebb7fcb6521a7cf","user_id":7,"username":"ldata"}
[2025-11-05 22:49:51]Raw Call Stat: {"success":true,"response":{"success":true,"channel":"SIP\/2002-0000004b","status":"up","status_detail":"Call is active and answered - media is flowing","dtmf_input":"2","dtmf_updated_at":"2025-11-05 17:15:07","dtmf_array":{"dtmf_input":"2","updated_at":"2025-11-05 17:15:07"}},"error":null}
[2025-11-05 22:49:51]Failed to update DTMF input and Call Status into <calls> table
[2025-11-05 22:49:51]Starting api.php
[2025-11-05 22:49:51]Database connection successful
[2025-11-05 22:49:51]MagnusBilling initialized successfully
[2025-11-05 22:49:51]Processing action: get_call_status, User ID: 7, Session data: {"csrf_token":"9e567ecbe14387147011fe1fdd28386c3ac43e919e0423d2bebb7fcb6521a7cf","user_id":7,"username":"ldata"}
[2025-11-05 22:49:52]Raw Call Stat: {"success":true,"response":{"success":true,"channel":"SIP\/2002-0000004b","status":"up","status_detail":"Call is active and answered - media is flowing","dtmf_input":"2","dtmf_updated_at":"2025-11-05 17:15:07","dtmf_array":{"dtmf_input":"2","updated_at":"2025-11-05 17:15:07"}},"error":null}
[2025-11-05 22:49:52]Failed to update DTMF input and Call Status into <calls> table
[2025-11-05 22:49:53]Starting api.php
[2025-11-05 22:49:53]Database connection successful
[2025-11-05 22:49:53]MagnusBilling initialized successfully
[2025-11-05 22:49:53]Processing action: get_call_status, User ID: 7, Session data: {"csrf_token":"9e567ecbe14387147011fe1fdd28386c3ac43e919e0423d2bebb7fcb6521a7cf","user_id":7,"username":"ldata"}
[2025-11-05 22:49:54]Raw Call Stat: {"success":true,"response":{"success":true,"channel":"SIP\/2002-0000004b","status":"up","status_detail":"Call is active and answered - media is flowing","dtmf_input":"2","dtmf_updated_at":"2025-11-05 17:15:07","dtmf_array":{"dtmf_input":"2","updated_at":"2025-11-05 17:15:07"}},"error":null}
[2025-11-05 22:49:54]Failed to update DTMF input and Call Status into <calls> table
[2025-11-05 22:49:55]Starting api.php
[2025-11-05 22:49:55]Database connection successful
[2025-11-05 22:49:55]MagnusBilling initialized successfully
[2025-11-05 22:49:55]Processing action: get_call_status, User ID: 7, Session data: {"csrf_token":"9e567ecbe14387147011fe1fdd28386c3ac43e919e0423d2bebb7fcb6521a7cf","user_id":7,"username":"ldata"}
[2025-11-05 22:49:56]Raw Call Stat: {"success":true,"response":{"success":true,"channel":"SIP\/2002-0000004b","status":"up","status_detail":"Call is active and answered - media is flowing","dtmf_input":"2","dtmf_updated_at":"2025-11-05 17:15:07","dtmf_array":{"dtmf_input":"2","updated_at":"2025-11-05 17:15:07"}},"error":null}
[2025-11-05 22:49:56]Failed to update DTMF input and Call Status into <calls> table
[2025-11-05 22:49:57]Starting api.php
[2025-11-05 22:49:57]Database connection successful
[2025-11-05 22:49:57]MagnusBilling initialized successfully
[2025-11-05 22:49:57]Processing action: get_call_status, User ID: 7, Session data: {"csrf_token":"9e567ecbe14387147011fe1fdd28386c3ac43e919e0423d2bebb7fcb6521a7cf","user_id":7,"username":"ldata"}
[2025-11-05 22:49:58]Raw Call Stat: {"success":true,"response":{"success":true,"channel":"SIP\/2002-0000004b","status":"up","status_detail":"Call is active and answered - media is flowing","dtmf_input":"2","dtmf_updated_at":"2025-11-05 17:15:07","dtmf_array":{"dtmf_input":"2","updated_at":"2025-11-05 17:15:07"}},"error":null}
[2025-11-05 22:49:58]Failed to update DTMF input and Call Status into <calls> table
[2025-11-05 22:49:59]Starting api.php
[2025-11-05 22:49:59]Database connection successful
[2025-11-05 22:49:59]MagnusBilling initialized successfully
[2025-11-05 22:49:59]Processing action: get_call_status, User ID: 7, Session data: {"csrf_token":"9e567ecbe14387147011fe1fdd28386c3ac43e919e0423d2bebb7fcb6521a7cf","user_id":7,"username":"ldata"}
[2025-11-05 22:50:01]Raw Call Stat: {"success":true,"response":{"success":true,"channel":"SIP\/2002-0000004b","status":"up","status_detail":"Call is active and answered - media is flowing","dtmf_input":"2","dtmf_updated_at":"2025-11-05 17:15:07","dtmf_array":{"dtmf_input":"2","updated_at":"2025-11-05 17:15:07"}},"error":null}
[2025-11-05 22:50:01]Failed to update DTMF input and Call Status into <calls> table
[2025-11-05 22:50:01]Starting api.php
[2025-11-05 22:50:01]Database connection successful
[2025-11-05 22:50:01]MagnusBilling initialized successfully
[2025-11-05 22:50:01]Processing action: get_call_status, User ID: 7, Session data: {"csrf_token":"9e567ecbe14387147011fe1fdd28386c3ac43e919e0423d2bebb7fcb6521a7cf","user_id":7,"username":"ldata"}
[2025-11-05 22:50:04]Raw Call Stat: {"success":true,"response":{"success":true,"channel":"SIP\/2002-0000004b","status":"up","status_detail":"Call is active and answered - media is flowing","dtmf_input":"2","dtmf_updated_at":"2025-11-05 17:15:07","dtmf_array":{"dtmf_input":"2","updated_at":"2025-11-05 17:15:07"}},"error":null}
[2025-11-05 22:50:04]Failed to update DTMF input and Call Status into <calls> table
[2025-11-05 22:50:04]Starting api.php
[2025-11-05 22:50:04]Database connection successful
[2025-11-05 22:50:04]MagnusBilling initialized successfully
[2025-11-05 22:50:04]Processing action: get_call_status, User ID: 7, Session data: {"csrf_token":"9e567ecbe14387147011fe1fdd28386c3ac43e919e0423d2bebb7fcb6521a7cf","user_id":7,"username":"ldata"}
[2025-11-05 22:50:08]Raw Call Stat: {"success":true,"response":{"success":true,"channel":"SIP\/2002-0000004b","status":"up","status_detail":"Call is active and answered - media is flowing","dtmf_input":"2","dtmf_updated_at":"2025-11-05 17:15:07","dtmf_array":{"dtmf_input":"2","updated_at":"2025-11-05 17:15:07"}},"error":null}
[2025-11-05 22:50:08]Failed to update DTMF input and Call Status into <calls> table
[2025-11-05 22:50:08]Starting api.php
[2025-11-05 22:50:08]Database connection successful
[2025-11-05 22:50:08]MagnusBilling initialized successfully
[2025-11-05 22:50:08]Processing action: get_call_status, User ID: 7, Session data: {"csrf_token":"9e567ecbe14387147011fe1fdd28386c3ac43e919e0423d2bebb7fcb6521a7cf","user_id":7,"username":"ldata"}
[2025-11-05 22:50:10]Raw Call Stat: {"success":true,"response":{"success":true,"channel":"SIP\/2002-0000004b","status":"up","status_detail":"Call is active and answered - media is flowing","dtmf_input":"2","dtmf_updated_at":"2025-11-05 17:15:07","dtmf_array":{"dtmf_input":"2","updated_at":"2025-11-05 17:15:07"}},"error":null}
[2025-11-05 22:50:10]Failed to update DTMF input and Call Status into <calls> table
[2025-11-05 22:50:10]Starting api.php
[2025-11-05 22:50:10]Database connection successful
[2025-11-05 22:50:10]MagnusBilling initialized successfully
[2025-11-05 22:50:10]Processing action: get_call_status, User ID: 7, Session data: {"csrf_token":"9e567ecbe14387147011fe1fdd28386c3ac43e919e0423d2bebb7fcb6521a7cf","user_id":7,"username":"ldata"}
[2025-11-05 22:50:12]Raw Call Stat: {"success":true,"response":{"success":true,"channel":"SIP\/2002-0000004b","status":"up","status_detail":"Call is active and answered - media is flowing","dtmf_input":"2","dtmf_updated_at":"2025-11-05 17:15:07","dtmf_array":{"dtmf_input":"2","updated_at":"2025-11-05 17:15:07"}},"error":null}
[2025-11-05 22:50:12]Failed to update DTMF input and Call Status into <calls> table
[2025-11-05 22:50:12]Starting api.php
[2025-11-05 22:50:12]Database connection successful
[2025-11-05 22:50:12]MagnusBilling initialized successfully
[2025-11-05 22:50:12]Processing action: get_call_status, User ID: 7, Session data: {"csrf_token":"9e567ecbe14387147011fe1fdd28386c3ac43e919e0423d2bebb7fcb6521a7cf","user_id":7,"username":"ldata"}
[2025-11-05 22:50:13]Raw Call Stat: {"success":true,"response":{"success":true,"channel":"SIP\/2002-0000004b","status":"up","status_detail":"Call is active and answered - media is flowing","dtmf_input":"2","dtmf_updated_at":"2025-11-05 17:15:07","dtmf_array":{"dtmf_input":"2","updated_at":"2025-11-05 17:15:07"}},"error":null}
[2025-11-05 22:50:13]Failed to update DTMF input and Call Status into <calls> table
[2025-11-05 22:50:13]Starting api.php
[2025-11-05 22:50:13]Database connection successful
[2025-11-05 22:50:13]MagnusBilling initialized successfully
[2025-11-05 22:50:13]Processing action: get_call_status, User ID: 7, Session data: {"csrf_token":"9e567ecbe14387147011fe1fdd28386c3ac43e919e0423d2bebb7fcb6521a7cf","user_id":7,"username":"ldata"}
[2025-11-05 22:50:14]Raw Call Stat: {"success":true,"response":{"success":true,"channel":"SIP\/2002-0000004b","status":"up","status_detail":"Call is active and answered - media is flowing","dtmf_input":"2","dtmf_updated_at":"2025-11-05 17:15:07","dtmf_array":{"dtmf_input":"2","updated_at":"2025-11-05 17:15:07"}},"error":null}
[2025-11-05 22:50:14]Failed to update DTMF input and Call Status into <calls> table
[2025-11-05 22:50:14]Starting api.php
[2025-11-05 22:50:14]Database connection successful
[2025-11-05 22:50:14]MagnusBilling initialized successfully
[2025-11-05 22:50:14]Processing action: get_call_status, User ID: 7, Session data: {"csrf_token":"9e567ecbe14387147011fe1fdd28386c3ac43e919e0423d2bebb7fcb6521a7cf","user_id":7,"username":"ldata"}
[2025-11-05 22:50:16]Raw Call Stat: {"success":true,"response":{"success":true,"channel":"SIP\/2002-0000004b","status":"up","status_detail":"Call is active and answered - media is flowing","dtmf_input":"2","dtmf_updated_at":"2025-11-05 17:15:07","dtmf_array":{"dtmf_input":"2","updated_at":"2025-11-05 17:15:07"}},"error":null}
[2025-11-05 22:50:16]Failed to update DTMF input and Call Status into <calls> table
[2025-11-05 22:50:16]Starting api.php
[2025-11-05 22:50:16]Database connection successful
[2025-11-05 22:50:16]MagnusBilling initialized successfully
[2025-11-05 22:50:16]Processing action: get_call_status, User ID: 7, Session data: {"csrf_token":"9e567ecbe14387147011fe1fdd28386c3ac43e919e0423d2bebb7fcb6521a7cf","user_id":7,"username":"ldata"}
[2025-11-05 22:50:17]Raw Call Stat: {"success":true,"response":{"success":true,"channel":"SIP\/2002-0000004b","status":"up","status_detail":"Call is active and answered - media is flowing","dtmf_input":"2","dtmf_updated_at":"2025-11-05 17:15:07","dtmf_array":{"dtmf_input":"2","updated_at":"2025-11-05 17:15:07"}},"error":null}
[2025-11-05 22:50:17]Failed to update DTMF input and Call Status into <calls> table
[2025-11-05 22:50:17]Starting api.php
[2025-11-05 22:50:17]Database connection successful
[2025-11-05 22:50:17]MagnusBilling initialized successfully
[2025-11-05 22:50:17]Processing action: get_call_status, User ID: 7, Session data: {"csrf_token":"9e567ecbe14387147011fe1fdd28386c3ac43e919e0423d2bebb7fcb6521a7cf","user_id":7,"username":"ldata"}
[2025-11-05 22:50:18]Raw Call Stat: {"success":true,"response":{"success":true,"channel":"SIP\/2002-0000004b","status":"up","status_detail":"Call is active and answered - media is flowing","dtmf_input":"2","dtmf_updated_at":"2025-11-05 17:15:07","dtmf_array":{"dtmf_input":"2","updated_at":"2025-11-05 17:15:07"}},"error":null}
[2025-11-05 22:50:18]Failed to update DTMF input and Call Status into <calls> table
[2025-11-05 22:50:19]Starting api.php
[2025-11-05 22:50:19]Database connection successful
[2025-11-05 22:50:19]MagnusBilling initialized successfully
[2025-11-05 22:50:19]Processing action: get_call_status, User ID: 7, Session data: {"csrf_token":"9e567ecbe14387147011fe1fdd28386c3ac43e919e0423d2bebb7fcb6521a7cf","user_id":7,"username":"ldata"}
[2025-11-05 22:50:20]Raw Call Stat: {"success":true,"response":{"success":true,"channel":"SIP\/2002-0000004b","status":"up","status_detail":"Call is active and answered - media is flowing","dtmf_input":"2","dtmf_updated_at":"2025-11-05 17:15:07","dtmf_array":{"dtmf_input":"2","updated_at":"2025-11-05 17:15:07"}},"error":null}
[2025-11-05 22:50:20]Failed to update DTMF input and Call Status into <calls> table
[2025-11-05 22:50:23]Starting api.php
[2025-11-05 22:50:23]Database connection successful
[2025-11-05 22:50:23]MagnusBilling initialized successfully
[2025-11-05 22:50:23]Processing action: get_call_status, User ID: 7, Session data: {"csrf_token":"9e567ecbe14387147011fe1fdd28386c3ac43e919e0423d2bebb7fcb6521a7cf","user_id":7,"username":"ldata"}
[2025-11-05 22:50:24]Raw Call Stat: {"success":true,"response":{"success":true,"channel":"SIP\/2002-0000004b","status":"up","status_detail":"Call is active and answered - media is flowing","dtmf_input":"2","dtmf_updated_at":"2025-11-05 17:15:07","dtmf_array":{"dtmf_input":"2","updated_at":"2025-11-05 17:15:07"}},"error":null}
[2025-11-05 22:50:24]Failed to update DTMF input and Call Status into <calls> table
[2025-11-05 22:50:25]Starting api.php
[2025-11-05 22:50:25]Database connection successful
[2025-11-05 22:50:25]MagnusBilling initialized successfully
[2025-11-05 22:50:25]Processing action: get_call_status, User ID: 7, Session data: {"csrf_token":"9e567ecbe14387147011fe1fdd28386c3ac43e919e0423d2bebb7fcb6521a7cf","user_id":7,"username":"ldata"}
[2025-11-05 22:50:26]Raw Call Stat: {"success":true,"response":{"success":true,"channel":"SIP\/2002-0000004b","status":"up","status_detail":"Call is active and answered - media is flowing","dtmf_input":"2","dtmf_updated_at":"2025-11-05 17:15:07","dtmf_array":{"dtmf_input":"2","updated_at":"2025-11-05 17:15:07"}},"error":null}
[2025-11-05 22:50:26]Failed to update DTMF input and Call Status into <calls> table
[2025-11-05 22:50:27]Starting api.php
[2025-11-05 22:50:27]Database connection successful
[2025-11-05 22:50:27]MagnusBilling initialized successfully
[2025-11-05 22:50:27]Processing action: get_call_status, User ID: 7, Session data: {"csrf_token":"9e567ecbe14387147011fe1fdd28386c3ac43e919e0423d2bebb7fcb6521a7cf","user_id":7,"username":"ldata"}
[2025-11-05 22:50:28]Raw Call Stat: {"success":true,"response":{"success":true,"channel":"SIP\/2002-0000004b","status":"up","status_detail":"Call is active and answered - media is flowing","dtmf_input":"2","dtmf_updated_at":"2025-11-05 17:15:07","dtmf_array":{"dtmf_input":"2","updated_at":"2025-11-05 17:15:07"}},"error":null}
[2025-11-05 22:50:28]Failed to update DTMF input and Call Status into <calls> table
[2025-11-05 22:50:29]Starting api.php
[2025-11-05 22:50:29]Database connection successful
[2025-11-05 22:50:29]MagnusBilling initialized successfully
[2025-11-05 22:50:29]Processing action: get_call_status, User ID: 7, Session data: {"csrf_token":"9e567ecbe14387147011fe1fdd28386c3ac43e919e0423d2bebb7fcb6521a7cf","user_id":7,"username":"ldata"}
[2025-11-05 22:50:30]Raw Call Stat: {"success":true,"response":{"success":true,"channel":"SIP\/2002-0000004b","status":"up","status_detail":"Call is active and answered - media is flowing","dtmf_input":"2","dtmf_updated_at":"2025-11-05 17:15:07","dtmf_array":{"dtmf_input":"2","updated_at":"2025-11-05 17:15:07"}},"error":null}
[2025-11-05 22:50:30]Failed to update DTMF input and Call Status into <calls> table
[2025-11-05 22:50:31]Starting api.php
[2025-11-05 22:50:31]Database connection successful
[2025-11-05 22:50:31]MagnusBilling initialized successfully
[2025-11-05 22:50:31]Processing action: get_call_status, User ID: 7, Session data: {"csrf_token":"9e567ecbe14387147011fe1fdd28386c3ac43e919e0423d2bebb7fcb6521a7cf","user_id":7,"username":"ldata"}
[2025-11-05 22:50:32]Raw Call Stat: {"success":true,"response":{"success":true,"channel":"SIP\/2002-0000004b","status":"up","status_detail":"Call is active and answered - media is flowing","dtmf_input":"2","dtmf_updated_at":"2025-11-05 17:15:07","dtmf_array":{"dtmf_input":"2","updated_at":"2025-11-05 17:15:07"}},"error":null}
[2025-11-05 22:50:32]Failed to update DTMF input and Call Status into <calls> table
[2025-11-05 22:50:33]Starting api.php
[2025-11-05 22:50:33]Database connection successful
[2025-11-05 22:50:33]MagnusBilling initialized successfully
[2025-11-05 22:50:33]Processing action: get_call_status, User ID: 7, Session data: {"csrf_token":"9e567ecbe14387147011fe1fdd28386c3ac43e919e0423d2bebb7fcb6521a7cf","user_id":7,"username":"ldata"}
[2025-11-05 22:50:34]Raw Call Stat: {"success":true,"response":{"success":true,"channel":"SIP\/2002-0000004b","status":"up","status_detail":"Call is active and answered - media is flowing","dtmf_input":"2","dtmf_updated_at":"2025-11-05 17:15:07","dtmf_array":{"dtmf_input":"2","updated_at":"2025-11-05 17:15:07"}},"error":null}
[2025-11-05 22:50:34]Failed to update DTMF input and Call Status into <calls> table
[2025-11-05 22:50:35]Starting api.php
[2025-11-05 22:50:35]Database connection successful
[2025-11-05 22:50:35]MagnusBilling initialized successfully
[2025-11-05 22:50:35]Processing action: get_call_status, User ID: 7, Session data: {"csrf_token":"9e567ecbe14387147011fe1fdd28386c3ac43e919e0423d2bebb7fcb6521a7cf","user_id":7,"username":"ldata"}
[2025-11-05 22:50:36]Raw Call Stat: {"success":true,"response":{"success":true,"channel":"SIP\/2002-0000004b","status":"up","status_detail":"Call is active and answered - media is flowing","dtmf_input":"2","dtmf_updated_at":"2025-11-05 17:15:07","dtmf_array":{"dtmf_input":"2","updated_at":"2025-11-05 17:15:07"}},"error":null}
[2025-11-05 22:50:36]Failed to update DTMF input and Call Status into <calls> table
[2025-11-05 22:50:37]Starting api.php
[2025-11-05 22:50:37]Database connection successful
[2025-11-05 22:50:37]MagnusBilling initialized successfully
[2025-11-05 22:50:37]Processing action: get_call_status, User ID: 7, Session data: {"csrf_token":"9e567ecbe14387147011fe1fdd28386c3ac43e919e0423d2bebb7fcb6521a7cf","user_id":7,"username":"ldata"}
[2025-11-05 22:50:38]Raw Call Stat: {"success":true,"response":{"success":true,"channel":"SIP\/2002-0000004b","status":"up","status_detail":"Call is active and answered - media is flowing","dtmf_input":"2","dtmf_updated_at":"2025-11-05 17:15:07","dtmf_array":{"dtmf_input":"2","updated_at":"2025-11-05 17:15:07"}},"error":null}
[2025-11-05 22:50:38]Failed to update DTMF input and Call Status into <calls> table
[2025-11-05 22:50:39]Starting api.php
[2025-11-05 22:50:39]Database connection successful
[2025-11-05 22:50:39]MagnusBilling initialized successfully
[2025-11-05 22:50:39]Processing action: get_call_status, User ID: 7, Session data: {"csrf_token":"9e567ecbe14387147011fe1fdd28386c3ac43e919e0423d2bebb7fcb6521a7cf","user_id":7,"username":"ldata"}
[2025-11-05 22:50:40]Raw Call Stat: {"success":true,"response":{"success":true,"channel":"SIP\/2002-0000004b","status":"up","status_detail":"Call is active and answered - media is flowing","dtmf_input":"2","dtmf_updated_at":"2025-11-05 17:15:07","dtmf_array":{"dtmf_input":"2","updated_at":"2025-11-05 17:15:07"}},"error":null}
[2025-11-05 22:50:40]Failed to update DTMF input and Call Status into <calls> table
[2025-11-05 22:50:41]Starting api.php
[2025-11-05 22:50:41]Database connection successful
[2025-11-05 22:50:41]MagnusBilling initialized successfully
[2025-11-05 22:50:41]Processing action: get_call_status, User ID: 7, Session data: {"csrf_token":"9e567ecbe14387147011fe1fdd28386c3ac43e919e0423d2bebb7fcb6521a7cf","user_id":7,"username":"ldata"}
[2025-11-05 22:50:42]Raw Call Stat: {"success":true,"response":{"success":true,"channel":"SIP\/2002-0000004b","status":"up","status_detail":"Call is active and answered - media is flowing","dtmf_input":"2","dtmf_updated_at":"2025-11-05 17:15:07","dtmf_array":{"dtmf_input":"2","updated_at":"2025-11-05 17:15:07"}},"error":null}
[2025-11-05 22:50:42]Failed to update DTMF input and Call Status into <calls> table
[2025-11-05 22:50:43]Starting api.php
[2025-11-05 22:50:43]Database connection successful
[2025-11-05 22:50:43]MagnusBilling initialized successfully
[2025-11-05 22:50:43]Processing action: get_call_status, User ID: 7, Session data: {"csrf_token":"9e567ecbe14387147011fe1fdd28386c3ac43e919e0423d2bebb7fcb6521a7cf","user_id":7,"username":"ldata"}
[2025-11-05 22:50:44]Raw Call Stat: {"success":true,"response":{"success":true,"channel":"SIP\/2002-0000004b","status":"up","status_detail":"Call is active and answered - media is flowing","dtmf_input":"2","dtmf_updated_at":"2025-11-05 17:15:07","dtmf_array":{"dtmf_input":"2","updated_at":"2025-11-05 17:15:07"}},"error":null}
[2025-11-05 22:50:44]Failed to update DTMF input and Call Status into <calls> table
[2025-11-05 22:50:45]Starting api.php
[2025-11-05 22:50:45]Database connection successful
[2025-11-05 22:50:45]MagnusBilling initialized successfully
[2025-11-05 22:50:45]Processing action: get_call_status, User ID: 7, Session data: {"csrf_token":"9e567ecbe14387147011fe1fdd28386c3ac43e919e0423d2bebb7fcb6521a7cf","user_id":7,"username":"ldata"}
[2025-11-05 22:50:46]Raw Call Stat: {"success":true,"response":{"success":true,"channel":"SIP\/2002-0000004b","status":"up","status_detail":"Call is active and answered - media is flowing","dtmf_input":"2","dtmf_updated_at":"2025-11-05 17:15:07","dtmf_array":{"dtmf_input":"2","updated_at":"2025-11-05 17:15:07"}},"error":null}
[2025-11-05 22:50:46]Failed to update DTMF input and Call Status into <calls> table
[2025-11-05 22:50:47]Starting api.php
[2025-11-05 22:50:47]Database connection successful
[2025-11-05 22:50:47]MagnusBilling initialized successfully
[2025-11-05 22:50:47]Processing action: get_call_status, User ID: 7, Session data: {"csrf_token":"9e567ecbe14387147011fe1fdd28386c3ac43e919e0423d2bebb7fcb6521a7cf","user_id":7,"username":"ldata"}
[2025-11-05 22:50:48]Raw Call Stat: {"success":true,"response":{"success":true,"channel":"SIP\/2002-0000004b","status":"up","status_detail":"Call is active and answered - media is flowing","dtmf_input":"2","dtmf_updated_at":"2025-11-05 17:15:07","dtmf_array":{"dtmf_input":"2","updated_at":"2025-11-05 17:15:07"}},"error":null}
[2025-11-05 22:50:48]Failed to update DTMF input and Call Status into <calls> table
[2025-11-05 22:50:49]Starting api.php
[2025-11-05 22:50:49]Database connection successful
[2025-11-05 22:50:49]MagnusBilling initialized successfully
[2025-11-05 22:50:49]Processing action: get_call_status, User ID: 7, Session data: {"csrf_token":"9e567ecbe14387147011fe1fdd28386c3ac43e919e0423d2bebb7fcb6521a7cf","user_id":7,"username":"ldata"}
[2025-11-05 22:50:50]Raw Call Stat: {"success":true,"response":{"success":true,"channel":"SIP\/2002-0000004b","status":"up","status_detail":"Call is active and answered - media is flowing","dtmf_input":"2","dtmf_updated_at":"2025-11-05 17:15:07","dtmf_array":{"dtmf_input":"2","updated_at":"2025-11-05 17:15:07"}},"error":null}
[2025-11-05 22:50:50]Failed to update DTMF input and Call Status into <calls> table
[2025-11-05 22:50:54]Starting api.php
[2025-11-05 22:50:54]Database connection successful
[2025-11-05 22:50:54]MagnusBilling initialized successfully
[2025-11-05 22:50:54]Processing action: get_call_status, User ID: 7, Session data: {"csrf_token":"9e567ecbe14387147011fe1fdd28386c3ac43e919e0423d2bebb7fcb6521a7cf","user_id":7,"username":"ldata"}
[2025-11-05 22:50:56]Raw Call Stat: {"success":true,"response":{"success":true,"channel":"SIP\/2002-0000004b","status":"up","status_detail":"Call is active and answered - media is flowing","dtmf_input":"2","dtmf_updated_at":"2025-11-05 17:15:07","dtmf_array":{"dtmf_input":"2","updated_at":"2025-11-05 17:15:07"}},"error":null}
[2025-11-05 22:50:56]Failed to update DTMF input and Call Status into <calls> table
[2025-11-05 22:50:56]Starting api.php
[2025-11-05 22:50:56]Database connection successful
[2025-11-05 22:50:56]MagnusBilling initialized successfully
[2025-11-05 22:50:56]Processing action: get_call_status, User ID: 7, Session data: {"csrf_token":"9e567ecbe14387147011fe1fdd28386c3ac43e919e0423d2bebb7fcb6521a7cf","user_id":7,"username":"ldata"}
[2025-11-05 22:50:57]Raw Call Stat: {"success":true,"response":{"success":true,"channel":"SIP\/2002-0000004b","status":"up","status_detail":"Call is active and answered - media is flowing","dtmf_input":"2","dtmf_updated_at":"2025-11-05 17:15:07","dtmf_array":{"dtmf_input":"2","updated_at":"2025-11-05 17:15:07"}},"error":null}
[2025-11-05 22:50:57]Failed to update DTMF input and Call Status into <calls> table
[2025-11-05 22:50:57]Starting api.php
[2025-11-05 22:50:57]Database connection successful
[2025-11-05 22:50:57]MagnusBilling initialized successfully
[2025-11-05 22:50:57]Processing action: get_call_status, User ID: 7, Session data: {"csrf_token":"9e567ecbe14387147011fe1fdd28386c3ac43e919e0423d2bebb7fcb6521a7cf","user_id":7,"username":"ldata"}
[2025-11-05 22:50:59]Raw Call Stat: {"success":true,"response":{"success":true,"channel":"SIP\/2002-0000004b","status":"up","status_detail":"Call is active and answered - media is flowing","dtmf_input":"2","dtmf_updated_at":"2025-11-05 17:15:07","dtmf_array":{"dtmf_input":"2","updated_at":"2025-11-05 17:15:07"}},"error":null}
[2025-11-05 22:50:59]Failed to update DTMF input and Call Status into <calls> table
[2025-11-05 22:50:59]Starting api.php
[2025-11-05 22:50:59]Database connection successful
[2025-11-05 22:50:59]MagnusBilling initialized successfully
[2025-11-05 22:50:59]Processing action: get_call_status, User ID: 7, Session data: {"csrf_token":"9e567ecbe14387147011fe1fdd28386c3ac43e919e0423d2bebb7fcb6521a7cf","user_id":7,"username":"ldata"}
[2025-11-05 22:51:00]Raw Call Stat: {"success":true,"response":{"success":true,"channel":"SIP\/2002-0000004b","status":"up","status_detail":"Call is active and answered - media is flowing","dtmf_input":"2","dtmf_updated_at":"2025-11-05 17:15:07","dtmf_array":{"dtmf_input":"2","updated_at":"2025-11-05 17:15:07"}},"error":null}
[2025-11-05 22:51:00]Failed to update DTMF input and Call Status into <calls> table
[2025-11-05 22:51:00]Starting api.php
[2025-11-05 22:51:00]Database connection successful
[2025-11-05 22:51:00]MagnusBilling initialized successfully
[2025-11-05 22:51:00]Processing action: get_call_status, User ID: 7, Session data: {"csrf_token":"9e567ecbe14387147011fe1fdd28386c3ac43e919e0423d2bebb7fcb6521a7cf","user_id":7,"username":"ldata"}
[2025-11-05 22:51:02]Raw Call Stat: {"success":true,"response":{"success":true,"channel":"SIP\/2002-0000004b","status":"up","status_detail":"Call is active and answered - media is flowing","dtmf_input":"2","dtmf_updated_at":"2025-11-05 17:15:07","dtmf_array":{"dtmf_input":"2","updated_at":"2025-11-05 17:15:07"}},"error":null}
[2025-11-05 22:51:02]Failed to update DTMF input and Call Status into <calls> table
[2025-11-05 22:51:03]Starting api.php
[2025-11-05 22:51:03]Database connection successful
[2025-11-05 22:51:03]MagnusBilling initialized successfully
[2025-11-05 22:51:03]Processing action: get_call_status, User ID: 7, Session data: {"csrf_token":"9e567ecbe14387147011fe1fdd28386c3ac43e919e0423d2bebb7fcb6521a7cf","user_id":7,"username":"ldata"}
[2025-11-05 22:51:07]Raw Call Stat: {"success":true,"response":{"success":true,"channel":"SIP\/2002-0000004b","status":"up","status_detail":"Call is active and answered - media is flowing","dtmf_input":"2","dtmf_updated_at":"2025-11-05 17:15:07","dtmf_array":{"dtmf_input":"2","updated_at":"2025-11-05 17:15:07"}},"error":null}
[2025-11-05 22:51:07]Failed to update DTMF input and Call Status into <calls> table
[2025-11-05 22:51:07]Starting api.php
[2025-11-05 22:51:07]Database connection successful
[2025-11-05 22:51:07]MagnusBilling initialized successfully
[2025-11-05 22:51:07]Processing action: get_call_status, User ID: 7, Session data: {"csrf_token":"9e567ecbe14387147011fe1fdd28386c3ac43e919e0423d2bebb7fcb6521a7cf","user_id":7,"username":"ldata"}
[2025-11-05 22:51:08]Raw Call Stat: {"success":true,"response":{"success":true,"channel":"SIP\/2002-0000004b","status":"up","status_detail":"Call is active and answered - media is flowing","dtmf_input":"2","dtmf_updated_at":"2025-11-05 17:15:07","dtmf_array":{"dtmf_input":"2","updated_at":"2025-11-05 17:15:07"}},"error":null}
[2025-11-05 22:51:08]Failed to update DTMF input and Call Status into <calls> table
[2025-11-05 22:51:08]Starting api.php
[2025-11-05 22:51:08]Database connection successful
[2025-11-05 22:51:08]MagnusBilling initialized successfully
[2025-11-05 22:51:08]Processing action: get_call_status, User ID: 7, Session data: {"csrf_token":"9e567ecbe14387147011fe1fdd28386c3ac43e919e0423d2bebb7fcb6521a7cf","user_id":7,"username":"ldata"}
[2025-11-05 22:51:10]Raw Call Stat: {"success":true,"response":{"success":true,"channel":"SIP\/2002-0000004b","status":"up","status_detail":"Call is active and answered - media is flowing","dtmf_input":"2","dtmf_updated_at":"2025-11-05 17:15:07","dtmf_array":{"dtmf_input":"2","updated_at":"2025-11-05 17:15:07"}},"error":null}
[2025-11-05 22:51:10]Failed to update DTMF input and Call Status into <calls> table
[2025-11-05 22:51:10]Starting api.php
[2025-11-05 22:51:10]Database connection successful
[2025-11-05 22:51:10]MagnusBilling initialized successfully
[2025-11-05 22:51:10]Processing action: get_call_status, User ID: 7, Session data: {"csrf_token":"9e567ecbe14387147011fe1fdd28386c3ac43e919e0423d2bebb7fcb6521a7cf","user_id":7,"username":"ldata"}
[2025-11-05 22:51:11]Raw Call Stat: {"success":true,"response":{"success":true,"channel":"SIP\/2002-0000004b","status":"up","status_detail":"Call is active and answered - media is flowing","dtmf_input":"2","dtmf_updated_at":"2025-11-05 17:15:07","dtmf_array":{"dtmf_input":"2","updated_at":"2025-11-05 17:15:07"}},"error":null}
[2025-11-05 22:51:11]Failed to update DTMF input and Call Status into <calls> table
[2025-11-05 22:51:11]Starting api.php
[2025-11-05 22:51:11]Database connection successful
[2025-11-05 22:51:11]MagnusBilling initialized successfully
[2025-11-05 22:51:11]Processing action: get_call_status, User ID: 7, Session data: {"csrf_token":"9e567ecbe14387147011fe1fdd28386c3ac43e919e0423d2bebb7fcb6521a7cf","user_id":7,"username":"ldata"}
[2025-11-05 22:51:12]Raw Call Stat: {"success":true,"response":{"success":true,"channel":"SIP\/2002-0000004b","status":"up","status_detail":"Call is active and answered - media is flowing","dtmf_input":"2","dtmf_updated_at":"2025-11-05 17:15:07","dtmf_array":{"dtmf_input":"2","updated_at":"2025-11-05 17:15:07"}},"error":null}
[2025-11-05 22:51:12]Failed to update DTMF input and Call Status into <calls> table
[2025-11-05 22:51:12]Starting api.php
[2025-11-05 22:51:12]Database connection successful
[2025-11-05 22:51:12]MagnusBilling initialized successfully
[2025-11-05 22:51:12]Processing action: get_call_status, User ID: 7, Session data: {"csrf_token":"9e567ecbe14387147011fe1fdd28386c3ac43e919e0423d2bebb7fcb6521a7cf","user_id":7,"username":"ldata"}
[2025-11-05 22:51:14]Raw Call Stat: {"success":true,"response":{"success":true,"channel":"SIP\/2002-0000004b","status":"up","status_detail":"Call is active and answered - media is flowing","dtmf_input":"2","dtmf_updated_at":"2025-11-05 17:15:07","dtmf_array":{"dtmf_input":"2","updated_at":"2025-11-05 17:15:07"}},"error":null}
[2025-11-05 22:51:14]Failed to update DTMF input and Call Status into <calls> table
[2025-11-05 22:51:14]Starting api.php
[2025-11-05 22:51:14]Database connection successful
[2025-11-05 22:51:14]MagnusBilling initialized successfully
[2025-11-05 22:51:14]Processing action: get_call_status, User ID: 7, Session data: {"csrf_token":"9e567ecbe14387147011fe1fdd28386c3ac43e919e0423d2bebb7fcb6521a7cf","user_id":7,"username":"ldata"}
[2025-11-05 22:51:15]Raw Call Stat: {"success":true,"response":{"success":true,"channel":"SIP\/2002-0000004b","status":"up","status_detail":"Call is active and answered - media is flowing","dtmf_input":"2","dtmf_updated_at":"2025-11-05 17:15:07","dtmf_array":{"dtmf_input":"2","updated_at":"2025-11-05 17:15:07"}},"error":null}
[2025-11-05 22:51:15]Failed to update DTMF input and Call Status into <calls> table
[2025-11-05 22:51:15]Starting api.php
[2025-11-05 22:51:15]Database connection successful
[2025-11-05 22:51:15]MagnusBilling initialized successfully
[2025-11-05 22:51:15]Processing action: get_call_status, User ID: 7, Session data: {"csrf_token":"9e567ecbe14387147011fe1fdd28386c3ac43e919e0423d2bebb7fcb6521a7cf","user_id":7,"username":"ldata"}
[2025-11-05 22:51:17]Raw Call Stat: {"success":true,"response":{"success":true,"channel":"SIP\/2002-0000004b","status":"up","status_detail":"Call is active and answered - media is flowing","dtmf_input":"2","dtmf_updated_at":"2025-11-05 17:15:07","dtmf_array":{"dtmf_input":"2","updated_at":"2025-11-05 17:15:07"}},"error":null}
[2025-11-05 22:51:17]Failed to update DTMF input and Call Status into <calls> table
[2025-11-05 22:51:17]Starting api.php
[2025-11-05 22:51:17]Database connection successful
[2025-11-05 22:51:17]MagnusBilling initialized successfully
[2025-11-05 22:51:17]Processing action: get_call_status, User ID: 7, Session data: {"csrf_token":"9e567ecbe14387147011fe1fdd28386c3ac43e919e0423d2bebb7fcb6521a7cf","user_id":7,"username":"ldata"}
[2025-11-05 22:51:19]Raw Call Stat: {"success":true,"response":{"success":true,"channel":"SIP\/2002-0000004b","status":"up","status_detail":"Call is active and answered - media is flowing","dtmf_input":"2","dtmf_updated_at":"2025-11-05 17:15:07","dtmf_array":{"dtmf_input":"2","updated_at":"2025-11-05 17:15:07"}},"error":null}
[2025-11-05 22:51:19]Failed to update DTMF input and Call Status into <calls> table
[2025-11-05 22:51:19]Starting api.php
[2025-11-05 22:51:19]Database connection successful
[2025-11-05 22:51:19]MagnusBilling initialized successfully
[2025-11-05 22:51:19]Processing action: get_call_status, User ID: 7, Session data: {"csrf_token":"9e567ecbe14387147011fe1fdd28386c3ac43e919e0423d2bebb7fcb6521a7cf","user_id":7,"username":"ldata"}
[2025-11-05 22:51:20]Raw Call Stat: {"success":true,"response":{"success":true,"channel":"SIP\/2002-0000004b","status":"up","status_detail":"Call is active and answered - media is flowing","dtmf_input":"2","dtmf_updated_at":"2025-11-05 17:15:07","dtmf_array":{"dtmf_input":"2","updated_at":"2025-11-05 17:15:07"}},"error":null}
[2025-11-05 22:51:20]Failed to update DTMF input and Call Status into <calls> table
[2025-11-05 22:51:21]Starting api.php
[2025-11-05 22:51:21]Database connection successful
[2025-11-05 22:51:21]MagnusBilling initialized successfully
[2025-11-05 22:51:21]Processing action: get_call_status, User ID: 7, Session data: {"csrf_token":"9e567ecbe14387147011fe1fdd28386c3ac43e919e0423d2bebb7fcb6521a7cf","user_id":7,"username":"ldata"}
[2025-11-05 22:51:22]Raw Call Stat: {"success":true,"response":{"success":true,"channel":"SIP\/2002-0000004b","status":"up","status_detail":"Call is active and answered - media is flowing","dtmf_input":"2","dtmf_updated_at":"2025-11-05 17:15:07","dtmf_array":{"dtmf_input":"2","updated_at":"2025-11-05 17:15:07"}},"error":null}
[2025-11-05 22:51:22]Failed to update DTMF input and Call Status into <calls> table
[2025-11-05 22:51:23]Starting api.php
[2025-11-05 22:51:23]Database connection successful
[2025-11-05 22:51:23]MagnusBilling initialized successfully
[2025-11-05 22:51:23]Processing action: get_call_status, User ID: 7, Session data: {"csrf_token":"9e567ecbe14387147011fe1fdd28386c3ac43e919e0423d2bebb7fcb6521a7cf","user_id":7,"username":"ldata"}
[2025-11-05 22:51:25]Raw Call Stat: {"success":true,"response":{"success":true,"channel":"SIP\/2002-0000004b","status":"up","status_detail":"Call is active and answered - media is flowing","dtmf_input":"2","dtmf_updated_at":"2025-11-05 17:15:07","dtmf_array":{"dtmf_input":"2","updated_at":"2025-11-05 17:15:07"}},"error":null}
[2025-11-05 22:51:25]Failed to update DTMF input and Call Status into <calls> table
[2025-11-05 22:51:25]Starting api.php
[2025-11-05 22:51:25]Database connection successful
[2025-11-05 22:51:25]MagnusBilling initialized successfully
[2025-11-05 22:51:25]Processing action: get_call_status, User ID: 7, Session data: {"csrf_token":"9e567ecbe14387147011fe1fdd28386c3ac43e919e0423d2bebb7fcb6521a7cf","user_id":7,"username":"ldata"}
[2025-11-05 22:51:26]Raw Call Stat: {"success":true,"response":{"success":true,"channel":"SIP\/2002-0000004b","status":"up","status_detail":"Call is active and answered - media is flowing","dtmf_input":"2","dtmf_updated_at":"2025-11-05 17:15:07","dtmf_array":{"dtmf_input":"2","updated_at":"2025-11-05 17:15:07"}},"error":null}
[2025-11-05 22:51:26]Failed to update DTMF input and Call Status into <calls> table
[2025-11-05 22:51:27]Starting api.php
[2025-11-05 22:51:27]Database connection successful
[2025-11-05 22:51:27]MagnusBilling initialized successfully
[2025-11-05 22:51:27]Processing action: get_call_status, User ID: 7, Session data: {"csrf_token":"9e567ecbe14387147011fe1fdd28386c3ac43e919e0423d2bebb7fcb6521a7cf","user_id":7,"username":"ldata"}
[2025-11-05 22:51:28]Raw Call Stat: {"success":true,"response":{"success":true,"channel":"SIP\/2002-0000004b","status":"up","status_detail":"Call is active and answered - media is flowing","dtmf_input":"2","dtmf_updated_at":"2025-11-05 17:15:07","dtmf_array":{"dtmf_input":"2","updated_at":"2025-11-05 17:15:07"}},"error":null}
[2025-11-05 22:51:28]Failed to update DTMF input and Call Status into <calls> table
[2025-11-05 22:51:29]Starting api.php
[2025-11-05 22:51:29]Database connection successful
[2025-11-05 22:51:29]MagnusBilling initialized successfully
[2025-11-05 22:51:29]Processing action: get_call_status, User ID: 7, Session data: {"csrf_token":"9e567ecbe14387147011fe1fdd28386c3ac43e919e0423d2bebb7fcb6521a7cf","user_id":7,"username":"ldata"}
[2025-11-05 22:51:30]Raw Call Stat: {"success":true,"response":{"success":true,"channel":"SIP\/2002-0000004b","status":"up","status_detail":"Call is active and answered - media is flowing","dtmf_input":"2","dtmf_updated_at":"2025-11-05 17:15:07","dtmf_array":{"dtmf_input":"2","updated_at":"2025-11-05 17:15:07"}},"error":null}
[2025-11-05 22:51:30]Failed to update DTMF input and Call Status into <calls> table
[2025-11-05 22:51:31]Starting api.php
[2025-11-05 22:51:31]Database connection successful
[2025-11-05 22:51:31]MagnusBilling initialized successfully
[2025-11-05 22:51:31]Processing action: get_call_status, User ID: 7, Session data: {"csrf_token":"9e567ecbe14387147011fe1fdd28386c3ac43e919e0423d2bebb7fcb6521a7cf","user_id":7,"username":"ldata"}
[2025-11-05 22:51:32]Raw Call Stat: {"success":true,"response":{"success":true,"channel":"SIP\/2002-0000004b","status":"up","status_detail":"Call is active and answered - media is flowing","dtmf_input":"2","dtmf_updated_at":"2025-11-05 17:15:07","dtmf_array":{"dtmf_input":"2","updated_at":"2025-11-05 17:15:07"}},"error":null}
[2025-11-05 22:51:32]Failed to update DTMF input and Call Status into <calls> table
[2025-11-05 22:51:33]Starting api.php
[2025-11-05 22:51:33]Database connection successful
[2025-11-05 22:51:33]MagnusBilling initialized successfully
[2025-11-05 22:51:33]Processing action: get_call_status, User ID: 7, Session data: {"csrf_token":"9e567ecbe14387147011fe1fdd28386c3ac43e919e0423d2bebb7fcb6521a7cf","user_id":7,"username":"ldata"}
[2025-11-05 22:51:34]Raw Call Stat: {"success":true,"response":{"success":true,"channel":"SIP\/2002-0000004b","status":"up","status_detail":"Call is active and answered - media is flowing","dtmf_input":"2","dtmf_updated_at":"2025-11-05 17:15:07","dtmf_array":{"dtmf_input":"2","updated_at":"2025-11-05 17:15:07"}},"error":null}
[2025-11-05 22:51:34]Failed to update DTMF input and Call Status into <calls> table
[2025-11-05 22:51:35]Starting api.php
[2025-11-05 22:51:35]Database connection successful
[2025-11-05 22:51:35]MagnusBilling initialized successfully
[2025-11-05 22:51:35]Processing action: get_call_status, User ID: 7, Session data: {"csrf_token":"9e567ecbe14387147011fe1fdd28386c3ac43e919e0423d2bebb7fcb6521a7cf","user_id":7,"username":"ldata"}
[2025-11-05 22:51:36]Raw Call Stat: {"success":true,"response":{"success":true,"channel":"SIP\/2002-0000004b","status":"up","status_detail":"Call is active and answered - media is flowing","dtmf_input":"2","dtmf_updated_at":"2025-11-05 17:15:07","dtmf_array":{"dtmf_input":"2","updated_at":"2025-11-05 17:15:07"}},"error":null}
[2025-11-05 22:51:36]Failed to update DTMF input and Call Status into <calls> table
[2025-11-05 22:51:37]Starting api.php
[2025-11-05 22:51:37]Database connection successful
[2025-11-05 22:51:37]MagnusBilling initialized successfully
[2025-11-05 22:51:37]Processing action: get_call_status, User ID: 7, Session data: {"csrf_token":"9e567ecbe14387147011fe1fdd28386c3ac43e919e0423d2bebb7fcb6521a7cf","user_id":7,"username":"ldata"}
[2025-11-05 22:51:38]Raw Call Stat: {"success":true,"response":{"success":true,"channel":"SIP\/2002-0000004b","status":"up","status_detail":"Call is active and answered - media is flowing","dtmf_input":"2","dtmf_updated_at":"2025-11-05 17:15:07","dtmf_array":{"dtmf_input":"2","updated_at":"2025-11-05 17:15:07"}},"error":null}
[2025-11-05 22:51:38]Failed to update DTMF input and Call Status into <calls> table
[2025-11-05 22:51:39]Starting api.php
[2025-11-05 22:51:39]Database connection successful
[2025-11-05 22:51:39]MagnusBilling initialized successfully
[2025-11-05 22:51:39]Processing action: get_call_status, User ID: 7, Session data: {"csrf_token":"9e567ecbe14387147011fe1fdd28386c3ac43e919e0423d2bebb7fcb6521a7cf","user_id":7,"username":"ldata"}
[2025-11-05 22:51:40]Raw Call Stat: {"success":true,"response":{"success":true,"channel":"SIP\/2002-0000004b","status":"up","status_detail":"Call is active and answered - media is flowing","dtmf_input":"2","dtmf_updated_at":"2025-11-05 17:15:07","dtmf_array":{"dtmf_input":"2","updated_at":"2025-11-05 17:15:07"}},"error":null}
[2025-11-05 22:51:40]Failed to update DTMF input and Call Status into <calls> table
[2025-11-05 22:51:41]Starting api.php
[2025-11-05 22:51:41]Database connection successful
[2025-11-05 22:51:41]MagnusBilling initialized successfully
[2025-11-05 22:51:41]Processing action: get_call_status, User ID: 7, Session data: {"csrf_token":"9e567ecbe14387147011fe1fdd28386c3ac43e919e0423d2bebb7fcb6521a7cf","user_id":7,"username":"ldata"}
[2025-11-05 22:51:42]Raw Call Stat: {"success":true,"response":{"success":true,"channel":"SIP\/2002-0000004b","status":"up","status_detail":"Call is active and answered - media is flowing","dtmf_input":"2","dtmf_updated_at":"2025-11-05 17:15:07","dtmf_array":{"dtmf_input":"2","updated_at":"2025-11-05 17:15:07"}},"error":null}
[2025-11-05 22:51:42]Failed to update DTMF input and Call Status into <calls> table
[2025-11-05 22:51:43]Starting api.php
[2025-11-05 22:51:43]Database connection successful
[2025-11-05 22:51:43]MagnusBilling initialized successfully
[2025-11-05 22:51:43]Processing action: get_call_status, User ID: 7, Session data: {"csrf_token":"9e567ecbe14387147011fe1fdd28386c3ac43e919e0423d2bebb7fcb6521a7cf","user_id":7,"username":"ldata"}
[2025-11-05 22:51:44]Raw Call Stat: {"success":true,"response":{"success":true,"channel":"SIP\/2002-0000004b","status":"up","status_detail":"Call is active and answered - media is flowing","dtmf_input":"2","dtmf_updated_at":"2025-11-05 17:15:07","dtmf_array":{"dtmf_input":"2","updated_at":"2025-11-05 17:15:07"}},"error":null}
[2025-11-05 22:51:44]Failed to update DTMF input and Call Status into <calls> table
[2025-11-05 22:51:45]Starting api.php
[2025-11-05 22:51:45]Database connection successful
[2025-11-05 22:51:45]MagnusBilling initialized successfully
[2025-11-05 22:51:45]Processing action: get_call_status, User ID: 7, Session data: {"csrf_token":"9e567ecbe14387147011fe1fdd28386c3ac43e919e0423d2bebb7fcb6521a7cf","user_id":7,"username":"ldata"}
[2025-11-05 22:51:46]Raw Call Stat: {"success":true,"response":{"success":true,"channel":"SIP\/2002-0000004b","status":"up","status_detail":"Call is active and answered - media is flowing","dtmf_input":"2","dtmf_updated_at":"2025-11-05 17:15:07","dtmf_array":{"dtmf_input":"2","updated_at":"2025-11-05 17:15:07"}},"error":null}
[2025-11-05 22:51:46]Failed to update DTMF input and Call Status into <calls> table
[2025-11-05 22:51:47]Starting api.php
[2025-11-05 22:51:47]Database connection successful
[2025-11-05 22:51:47]MagnusBilling initialized successfully
[2025-11-05 22:51:47]Processing action: get_call_status, User ID: 7, Session data: {"csrf_token":"9e567ecbe14387147011fe1fdd28386c3ac43e919e0423d2bebb7fcb6521a7cf","user_id":7,"username":"ldata"}
[2025-11-05 22:51:48]Raw Call Stat: {"success":true,"response":{"success":true,"channel":"SIP\/2002-0000004b","status":"up","status_detail":"Call is active and answered - media is flowing","dtmf_input":"2","dtmf_updated_at":"2025-11-05 17:15:07","dtmf_array":{"dtmf_input":"2","updated_at":"2025-11-05 17:15:07"}},"error":null}
[2025-11-05 22:51:48]Failed to update DTMF input and Call Status into <calls> table
[2025-11-05 22:51:49]Starting api.php
[2025-11-05 22:51:49]Database connection successful
[2025-11-05 22:51:49]MagnusBilling initialized successfully
[2025-11-05 22:51:49]Processing action: get_call_status, User ID: 7, Session data: {"csrf_token":"9e567ecbe14387147011fe1fdd28386c3ac43e919e0423d2bebb7fcb6521a7cf","user_id":7,"username":"ldata"}
[2025-11-05 22:51:51]Raw Call Stat: {"success":true,"response":{"success":true,"channel":"SIP\/2002-0000004b","status":"up","status_detail":"Call is active and answered - media is flowing","dtmf_input":"2","dtmf_updated_at":"2025-11-05 17:15:07","dtmf_array":{"dtmf_input":"2","updated_at":"2025-11-05 17:15:07"}},"error":null}
[2025-11-05 22:51:51]Failed to update DTMF input and Call Status into <calls> table
[2025-11-05 22:51:51]Starting api.php
[2025-11-05 22:51:51]Database connection successful
[2025-11-05 22:51:51]MagnusBilling initialized successfully
[2025-11-05 22:51:51]Processing action: get_call_status, User ID: 7, Session data: {"csrf_token":"9e567ecbe14387147011fe1fdd28386c3ac43e919e0423d2bebb7fcb6521a7cf","user_id":7,"username":"ldata"}
[2025-11-05 22:51:53]Raw Call Stat: {"success":true,"response":{"success":true,"channel":"SIP\/2002-0000004b","status":"up","status_detail":"Call is active and answered - media is flowing","dtmf_input":"2","dtmf_updated_at":"2025-11-05 17:15:07","dtmf_array":{"dtmf_input":"2","updated_at":"2025-11-05 17:15:07"}},"error":null}
[2025-11-05 22:51:53]Failed to update DTMF input and Call Status into <calls> table
[2025-11-05 22:51:53]Starting api.php
[2025-11-05 22:51:53]Database connection successful
[2025-11-05 22:51:53]MagnusBilling initialized successfully
[2025-11-05 22:51:53]Processing action: get_call_status, User ID: 7, Session data: {"csrf_token":"9e567ecbe14387147011fe1fdd28386c3ac43e919e0423d2bebb7fcb6521a7cf","user_id":7,"username":"ldata"}
[2025-11-05 22:51:54]Raw Call Stat: {"success":true,"response":{"success":true,"channel":"SIP\/2002-0000004b","status":"up","status_detail":"Call is active and answered - media is flowing","dtmf_input":"2","dtmf_updated_at":"2025-11-05 17:15:07","dtmf_array":{"dtmf_input":"2","updated_at":"2025-11-05 17:15:07"}},"error":null}
[2025-11-05 22:51:54]Failed to update DTMF input and Call Status into <calls> table
[2025-11-05 22:51:55]Starting api.php
[2025-11-05 22:51:55]Database connection successful
[2025-11-05 22:51:55]MagnusBilling initialized successfully
[2025-11-05 22:51:55]Processing action: get_call_status, User ID: 7, Session data: {"csrf_token":"9e567ecbe14387147011fe1fdd28386c3ac43e919e0423d2bebb7fcb6521a7cf","user_id":7,"username":"ldata"}
[2025-11-05 22:51:56]Raw Call Stat: {"success":true,"response":{"success":true,"channel":"SIP\/2002-0000004b","status":"up","status_detail":"Call is active and answered - media is flowing","dtmf_input":"2","dtmf_updated_at":"2025-11-05 17:15:07","dtmf_array":{"dtmf_input":"2","updated_at":"2025-11-05 17:15:07"}},"error":null}
[2025-11-05 22:51:56]Failed to update DTMF input and Call Status into <calls> table
[2025-11-05 22:51:57]Starting api.php
[2025-11-05 22:51:57]Database connection successful
[2025-11-05 22:51:57]MagnusBilling initialized successfully
[2025-11-05 22:51:57]Processing action: get_call_status, User ID: 7, Session data: {"csrf_token":"9e567ecbe14387147011fe1fdd28386c3ac43e919e0423d2bebb7fcb6521a7cf","user_id":7,"username":"ldata"}
[2025-11-05 22:51:58]Raw Call Stat: {"success":true,"response":{"success":true,"channel":"SIP\/2002-0000004b","status":"up","status_detail":"Call is active and answered - media is flowing","dtmf_input":"2","dtmf_updated_at":"2025-11-05 17:15:07","dtmf_array":{"dtmf_input":"2","updated_at":"2025-11-05 17:15:07"}},"error":null}
[2025-11-05 22:51:58]Failed to update DTMF input and Call Status into <calls> table
[2025-11-05 22:51:59]Starting api.php
[2025-11-05 22:51:59]Database connection successful
[2025-11-05 22:51:59]MagnusBilling initialized successfully
[2025-11-05 22:51:59]Processing action: get_call_status, User ID: 7, Session data: {"csrf_token":"9e567ecbe14387147011fe1fdd28386c3ac43e919e0423d2bebb7fcb6521a7cf","user_id":7,"username":"ldata"}
[2025-11-05 22:52:00]Raw Call Stat: {"success":true,"response":{"success":true,"channel":"SIP\/2002-0000004b","status":"up","status_detail":"Call is active and answered - media is flowing","dtmf_input":"2","dtmf_updated_at":"2025-11-05 17:15:07","dtmf_array":{"dtmf_input":"2","updated_at":"2025-11-05 17:15:07"}},"error":null}
[2025-11-05 22:52:00]Failed to update DTMF input and Call Status into <calls> table
[2025-11-05 22:52:01]Starting api.php
[2025-11-05 22:52:01]Database connection successful
[2025-11-05 22:52:01]MagnusBilling initialized successfully
[2025-11-05 22:52:01]Processing action: get_call_status, User ID: 7, Session data: {"csrf_token":"9e567ecbe14387147011fe1fdd28386c3ac43e919e0423d2bebb7fcb6521a7cf","user_id":7,"username":"ldata"}
[2025-11-05 22:52:07]Raw Call Stat: {"success":true,"response":{"success":true,"channel":"SIP\/2002-0000004b","status":"up","status_detail":"Call is active and answered - media is flowing","dtmf_input":"2","dtmf_updated_at":"2025-11-05 17:15:07","dtmf_array":{"dtmf_input":"2","updated_at":"2025-11-05 17:15:07"}},"error":null}
[2025-11-05 22:52:07]Failed to update DTMF input and Call Status into <calls> table
[2025-11-05 22:52:07]Starting api.php
[2025-11-05 22:52:07]Database connection successful
[2025-11-05 22:52:07]MagnusBilling initialized successfully
[2025-11-05 22:52:07]Processing action: get_call_status, User ID: 7, Session data: {"csrf_token":"9e567ecbe14387147011fe1fdd28386c3ac43e919e0423d2bebb7fcb6521a7cf","user_id":7,"username":"ldata"}
[2025-11-05 22:52:09]Raw Call Stat: {"success":true,"response":{"success":true,"channel":"SIP\/2002-0000004b","status":"up","status_detail":"Call is active and answered - media is flowing","dtmf_input":"2","dtmf_updated_at":"2025-11-05 17:15:07","dtmf_array":{"dtmf_input":"2","updated_at":"2025-11-05 17:15:07"}},"error":null}
[2025-11-05 22:52:09]Failed to update DTMF input and Call Status into <calls> table
[2025-11-05 22:52:09]Starting api.php
[2025-11-05 22:52:09]Database connection successful
[2025-11-05 22:52:09]MagnusBilling initialized successfully
[2025-11-05 22:52:09]Processing action: get_call_status, User ID: 7, Session data: {"csrf_token":"9e567ecbe14387147011fe1fdd28386c3ac43e919e0423d2bebb7fcb6521a7cf","user_id":7,"username":"ldata"}
[2025-11-05 22:52:10]Raw Call Stat: {"success":true,"response":{"success":true,"channel":"SIP\/2002-0000004b","status":"up","status_detail":"Call is active and answered - media is flowing","dtmf_input":"2","dtmf_updated_at":"2025-11-05 17:15:07","dtmf_array":{"dtmf_input":"2","updated_at":"2025-11-05 17:15:07"}},"error":null}
[2025-11-05 22:52:10]Failed to update DTMF input and Call Status into <calls> table
[2025-11-05 22:52:10]Starting api.php
[2025-11-05 22:52:10]Database connection successful
[2025-11-05 22:52:10]MagnusBilling initialized successfully
[2025-11-05 22:52:10]Processing action: get_call_status, User ID: 7, Session data: {"csrf_token":"9e567ecbe14387147011fe1fdd28386c3ac43e919e0423d2bebb7fcb6521a7cf","user_id":7,"username":"ldata"}
[2025-11-05 22:52:11]Raw Call Stat: {"success":true,"response":{"success":true,"channel":"SIP\/2002-0000004b","status":"up","status_detail":"Call is active and answered - media is flowing","dtmf_input":"2","dtmf_updated_at":"2025-11-05 17:15:07","dtmf_array":{"dtmf_input":"2","updated_at":"2025-11-05 17:15:07"}},"error":null}
[2025-11-05 22:52:11]Failed to update DTMF input and Call Status into <calls> table
[2025-11-05 22:52:11]Starting api.php
[2025-11-05 22:52:11]Database connection successful
[2025-11-05 22:52:11]MagnusBilling initialized successfully
[2025-11-05 22:52:11]Processing action: get_call_status, User ID: 7, Session data: {"csrf_token":"9e567ecbe14387147011fe1fdd28386c3ac43e919e0423d2bebb7fcb6521a7cf","user_id":7,"username":"ldata"}
[2025-11-05 22:52:13]Raw Call Stat: {"success":true,"response":{"success":true,"channel":"SIP\/2002-0000004b","status":"up","status_detail":"Call is active and answered - media is flowing","dtmf_input":"2","dtmf_updated_at":"2025-11-05 17:15:07","dtmf_array":{"dtmf_input":"2","updated_at":"2025-11-05 17:15:07"}},"error":null}
[2025-11-05 22:52:13]Failed to update DTMF input and Call Status into <calls> table
[2025-11-05 22:52:13]Starting api.php
[2025-11-05 22:52:13]Database connection successful
[2025-11-05 22:52:13]MagnusBilling initialized successfully
[2025-11-05 22:52:13]Processing action: get_call_status, User ID: 7, Session data: {"csrf_token":"9e567ecbe14387147011fe1fdd28386c3ac43e919e0423d2bebb7fcb6521a7cf","user_id":7,"username":"ldata"}
[2025-11-05 22:52:14]Raw Call Stat: {"success":true,"response":{"success":true,"channel":"SIP\/2002-0000004b","status":"up","status_detail":"Call is active and answered - media is flowing","dtmf_input":"2","dtmf_updated_at":"2025-11-05 17:15:07","dtmf_array":{"dtmf_input":"2","updated_at":"2025-11-05 17:15:07"}},"error":null}
[2025-11-05 22:52:14]Failed to update DTMF input and Call Status into <calls> table
[2025-11-05 22:52:14]Starting api.php
[2025-11-05 22:52:14]Database connection successful
[2025-11-05 22:52:14]MagnusBilling initialized successfully
[2025-11-05 22:52:14]Processing action: get_call_status, User ID: 7, Session data: {"csrf_token":"9e567ecbe14387147011fe1fdd28386c3ac43e919e0423d2bebb7fcb6521a7cf","user_id":7,"username":"ldata"}
[2025-11-05 22:52:16]Raw Call Stat: {"success":true,"response":{"success":true,"channel":"SIP\/2002-0000004b","status":"up","status_detail":"Call is active and answered - media is flowing","dtmf_input":"2","dtmf_updated_at":"2025-11-05 17:15:07","dtmf_array":{"dtmf_input":"2","updated_at":"2025-11-05 17:15:07"}},"error":null}
[2025-11-05 22:52:16]Failed to update DTMF input and Call Status into <calls> table
[2025-11-05 22:52:16]Starting api.php
[2025-11-05 22:52:16]Database connection successful
[2025-11-05 22:52:16]MagnusBilling initialized successfully
[2025-11-05 22:52:16]Processing action: get_call_status, User ID: 7, Session data: {"csrf_token":"9e567ecbe14387147011fe1fdd28386c3ac43e919e0423d2bebb7fcb6521a7cf","user_id":7,"username":"ldata"}
[2025-11-05 22:52:17]Raw Call Stat: {"success":true,"response":{"success":true,"channel":"SIP\/2002-0000004b","status":"up","status_detail":"Call is active and answered - media is flowing","dtmf_input":"2","dtmf_updated_at":"2025-11-05 17:15:07","dtmf_array":{"dtmf_input":"2","updated_at":"2025-11-05 17:15:07"}},"error":null}
[2025-11-05 22:52:17]Failed to update DTMF input and Call Status into <calls> table
[2025-11-05 22:52:17]Starting api.php
[2025-11-05 22:52:17]Database connection successful
[2025-11-05 22:52:17]MagnusBilling initialized successfully
[2025-11-05 22:52:17]Processing action: get_call_status, User ID: 7, Session data: {"csrf_token":"9e567ecbe14387147011fe1fdd28386c3ac43e919e0423d2bebb7fcb6521a7cf","user_id":7,"username":"ldata"}
[2025-11-05 22:52:18]Raw Call Stat: {"success":true,"response":{"success":true,"channel":"SIP\/2002-0000004b","status":"up","status_detail":"Call is active and answered - media is flowing","dtmf_input":"2","dtmf_updated_at":"2025-11-05 17:15:07","dtmf_array":{"dtmf_input":"2","updated_at":"2025-11-05 17:15:07"}},"error":null}
[2025-11-05 22:52:18]Failed to update DTMF input and Call Status into <calls> table
[2025-11-05 22:52:19]Starting api.php
[2025-11-05 22:52:19]Database connection successful
[2025-11-05 22:52:19]MagnusBilling initialized successfully
[2025-11-05 22:52:19]Processing action: get_call_status, User ID: 7, Session data: {"csrf_token":"9e567ecbe14387147011fe1fdd28386c3ac43e919e0423d2bebb7fcb6521a7cf","user_id":7,"username":"ldata"}
[2025-11-05 22:52:20]Raw Call Stat: {"success":true,"response":{"success":true,"channel":"SIP\/2002-0000004b","status":"up","status_detail":"Call is active and answered - media is flowing","dtmf_input":"2","dtmf_updated_at":"2025-11-05 17:15:07","dtmf_array":{"dtmf_input":"2","updated_at":"2025-11-05 17:15:07"}},"error":null}
[2025-11-05 22:52:20]Failed to update DTMF input and Call Status into <calls> table
[2025-11-05 22:52:21]Starting api.php
[2025-11-05 22:52:21]Database connection successful
[2025-11-05 22:52:21]MagnusBilling initialized successfully
[2025-11-05 22:52:21]Processing action: get_call_status, User ID: 7, Session data: {"csrf_token":"9e567ecbe14387147011fe1fdd28386c3ac43e919e0423d2bebb7fcb6521a7cf","user_id":7,"username":"ldata"}
[2025-11-05 22:52:22]Raw Call Stat: {"success":true,"response":{"success":true,"channel":"SIP\/2002-0000004b","status":"up","status_detail":"Call is active and answered - media is flowing","dtmf_input":"2","dtmf_updated_at":"2025-11-05 17:15:07","dtmf_array":{"dtmf_input":"2","updated_at":"2025-11-05 17:15:07"}},"error":null}
[2025-11-05 22:52:22]Failed to update DTMF input and Call Status into <calls> table
[2025-11-05 22:52:23]Starting api.php
[2025-11-05 22:52:23]Database connection successful
[2025-11-05 22:52:23]MagnusBilling initialized successfully
[2025-11-05 22:52:23]Processing action: get_call_status, User ID: 7, Session data: {"csrf_token":"9e567ecbe14387147011fe1fdd28386c3ac43e919e0423d2bebb7fcb6521a7cf","user_id":7,"username":"ldata"}
[2025-11-05 22:52:25]Raw Call Stat: {"success":true,"response":{"success":true,"channel":"SIP\/2002-0000004b","status":"up","status_detail":"Call is active and answered - media is flowing","dtmf_input":"2","dtmf_updated_at":"2025-11-05 17:15:07","dtmf_array":{"dtmf_input":"2","updated_at":"2025-11-05 17:15:07"}},"error":null}
[2025-11-05 22:52:25]Failed to update DTMF input and Call Status into <calls> table
[2025-11-05 22:52:25]Starting api.php
[2025-11-05 22:52:25]Database connection successful
[2025-11-05 22:52:25]MagnusBilling initialized successfully
[2025-11-05 22:52:25]Processing action: get_call_status, User ID: 7, Session data: {"csrf_token":"9e567ecbe14387147011fe1fdd28386c3ac43e919e0423d2bebb7fcb6521a7cf","user_id":7,"username":"ldata"}
[2025-11-05 22:52:26]Raw Call Stat: {"success":true,"response":{"success":true,"channel":"SIP\/2002-0000004b","status":"up","status_detail":"Call is active and answered - media is flowing","dtmf_input":"2","dtmf_updated_at":"2025-11-05 17:15:07","dtmf_array":{"dtmf_input":"2","updated_at":"2025-11-05 17:15:07"}},"error":null}
[2025-11-05 22:52:26]Failed to update DTMF input and Call Status into <calls> table
[2025-11-05 22:52:27]Starting api.php
[2025-11-05 22:52:27]Database connection successful
[2025-11-05 22:52:27]MagnusBilling initialized successfully
[2025-11-05 22:52:27]Processing action: get_call_status, User ID: 7, Session data: {"csrf_token":"9e567ecbe14387147011fe1fdd28386c3ac43e919e0423d2bebb7fcb6521a7cf","user_id":7,"username":"ldata"}
[2025-11-05 22:52:28]Raw Call Stat: {"success":true,"response":{"success":true,"channel":"SIP\/2002-0000004b","status":"up","status_detail":"Call is active and answered - media is flowing","dtmf_input":"2","dtmf_updated_at":"2025-11-05 17:15:07","dtmf_array":{"dtmf_input":"2","updated_at":"2025-11-05 17:15:07"}},"error":null}
[2025-11-05 22:52:28]Failed to update DTMF input and Call Status into <calls> table
[2025-11-05 22:52:29]Starting api.php
[2025-11-05 22:52:29]Database connection successful
[2025-11-05 22:52:29]MagnusBilling initialized successfully
[2025-11-05 22:52:29]Processing action: get_call_status, User ID: 7, Session data: {"csrf_token":"9e567ecbe14387147011fe1fdd28386c3ac43e919e0423d2bebb7fcb6521a7cf","user_id":7,"username":"ldata"}
[2025-11-05 22:52:30]Raw Call Stat: {"success":true,"response":{"success":true,"channel":"SIP\/2002-0000004b","status":"up","status_detail":"Call is active and answered - media is flowing","dtmf_input":"2","dtmf_updated_at":"2025-11-05 17:15:07","dtmf_array":{"dtmf_input":"2","updated_at":"2025-11-05 17:15:07"}},"error":null}
[2025-11-05 22:52:30]Failed to update DTMF input and Call Status into <calls> table
[2025-11-05 22:52:31]Starting api.php
[2025-11-05 22:52:31]Database connection successful
[2025-11-05 22:52:31]MagnusBilling initialized successfully
[2025-11-05 22:52:31]Processing action: get_call_status, User ID: 7, Session data: {"csrf_token":"9e567ecbe14387147011fe1fdd28386c3ac43e919e0423d2bebb7fcb6521a7cf","user_id":7,"username":"ldata"}
[2025-11-05 22:52:32]Raw Call Stat: {"success":true,"response":{"success":true,"channel":"SIP\/2002-0000004b","status":"up","status_detail":"Call is active and answered - media is flowing","dtmf_input":"2","dtmf_updated_at":"2025-11-05 17:15:07","dtmf_array":{"dtmf_input":"2","updated_at":"2025-11-05 17:15:07"}},"error":null}
[2025-11-05 22:52:32]Failed to update DTMF input and Call Status into <calls> table
[2025-11-05 22:52:33]Starting api.php
[2025-11-05 22:52:33]Database connection successful
[2025-11-05 22:52:33]MagnusBilling initialized successfully
[2025-11-05 22:52:33]Processing action: get_call_status, User ID: 7, Session data: {"csrf_token":"9e567ecbe14387147011fe1fdd28386c3ac43e919e0423d2bebb7fcb6521a7cf","user_id":7,"username":"ldata"}
[2025-11-05 22:52:34]Raw Call Stat: {"success":true,"response":{"success":true,"channel":"SIP\/2002-0000004b","status":"up","status_detail":"Call is active and answered - media is flowing","dtmf_input":"2","dtmf_updated_at":"2025-11-05 17:15:07","dtmf_array":{"dtmf_input":"2","updated_at":"2025-11-05 17:15:07"}},"error":null}
[2025-11-05 22:52:34]Failed to update DTMF input and Call Status into <calls> table
[2025-11-05 22:52:37]Starting api.php
[2025-11-05 22:52:37]Database connection successful
[2025-11-05 22:52:37]MagnusBilling initialized successfully
[2025-11-05 22:52:37]Processing action: get_call_status, User ID: 7, Session data: {"csrf_token":"9e567ecbe14387147011fe1fdd28386c3ac43e919e0423d2bebb7fcb6521a7cf","user_id":7,"username":"ldata"}
[2025-11-05 22:52:38]Raw Call Stat: {"success":true,"response":{"success":true,"channel":"SIP\/2002-0000004b","status":"up","status_detail":"Call is active and answered - media is flowing","dtmf_input":"2","dtmf_updated_at":"2025-11-05 17:15:07","dtmf_array":{"dtmf_input":"2","updated_at":"2025-11-05 17:15:07"}},"error":null}
[2025-11-05 22:52:39]Starting api.php
[2025-11-05 22:52:39]Database connection successful
[2025-11-05 22:52:39]MagnusBilling initialized successfully
[2025-11-05 22:52:39]Processing action: get_call_status, User ID: 7, Session data: {"csrf_token":"9e567ecbe14387147011fe1fdd28386c3ac43e919e0423d2bebb7fcb6521a7cf","user_id":7,"username":"ldata"}
[2025-11-05 22:52:40]Raw Call Stat: {"success":true,"response":{"success":true,"channel":"SIP\/2002-0000004b","status":"up","status_detail":"Call is active and answered - media is flowing","dtmf_input":"2","dtmf_updated_at":"2025-11-05 17:15:07","dtmf_array":{"dtmf_input":"2","updated_at":"2025-11-05 17:15:07"}},"error":null}
[2025-11-05 22:52:40]Failed to update DTMF input and Call Status into <calls> table
[2025-11-05 22:52:41]Starting api.php
[2025-11-05 22:52:41]Database connection successful
[2025-11-05 22:52:41]MagnusBilling initialized successfully
[2025-11-05 22:52:41]Processing action: get_call_status, User ID: 7, Session data: {"csrf_token":"9e567ecbe14387147011fe1fdd28386c3ac43e919e0423d2bebb7fcb6521a7cf","user_id":7,"username":"ldata"}
[2025-11-05 22:52:42]Raw Call Stat: {"success":true,"response":{"success":true,"channel":"SIP\/2002-0000004b","status":"up","status_detail":"Call is active and answered - media is flowing","dtmf_input":"2","dtmf_updated_at":"2025-11-05 17:15:07","dtmf_array":{"dtmf_input":"2","updated_at":"2025-11-05 17:15:07"}},"error":null}
[2025-11-05 22:52:42]Failed to update DTMF input and Call Status into <calls> table
[2025-11-05 22:52:43]Starting api.php
[2025-11-05 22:52:43]Database connection successful
[2025-11-05 22:52:43]MagnusBilling initialized successfully
[2025-11-05 22:52:43]Processing action: get_call_status, User ID: 7, Session data: {"csrf_token":"9e567ecbe14387147011fe1fdd28386c3ac43e919e0423d2bebb7fcb6521a7cf","user_id":7,"username":"ldata"}
[2025-11-05 22:52:44]Raw Call Stat: {"success":true,"response":{"success":true,"channel":"SIP\/2002-0000004b","status":"up","status_detail":"Call is active and answered - media is flowing","dtmf_input":"2","dtmf_updated_at":"2025-11-05 17:15:07","dtmf_array":{"dtmf_input":"2","updated_at":"2025-11-05 17:15:07"}},"error":null}
[2025-11-05 22:52:44]Failed to update DTMF input and Call Status into <calls> table
[2025-11-05 22:52:45]Starting api.php
[2025-11-05 22:52:45]Database connection successful
[2025-11-05 22:52:45]MagnusBilling initialized successfully
[2025-11-05 22:52:45]Processing action: get_call_status, User ID: 7, Session data: {"csrf_token":"9e567ecbe14387147011fe1fdd28386c3ac43e919e0423d2bebb7fcb6521a7cf","user_id":7,"username":"ldata"}
[2025-11-05 22:52:46]Raw Call Stat: {"success":true,"response":{"success":true,"channel":"SIP\/2002-0000004b","status":"up","status_detail":"Call is active and answered - media is flowing","dtmf_input":"2","dtmf_updated_at":"2025-11-05 17:15:07","dtmf_array":{"dtmf_input":"2","updated_at":"2025-11-05 17:15:07"}},"error":null}
[2025-11-05 22:52:46]Failed to update DTMF input and Call Status into <calls> table
[2025-11-05 22:52:47]Starting api.php
[2025-11-05 22:52:47]Database connection successful
[2025-11-05 22:52:47]MagnusBilling initialized successfully
[2025-11-05 22:52:47]Processing action: get_call_status, User ID: 7, Session data: {"csrf_token":"9e567ecbe14387147011fe1fdd28386c3ac43e919e0423d2bebb7fcb6521a7cf","user_id":7,"username":"ldata"}
[2025-11-05 22:52:48]Raw Call Stat: {"success":true,"response":{"success":true,"channel":"SIP\/2002-0000004b","status":"up","status_detail":"Call is active and answered - media is flowing","dtmf_input":"2","dtmf_updated_at":"2025-11-05 17:15:07","dtmf_array":{"dtmf_input":"2","updated_at":"2025-11-05 17:15:07"}},"error":null}
[2025-11-05 22:52:48]Failed to update DTMF input and Call Status into <calls> table
[2025-11-05 22:52:49]Starting api.php
[2025-11-05 22:52:49]Database connection successful
[2025-11-05 22:52:49]MagnusBilling initialized successfully
[2025-11-05 22:52:49]Processing action: get_call_status, User ID: 7, Session data: {"csrf_token":"9e567ecbe14387147011fe1fdd28386c3ac43e919e0423d2bebb7fcb6521a7cf","user_id":7,"username":"ldata"}
[2025-11-05 22:52:50]Raw Call Stat: {"success":true,"response":{"success":true,"channel":"SIP\/2002-0000004b","status":"up","status_detail":"Call is active and answered - media is flowing","dtmf_input":"2","dtmf_updated_at":"2025-11-05 17:15:07","dtmf_array":{"dtmf_input":"2","updated_at":"2025-11-05 17:15:07"}},"error":null}
[2025-11-05 22:52:50]Failed to update DTMF input and Call Status into <calls> table
[2025-11-05 22:52:51]Starting api.php
[2025-11-05 22:52:51]Database connection successful
[2025-11-05 22:52:51]MagnusBilling initialized successfully
[2025-11-05 22:52:51]Processing action: get_call_status, User ID: 7, Session data: {"csrf_token":"9e567ecbe14387147011fe1fdd28386c3ac43e919e0423d2bebb7fcb6521a7cf","user_id":7,"username":"ldata"}
[2025-11-05 22:52:52]Raw Call Stat: {"success":true,"response":{"success":true,"channel":"SIP\/2002-0000004b","status":"up","status_detail":"Call is active and answered - media is flowing","dtmf_input":"2","dtmf_updated_at":"2025-11-05 17:15:07","dtmf_array":{"dtmf_input":"2","updated_at":"2025-11-05 17:15:07"}},"error":null}
[2025-11-05 22:52:52]Failed to update DTMF input and Call Status into <calls> table
[2025-11-05 22:52:53]Starting api.php
[2025-11-05 22:52:53]Database connection successful
[2025-11-05 22:52:53]MagnusBilling initialized successfully
[2025-11-05 22:52:53]Processing action: get_call_status, User ID: 7, Session data: {"csrf_token":"9e567ecbe14387147011fe1fdd28386c3ac43e919e0423d2bebb7fcb6521a7cf","user_id":7,"username":"ldata"}
[2025-11-05 22:52:54]Raw Call Stat: {"success":true,"response":{"success":true,"channel":"SIP\/2002-0000004b","status":"up","status_detail":"Call is active and answered - media is flowing","dtmf_input":"2","dtmf_updated_at":"2025-11-05 17:15:07","dtmf_array":{"dtmf_input":"2","updated_at":"2025-11-05 17:15:07"}},"error":null}
[2025-11-05 22:52:54]Failed to update DTMF input and Call Status into <calls> table
[2025-11-05 22:52:55]Starting api.php
[2025-11-05 22:52:55]Database connection successful
[2025-11-05 22:52:55]MagnusBilling initialized successfully
[2025-11-05 22:52:55]Processing action: get_call_status, User ID: 7, Session data: {"csrf_token":"9e567ecbe14387147011fe1fdd28386c3ac43e919e0423d2bebb7fcb6521a7cf","user_id":7,"username":"ldata"}
[2025-11-05 22:52:56]Raw Call Stat: {"success":true,"response":{"success":true,"channel":"SIP\/2002-0000004b","status":"up","status_detail":"Call is active and answered - media is flowing","dtmf_input":"2","dtmf_updated_at":"2025-11-05 17:15:07","dtmf_array":{"dtmf_input":"2","updated_at":"2025-11-05 17:15:07"}},"error":null}
[2025-11-05 22:52:56]Failed to update DTMF input and Call Status into <calls> table
[2025-11-05 22:52:57]Starting api.php
[2025-11-05 22:52:57]Database connection successful
[2025-11-05 22:52:57]MagnusBilling initialized successfully
[2025-11-05 22:52:57]Processing action: get_call_status, User ID: 7, Session data: {"csrf_token":"9e567ecbe14387147011fe1fdd28386c3ac43e919e0423d2bebb7fcb6521a7cf","user_id":7,"username":"ldata"}
[2025-11-05 22:52:58]Raw Call Stat: {"success":true,"response":{"success":true,"channel":"SIP\/2002-0000004b","status":"up","status_detail":"Call is active and answered - media is flowing","dtmf_input":"2","dtmf_updated_at":"2025-11-05 17:15:07","dtmf_array":{"dtmf_input":"2","updated_at":"2025-11-05 17:15:07"}},"error":null}
[2025-11-05 22:52:58]Failed to update DTMF input and Call Status into <calls> table
[2025-11-05 22:52:59]Starting api.php
[2025-11-05 22:52:59]Database connection successful
[2025-11-05 22:52:59]MagnusBilling initialized successfully
[2025-11-05 22:52:59]Processing action: get_call_status, User ID: 7, Session data: {"csrf_token":"9e567ecbe14387147011fe1fdd28386c3ac43e919e0423d2bebb7fcb6521a7cf","user_id":7,"username":"ldata"}
[2025-11-05 22:53:00]Raw Call Stat: {"success":true,"response":{"success":true,"channel":"SIP\/2002-0000004b","status":"up","status_detail":"Call is active and answered - media is flowing","dtmf_input":"2","dtmf_updated_at":"2025-11-05 17:15:07","dtmf_array":{"dtmf_input":"2","updated_at":"2025-11-05 17:15:07"}},"error":null}
[2025-11-05 22:53:00]Failed to update DTMF input and Call Status into <calls> table
[2025-11-05 22:53:01]Starting api.php
[2025-11-05 22:53:01]Database connection successful
[2025-11-05 22:53:01]MagnusBilling initialized successfully
[2025-11-05 22:53:01]Processing action: get_call_status, User ID: 7, Session data: {"csrf_token":"9e567ecbe14387147011fe1fdd28386c3ac43e919e0423d2bebb7fcb6521a7cf","user_id":7,"username":"ldata"}
[2025-11-05 22:53:04]Raw Call Stat: {"success":true,"response":{"success":true,"channel":"SIP\/2002-0000004b","status":"up","status_detail":"Call is active and answered - media is flowing","dtmf_input":"2","dtmf_updated_at":"2025-11-05 17:15:07","dtmf_array":{"dtmf_input":"2","updated_at":"2025-11-05 17:15:07"}},"error":null}
[2025-11-05 22:53:04]Failed to update DTMF input and Call Status into <calls> table
[2025-11-05 22:53:04]Starting api.php
[2025-11-05 22:53:04]Database connection successful
[2025-11-05 22:53:04]MagnusBilling initialized successfully
[2025-11-05 22:53:04]Processing action: get_call_status, User ID: 7, Session data: {"csrf_token":"9e567ecbe14387147011fe1fdd28386c3ac43e919e0423d2bebb7fcb6521a7cf","user_id":7,"username":"ldata"}
[2025-11-05 22:53:06]Raw Call Stat: {"success":true,"response":{"success":true,"channel":"SIP\/2002-0000004b","status":"up","status_detail":"Call is active and answered - media is flowing","dtmf_input":"2","dtmf_updated_at":"2025-11-05 17:15:07","dtmf_array":{"dtmf_input":"2","updated_at":"2025-11-05 17:15:07"}},"error":null}
[2025-11-05 22:53:06]Failed to update DTMF input and Call Status into <calls> table
[2025-11-05 22:53:06]Starting api.php
[2025-11-05 22:53:06]Database connection successful
[2025-11-05 22:53:06]MagnusBilling initialized successfully
[2025-11-05 22:53:06]Processing action: get_call_status, User ID: 7, Session data: {"csrf_token":"9e567ecbe14387147011fe1fdd28386c3ac43e919e0423d2bebb7fcb6521a7cf","user_id":7,"username":"ldata"}
[2025-11-05 22:53:08]Raw Call Stat: {"success":true,"response":{"success":true,"channel":"SIP\/2002-0000004b","status":"up","status_detail":"Call is active and answered - media is flowing","dtmf_input":"2","dtmf_updated_at":"2025-11-05 17:15:07","dtmf_array":{"dtmf_input":"2","updated_at":"2025-11-05 17:15:07"}},"error":null}
[2025-11-05 22:53:08]Failed to update DTMF input and Call Status into <calls> table
[2025-11-05 22:53:08]Starting api.php
[2025-11-05 22:53:08]Database connection successful
[2025-11-05 22:53:08]MagnusBilling initialized successfully
[2025-11-05 22:53:08]Processing action: get_call_status, User ID: 7, Session data: {"csrf_token":"9e567ecbe14387147011fe1fdd28386c3ac43e919e0423d2bebb7fcb6521a7cf","user_id":7,"username":"ldata"}
[2025-11-05 22:53:09]Raw Call Stat: {"success":true,"response":{"success":true,"channel":"SIP\/2002-0000004b","status":"up","status_detail":"Call is active and answered - media is flowing","dtmf_input":"2","dtmf_updated_at":"2025-11-05 17:15:07","dtmf_array":{"dtmf_input":"2","updated_at":"2025-11-05 17:15:07"}},"error":null}
[2025-11-05 22:53:09]Failed to update DTMF input and Call Status into <calls> table
[2025-11-05 22:53:09]Starting api.php
[2025-11-05 22:53:09]Database connection successful
[2025-11-05 22:53:09]MagnusBilling initialized successfully
[2025-11-05 22:53:09]Processing action: get_call_status, User ID: 7, Session data: {"csrf_token":"9e567ecbe14387147011fe1fdd28386c3ac43e919e0423d2bebb7fcb6521a7cf","user_id":7,"username":"ldata"}
[2025-11-05 22:53:11]Raw Call Stat: {"success":true,"response":{"success":true,"channel":"SIP\/2002-0000004b","status":"up","status_detail":"Call is active and answered - media is flowing","dtmf_input":"2","dtmf_updated_at":"2025-11-05 17:15:07","dtmf_array":{"dtmf_input":"2","updated_at":"2025-11-05 17:15:07"}},"error":null}
[2025-11-05 22:53:11]Failed to update DTMF input and Call Status into <calls> table
[2025-11-05 22:53:13]Starting api.php
[2025-11-05 22:53:13]Database connection successful
[2025-11-05 22:53:13]MagnusBilling initialized successfully
[2025-11-05 22:53:13]Processing action: get_call_status, User ID: 7, Session data: {"csrf_token":"9e567ecbe14387147011fe1fdd28386c3ac43e919e0423d2bebb7fcb6521a7cf","user_id":7,"username":"ldata"}
[2025-11-05 22:53:14]Raw Call Stat: {"success":true,"response":{"success":true,"channel":"SIP\/2002-0000004b","status":"up","status_detail":"Call is active and answered - media is flowing","dtmf_input":"2","dtmf_updated_at":"2025-11-05 17:15:07","dtmf_array":{"dtmf_input":"2","updated_at":"2025-11-05 17:15:07"}},"error":null}
[2025-11-05 22:53:14]Failed to update DTMF input and Call Status into <calls> table
[2025-11-05 22:53:15]Starting api.php
[2025-11-05 22:53:15]Database connection successful
[2025-11-05 22:53:15]MagnusBilling initialized successfully
[2025-11-05 22:53:15]Processing action: get_call_status, User ID: 7, Session data: {"csrf_token":"9e567ecbe14387147011fe1fdd28386c3ac43e919e0423d2bebb7fcb6521a7cf","user_id":7,"username":"ldata"}
[2025-11-05 22:53:16]Raw Call Stat: {"success":true,"response":{"success":true,"channel":"SIP\/2002-0000004b","status":"up","status_detail":"Call is active and answered - media is flowing","dtmf_input":"2","dtmf_updated_at":"2025-11-05 17:15:07","dtmf_array":{"dtmf_input":"2","updated_at":"2025-11-05 17:15:07"}},"error":null}
[2025-11-05 22:53:16]Failed to update DTMF input and Call Status into <calls> table
[2025-11-05 22:53:17]Starting api.php
[2025-11-05 22:53:17]Database connection successful
[2025-11-05 22:53:17]MagnusBilling initialized successfully
[2025-11-05 22:53:17]Processing action: get_call_status, User ID: 7, Session data: {"csrf_token":"9e567ecbe14387147011fe1fdd28386c3ac43e919e0423d2bebb7fcb6521a7cf","user_id":7,"username":"ldata"}
[2025-11-05 22:53:18]Raw Call Stat: {"success":true,"response":{"success":true,"channel":"SIP\/2002-0000004b","status":"up","status_detail":"Call is active and answered - media is flowing","dtmf_input":"2","dtmf_updated_at":"2025-11-05 17:15:07","dtmf_array":{"dtmf_input":"2","updated_at":"2025-11-05 17:15:07"}},"error":null}
[2025-11-05 22:53:18]Failed to update DTMF input and Call Status into <calls> table
[2025-11-05 22:53:19]Starting api.php
[2025-11-05 22:53:19]Database connection successful
[2025-11-05 22:53:19]MagnusBilling initialized successfully
[2025-11-05 22:53:19]Processing action: get_call_status, User ID: 7, Session data: {"csrf_token":"9e567ecbe14387147011fe1fdd28386c3ac43e919e0423d2bebb7fcb6521a7cf","user_id":7,"username":"ldata"}
[2025-11-05 22:53:20]Raw Call Stat: {"success":true,"response":{"success":true,"channel":"SIP\/2002-0000004b","status":"up","status_detail":"Call is active and answered - media is flowing","dtmf_input":"2","dtmf_updated_at":"2025-11-05 17:15:07","dtmf_array":{"dtmf_input":"2","updated_at":"2025-11-05 17:15:07"}},"error":null}
[2025-11-05 22:53:20]Failed to update DTMF input and Call Status into <calls> table
[2025-11-05 22:53:21]Starting api.php
[2025-11-05 22:53:21]Database connection successful
[2025-11-05 22:53:21]MagnusBilling initialized successfully
[2025-11-05 22:53:21]Processing action: get_call_status, User ID: 7, Session data: {"csrf_token":"9e567ecbe14387147011fe1fdd28386c3ac43e919e0423d2bebb7fcb6521a7cf","user_id":7,"username":"ldata"}
[2025-11-05 22:53:22]Raw Call Stat: {"success":true,"response":{"success":true,"channel":"SIP\/2002-0000004b","status":"up","status_detail":"Call is active and answered - media is flowing","dtmf_input":"2","dtmf_updated_at":"2025-11-05 17:15:07","dtmf_array":{"dtmf_input":"2","updated_at":"2025-11-05 17:15:07"}},"error":null}
[2025-11-05 22:53:22]Failed to update DTMF input and Call Status into <calls> table
[2025-11-05 22:53:23]Starting api.php
[2025-11-05 22:53:23]Database connection successful
[2025-11-05 22:53:23]MagnusBilling initialized successfully
[2025-11-05 22:53:23]Processing action: get_call_status, User ID: 7, Session data: {"csrf_token":"9e567ecbe14387147011fe1fdd28386c3ac43e919e0423d2bebb7fcb6521a7cf","user_id":7,"username":"ldata"}
[2025-11-05 22:53:24]Raw Call Stat: {"success":true,"response":{"success":true,"channel":"SIP\/2002-0000004b","status":"up","status_detail":"Call is active and answered - media is flowing","dtmf_input":"2","dtmf_updated_at":"2025-11-05 17:15:07","dtmf_array":{"dtmf_input":"2","updated_at":"2025-11-05 17:15:07"}},"error":null}
[2025-11-05 22:53:24]Failed to update DTMF input and Call Status into <calls> table
[2025-11-05 22:53:27]Starting api.php
[2025-11-05 22:53:27]Database connection successful
[2025-11-05 22:53:27]MagnusBilling initialized successfully
[2025-11-05 22:53:27]Processing action: get_call_status, User ID: 7, Session data: {"csrf_token":"9e567ecbe14387147011fe1fdd28386c3ac43e919e0423d2bebb7fcb6521a7cf","user_id":7,"username":"ldata"}
[2025-11-05 22:53:28]Raw Call Stat: {"success":true,"response":{"success":true,"channel":"SIP\/2002-0000004b","status":"up","status_detail":"Call is active and answered - media is flowing","dtmf_input":"2","dtmf_updated_at":"2025-11-05 17:15:07","dtmf_array":{"dtmf_input":"2","updated_at":"2025-11-05 17:15:07"}},"error":null}
[2025-11-05 22:53:28]Failed to update DTMF input and Call Status into <calls> table
[2025-11-05 22:53:29]Starting api.php
[2025-11-05 22:53:29]Database connection successful
[2025-11-05 22:53:29]MagnusBilling initialized successfully
[2025-11-05 22:53:29]Processing action: get_call_status, User ID: 7, Session data: {"csrf_token":"9e567ecbe14387147011fe1fdd28386c3ac43e919e0423d2bebb7fcb6521a7cf","user_id":7,"username":"ldata"}
[2025-11-05 22:53:30]Raw Call Stat: {"success":true,"response":{"success":true,"channel":"SIP\/2002-0000004b","status":"up","status_detail":"Call is active and answered - media is flowing","dtmf_input":"2","dtmf_updated_at":"2025-11-05 17:15:07","dtmf_array":{"dtmf_input":"2","updated_at":"2025-11-05 17:15:07"}},"error":null}
[2025-11-05 22:53:30]Failed to update DTMF input and Call Status into <calls> table
[2025-11-05 22:53:31]Starting api.php
[2025-11-05 22:53:31]Database connection successful
[2025-11-05 22:53:31]MagnusBilling initialized successfully
[2025-11-05 22:53:31]Processing action: get_call_status, User ID: 7, Session data: {"csrf_token":"9e567ecbe14387147011fe1fdd28386c3ac43e919e0423d2bebb7fcb6521a7cf","user_id":7,"username":"ldata"}
[2025-11-05 22:53:32]Raw Call Stat: {"success":true,"response":{"success":true,"channel":"SIP\/2002-0000004b","status":"up","status_detail":"Call is active and answered - media is flowing","dtmf_input":"2","dtmf_updated_at":"2025-11-05 17:15:07","dtmf_array":{"dtmf_input":"2","updated_at":"2025-11-05 17:15:07"}},"error":null}
[2025-11-05 22:53:32]Failed to update DTMF input and Call Status into <calls> table
[2025-11-05 22:53:33]Starting api.php
[2025-11-05 22:53:33]Database connection successful
[2025-11-05 22:53:33]MagnusBilling initialized successfully
[2025-11-05 22:53:33]Processing action: get_call_status, User ID: 7, Session data: {"csrf_token":"9e567ecbe14387147011fe1fdd28386c3ac43e919e0423d2bebb7fcb6521a7cf","user_id":7,"username":"ldata"}
[2025-11-05 22:53:34]Raw Call Stat: {"success":true,"response":{"success":true,"channel":"SIP\/2002-0000004b","status":"up","status_detail":"Call is active and answered - media is flowing","dtmf_input":"2","dtmf_updated_at":"2025-11-05 17:15:07","dtmf_array":{"dtmf_input":"2","updated_at":"2025-11-05 17:15:07"}},"error":null}
[2025-11-05 22:53:34]Failed to update DTMF input and Call Status into <calls> table
[2025-11-05 22:53:35]Starting api.php
[2025-11-05 22:53:35]Database connection successful
[2025-11-05 22:53:35]MagnusBilling initialized successfully
[2025-11-05 22:53:35]Processing action: get_call_status, User ID: 7, Session data: {"csrf_token":"9e567ecbe14387147011fe1fdd28386c3ac43e919e0423d2bebb7fcb6521a7cf","user_id":7,"username":"ldata"}
[2025-11-05 22:53:37]Raw Call Stat: {"success":true,"response":{"success":true,"channel":"SIP\/2002-0000004b","status":"up","status_detail":"Call is active and answered - media is flowing","dtmf_input":"2","dtmf_updated_at":"2025-11-05 17:15:07","dtmf_array":{"dtmf_input":"2","updated_at":"2025-11-05 17:15:07"}},"error":null}
[2025-11-05 22:53:37]Failed to update DTMF input and Call Status into <calls> table
[2025-11-05 22:53:37]Starting api.php
[2025-11-05 22:53:37]Database connection successful
[2025-11-05 22:53:37]MagnusBilling initialized successfully
[2025-11-05 22:53:37]Processing action: get_call_status, User ID: 7, Session data: {"csrf_token":"9e567ecbe14387147011fe1fdd28386c3ac43e919e0423d2bebb7fcb6521a7cf","user_id":7,"username":"ldata"}
[2025-11-05 22:53:38]Raw Call Stat: {"success":true,"response":{"success":true,"channel":"SIP\/2002-0000004b","status":"up","status_detail":"Call is active and answered - media is flowing","dtmf_input":"2","dtmf_updated_at":"2025-11-05 17:15:07","dtmf_array":{"dtmf_input":"2","updated_at":"2025-11-05 17:15:07"}},"error":null}
[2025-11-05 22:53:38]Failed to update DTMF input and Call Status into <calls> table
[2025-11-05 22:53:39]Starting api.php
[2025-11-05 22:53:39]Database connection successful
[2025-11-05 22:53:39]MagnusBilling initialized successfully
[2025-11-05 22:53:39]Processing action: get_call_status, User ID: 7, Session data: {"csrf_token":"9e567ecbe14387147011fe1fdd28386c3ac43e919e0423d2bebb7fcb6521a7cf","user_id":7,"username":"ldata"}
[2025-11-05 22:53:40]Raw Call Stat: {"success":true,"response":{"success":true,"channel":"SIP\/2002-0000004b","status":"up","status_detail":"Call is active and answered - media is flowing","dtmf_input":"2","dtmf_updated_at":"2025-11-05 17:15:07","dtmf_array":{"dtmf_input":"2","updated_at":"2025-11-05 17:15:07"}},"error":null}
[2025-11-05 22:53:40]Failed to update DTMF input and Call Status into <calls> table
[2025-11-05 22:53:41]Starting api.php
[2025-11-05 22:53:41]Database connection successful
[2025-11-05 22:53:41]MagnusBilling initialized successfully
[2025-11-05 22:53:41]Processing action: get_call_status, User ID: 7, Session data: {"csrf_token":"9e567ecbe14387147011fe1fdd28386c3ac43e919e0423d2bebb7fcb6521a7cf","user_id":7,"username":"ldata"}
[2025-11-05 22:53:42]Raw Call Stat: {"success":true,"response":{"success":true,"channel":"SIP\/2002-0000004b","status":"up","status_detail":"Call is active and answered - media is flowing","dtmf_input":"2","dtmf_updated_at":"2025-11-05 17:15:07","dtmf_array":{"dtmf_input":"2","updated_at":"2025-11-05 17:15:07"}},"error":null}
[2025-11-05 22:53:42]Failed to update DTMF input and Call Status into <calls> table
[2025-11-05 22:53:43]Starting api.php
[2025-11-05 22:53:43]Database connection successful
[2025-11-05 22:53:43]MagnusBilling initialized successfully
[2025-11-05 22:53:43]Processing action: get_call_status, User ID: 7, Session data: {"csrf_token":"9e567ecbe14387147011fe1fdd28386c3ac43e919e0423d2bebb7fcb6521a7cf","user_id":7,"username":"ldata"}
[2025-11-05 22:53:44]Raw Call Stat: {"success":true,"response":{"success":true,"channel":"SIP\/2002-0000004b","status":"up","status_detail":"Call is active and answered - media is flowing","dtmf_input":"2","dtmf_updated_at":"2025-11-05 17:15:07","dtmf_array":{"dtmf_input":"2","updated_at":"2025-11-05 17:15:07"}},"error":null}
[2025-11-05 22:53:44]Failed to update DTMF input and Call Status into <calls> table
[2025-11-05 22:53:45]Starting api.php
[2025-11-05 22:53:45]Database connection successful
[2025-11-05 22:53:45]MagnusBilling initialized successfully
[2025-11-05 22:53:45]Processing action: get_call_status, User ID: 7, Session data: {"csrf_token":"9e567ecbe14387147011fe1fdd28386c3ac43e919e0423d2bebb7fcb6521a7cf","user_id":7,"username":"ldata"}
[2025-11-05 22:53:46]Raw Call Stat: {"success":true,"response":{"success":true,"channel":"SIP\/2002-0000004b","status":"up","status_detail":"Call is active and answered - media is flowing","dtmf_input":"2","dtmf_updated_at":"2025-11-05 17:15:07","dtmf_array":{"dtmf_input":"2","updated_at":"2025-11-05 17:15:07"}},"error":null}
[2025-11-05 22:53:46]Failed to update DTMF input and Call Status into <calls> table
[2025-11-05 22:53:47]Starting api.php
[2025-11-05 22:53:47]Database connection successful
[2025-11-05 22:53:47]MagnusBilling initialized successfully
[2025-11-05 22:53:47]Processing action: get_call_status, User ID: 7, Session data: {"csrf_token":"9e567ecbe14387147011fe1fdd28386c3ac43e919e0423d2bebb7fcb6521a7cf","user_id":7,"username":"ldata"}
[2025-11-05 22:53:48]Raw Call Stat: {"success":true,"response":{"success":true,"channel":"SIP\/2002-0000004b","status":"ended","status_detail":"Channel no longer exists","dtmf_input":"2","dtmf_updated_at":"2025-11-05 17:15:07","dtmf_array":{"dtmf_input":"2","updated_at":"2025-11-05 17:15:07"}},"error":null}
[2025-11-05 22:55:01]Starting api.php
[2025-11-05 22:55:01]Database connection successful
[2025-11-05 22:55:01]MagnusBilling initialized successfully
[2025-11-05 22:55:01]Processing action: get_dtmf, User ID: 7, Session data: {"csrf_token":"9e567ecbe14387147011fe1fdd28386c3ac43e919e0423d2bebb7fcb6521a7cf","user_id":7,"username":"ldata"}
[2025-11-05 22:55:10]Starting api.php
[2025-11-05 22:55:10]Database connection successful
[2025-11-05 22:55:10]MagnusBilling initialized successfully
[2025-11-05 22:55:10]Processing action: get_contacts, User ID: 7, Session data: {"csrf_token":"9e567ecbe14387147011fe1fdd28386c3ac43e919e0423d2bebb7fcb6521a7cf","user_id":7,"username":"ldata"}
[2025-11-05 22:55:10]Fetched 3 contacts for user_id: 7
[2025-11-05 22:55:10]Starting api.php
[2025-11-05 22:55:10]Database connection successful
[2025-11-05 22:55:10]MagnusBilling initialized successfully
[2025-11-05 22:55:10]Processing action: get_institutions, User ID: 7, Session data: {"csrf_token":"9e567ecbe14387147011fe1fdd28386c3ac43e919e0423d2bebb7fcb6521a7cf","user_id":7,"username":"ldata"}
[2025-11-05 22:55:10]Fetched 1 institutions for user_id: 7
[2025-11-05 22:55:10]Starting api.php
[2025-11-05 22:55:10]Database connection successful
[2025-11-05 22:55:10]MagnusBilling initialized successfully
[2025-11-05 22:55:10]Processing action: get_ivr_profiles, User ID: 7, Session data: {"csrf_token":"9e567ecbe14387147011fe1fdd28386c3ac43e919e0423d2bebb7fcb6521a7cf","user_id":7,"username":"ldata"}
[2025-11-05 22:55:10]Fetched 0 IVR profiles for user_id: 7
[2025-11-05 22:55:10]Starting api.php
[2025-11-05 22:55:10]Database connection successful
[2025-11-05 22:55:10]MagnusBilling initialized successfully
[2025-11-05 22:55:10]Processing action: get_merchants, User ID: 7, Session data: {"csrf_token":"9e567ecbe14387147011fe1fdd28386c3ac43e919e0423d2bebb7fcb6521a7cf","user_id":7,"username":"ldata"}
[2025-11-05 22:55:10]Fetched 1 merchants for user_id: 7
[2025-11-05 22:55:12]Starting api.php
[2025-11-05 22:55:12]Database connection successful
[2025-11-05 22:55:12]MagnusBilling initialized successfully
[2025-11-05 22:55:12]Processing action: get_dtmf, User ID: 7, Session data: {"csrf_token":"9e567ecbe14387147011fe1fdd28386c3ac43e919e0423d2bebb7fcb6521a7cf","user_id":7,"username":"ldata"}
[2025-11-05 22:55:22]Starting api.php
[2025-11-05 22:55:22]Database connection successful
[2025-11-05 22:55:22]MagnusBilling initialized successfully
[2025-11-05 22:55:22]Processing action: get_dtmf, User ID: 7, Session data: {"csrf_token":"9e567ecbe14387147011fe1fdd28386c3ac43e919e0423d2bebb7fcb6521a7cf","user_id":7,"username":"ldata"}
[2025-11-05 22:55:32]Starting api.php
[2025-11-05 22:55:32]Database connection successful
[2025-11-05 22:55:32]MagnusBilling initialized successfully
[2025-11-05 22:55:32]Processing action: get_dtmf, User ID: 7, Session data: {"csrf_token":"9e567ecbe14387147011fe1fdd28386c3ac43e919e0423d2bebb7fcb6521a7cf","user_id":7,"username":"ldata"}
[2025-11-05 22:55:41]Starting api.php
[2025-11-05 22:55:42]Database connection successful
[2025-11-05 22:55:42]MagnusBilling initialized successfully
[2025-11-05 22:55:42]Processing action: get_dtmf, User ID: 7, Session data: {"csrf_token":"9e567ecbe14387147011fe1fdd28386c3ac43e919e0423d2bebb7fcb6521a7cf","user_id":7,"username":"ldata"}
[2025-11-05 22:55:43]Starting api.php
[2025-11-05 22:55:43]Database connection successful
[2025-11-05 22:55:43]MagnusBilling initialized successfully
[2025-11-05 22:55:43]Processing action: get_dtmf, User ID: 7, Session data: {"csrf_token":"9e567ecbe14387147011fe1fdd28386c3ac43e919e0423d2bebb7fcb6521a7cf","user_id":7,"username":"ldata"}
[2025-11-05 22:55:47]Starting api.php
[2025-11-05 22:55:47]Database connection successful
[2025-11-05 22:55:47]MagnusBilling initialized successfully
[2025-11-05 22:55:47]Processing action: get_dtmf, User ID: 7, Session data: {"csrf_token":"9e567ecbe14387147011fe1fdd28386c3ac43e919e0423d2bebb7fcb6521a7cf","user_id":7,"username":"ldata"}
[2025-11-05 22:56:05]Starting api.php
[2025-11-05 22:56:05]Database connection successful
[2025-11-05 22:56:05]MagnusBilling initialized successfully
[2025-11-05 22:56:05]Processing action: get_dtmf, User ID: 7, Session data: {"csrf_token":"9e567ecbe14387147011fe1fdd28386c3ac43e919e0423d2bebb7fcb6521a7cf","user_id":7,"username":"ldata"}
[2025-11-05 22:56:07]Starting api.php
[2025-11-05 22:56:07]Database connection successful
[2025-11-05 22:56:07]MagnusBilling initialized successfully
[2025-11-05 22:56:07]Processing action: get_dtmf, User ID: 7, Session data: {"csrf_token":"9e567ecbe14387147011fe1fdd28386c3ac43e919e0423d2bebb7fcb6521a7cf","user_id":7,"username":"ldata"}
[2025-11-05 22:56:17]Starting api.php
[2025-11-05 22:56:17]Database connection successful
[2025-11-05 22:56:17]MagnusBilling initialized successfully
[2025-11-05 22:56:17]Processing action: get_dtmf, User ID: 7, Session data: {"csrf_token":"9e567ecbe14387147011fe1fdd28386c3ac43e919e0423d2bebb7fcb6521a7cf","user_id":7,"username":"ldata"}
[2025-11-05 22:56:27]Starting api.php
[2025-11-05 22:56:27]Database connection successful
[2025-11-05 22:56:27]MagnusBilling initialized successfully
[2025-11-05 22:56:27]Processing action: get_dtmf, User ID: 7, Session data: {"csrf_token":"9e567ecbe14387147011fe1fdd28386c3ac43e919e0423d2bebb7fcb6521a7cf","user_id":7,"username":"ldata"}
[2025-11-05 22:56:37]Starting api.php
[2025-11-05 22:56:37]Database connection successful
[2025-11-05 22:56:37]MagnusBilling initialized successfully
[2025-11-05 22:56:37]Processing action: get_dtmf, User ID: 7, Session data: {"csrf_token":"9e567ecbe14387147011fe1fdd28386c3ac43e919e0423d2bebb7fcb6521a7cf","user_id":7,"username":"ldata"}
[2025-11-05 22:56:43]Starting api.php
[2025-11-05 22:56:43]Database connection successful
[2025-11-05 22:56:43]MagnusBilling initialized successfully
[2025-11-05 22:56:43]Processing action: get_dtmf, User ID: 7, Session data: {"csrf_token":"9e567ecbe14387147011fe1fdd28386c3ac43e919e0423d2bebb7fcb6521a7cf","user_id":7,"username":"ldata"}
[2025-11-05 22:56:53]Starting api.php
[2025-11-05 22:56:53]Database connection successful
[2025-11-05 22:56:53]MagnusBilling initialized successfully
[2025-11-05 22:56:53]Processing action: get_dtmf, User ID: 7, Session data: {"csrf_token":"9e567ecbe14387147011fe1fdd28386c3ac43e919e0423d2bebb7fcb6521a7cf","user_id":7,"username":"ldata"}
[2025-11-05 22:57:03]Starting api.php
[2025-11-05 22:57:03]Database connection successful
[2025-11-05 22:57:03]MagnusBilling initialized successfully
[2025-11-05 22:57:03]Processing action: get_dtmf, User ID: 7, Session data: {"csrf_token":"9e567ecbe14387147011fe1fdd28386c3ac43e919e0423d2bebb7fcb6521a7cf","user_id":7,"username":"ldata"}
[2025-11-05 22:57:22]Starting api.php
[2025-11-05 22:57:22]Database connection successful
[2025-11-05 22:57:22]MagnusBilling initialized successfully
[2025-11-05 22:57:22]Processing action: get_dtmf, User ID: 7, Session data: {"csrf_token":"9e567ecbe14387147011fe1fdd28386c3ac43e919e0423d2bebb7fcb6521a7cf","user_id":7,"username":"ldata"}
[2025-11-05 22:57:23]Starting api.php
[2025-11-05 22:57:23]Database connection successful
[2025-11-05 22:57:23]MagnusBilling initialized successfully
[2025-11-05 22:57:23]Processing action: get_dtmf, User ID: 7, Session data: {"csrf_token":"9e567ecbe14387147011fe1fdd28386c3ac43e919e0423d2bebb7fcb6521a7cf","user_id":7,"username":"ldata"}
[2025-11-05 22:57:33]Starting api.php
[2025-11-05 22:57:33]Database connection successful
[2025-11-05 22:57:33]MagnusBilling initialized successfully
[2025-11-05 22:57:33]Processing action: get_dtmf, User ID: 7, Session data: {"csrf_token":"9e567ecbe14387147011fe1fdd28386c3ac43e919e0423d2bebb7fcb6521a7cf","user_id":7,"username":"ldata"}
[2025-11-05 22:57:43]Starting api.php
[2025-11-05 22:57:43]Database connection successful
[2025-11-05 22:57:43]MagnusBilling initialized successfully
[2025-11-05 22:57:43]Processing action: get_dtmf, User ID: 7, Session data: {"csrf_token":"9e567ecbe14387147011fe1fdd28386c3ac43e919e0423d2bebb7fcb6521a7cf","user_id":7,"username":"ldata"}
[2025-11-05 22:57:53]Starting api.php
[2025-11-05 22:57:53]Database connection successful
[2025-11-05 22:57:53]MagnusBilling initialized successfully
[2025-11-05 22:57:53]Processing action: get_dtmf, User ID: 7, Session data: {"csrf_token":"9e567ecbe14387147011fe1fdd28386c3ac43e919e0423d2bebb7fcb6521a7cf","user_id":7,"username":"ldata"}
[2025-11-05 22:57:56]Starting api.php
[2025-11-05 22:57:56]Database connection successful
[2025-11-05 22:57:56]MagnusBilling initialized successfully
[2025-11-05 22:57:56]Processing action: get_dtmf, User ID: 7, Session data: {"csrf_token":"9e567ecbe14387147011fe1fdd28386c3ac43e919e0423d2bebb7fcb6521a7cf","user_id":7,"username":"ldata"}
[2025-11-05 22:58:06]Starting api.php
[2025-11-05 22:58:06]Database connection successful
[2025-11-05 22:58:06]MagnusBilling initialized successfully
[2025-11-05 22:58:06]Processing action: get_dtmf, User ID: 7, Session data: {"csrf_token":"9e567ecbe14387147011fe1fdd28386c3ac43e919e0423d2bebb7fcb6521a7cf","user_id":7,"username":"ldata"}
[2025-11-05 22:58:07]Starting api.php
[2025-11-05 22:58:07]Database connection successful
[2025-11-05 22:58:07]MagnusBilling initialized successfully
[2025-11-05 22:58:07]Processing action: get_dtmf, User ID: 7, Session data: {"csrf_token":"9e567ecbe14387147011fe1fdd28386c3ac43e919e0423d2bebb7fcb6521a7cf","user_id":7,"username":"ldata"}
[2025-11-05 22:58:17]Starting api.php
[2025-11-05 22:58:17]Database connection successful
[2025-11-05 22:58:17]MagnusBilling initialized successfully
[2025-11-05 22:58:17]Processing action: get_dtmf, User ID: 7, Session data: {"csrf_token":"9e567ecbe14387147011fe1fdd28386c3ac43e919e0423d2bebb7fcb6521a7cf","user_id":7,"username":"ldata"}
[2025-11-05 22:58:27]Starting api.php
[2025-11-05 22:58:27]Database connection successful
[2025-11-05 22:58:27]MagnusBilling initialized successfully
[2025-11-05 22:58:27]Processing action: get_dtmf, User ID: 7, Session data: {"csrf_token":"9e567ecbe14387147011fe1fdd28386c3ac43e919e0423d2bebb7fcb6521a7cf","user_id":7,"username":"ldata"}
[2025-11-05 22:58:37]Starting api.php
[2025-11-05 22:58:37]Database connection successful
[2025-11-05 22:58:37]MagnusBilling initialized successfully
[2025-11-05 22:58:37]Processing action: get_dtmf, User ID: 7, Session data: {"csrf_token":"9e567ecbe14387147011fe1fdd28386c3ac43e919e0423d2bebb7fcb6521a7cf","user_id":7,"username":"ldata"}
[2025-11-05 22:58:47]Starting api.php
[2025-11-05 22:58:47]Database connection successful
[2025-11-05 22:58:47]MagnusBilling initialized successfully
[2025-11-05 22:58:47]Processing action: get_dtmf, User ID: 7, Session data: {"csrf_token":"9e567ecbe14387147011fe1fdd28386c3ac43e919e0423d2bebb7fcb6521a7cf","user_id":7,"username":"ldata"}
[2025-11-05 22:58:57]Starting api.php
[2025-11-05 22:58:57]Database connection successful
[2025-11-05 22:58:57]MagnusBilling initialized successfully
[2025-11-05 22:58:57]Processing action: get_dtmf, User ID: 7, Session data: {"csrf_token":"9e567ecbe14387147011fe1fdd28386c3ac43e919e0423d2bebb7fcb6521a7cf","user_id":7,"username":"ldata"}
[2025-11-05 22:59:07]Starting api.php
[2025-11-05 22:59:07]Database connection successful
[2025-11-05 22:59:07]MagnusBilling initialized successfully
[2025-11-05 22:59:07]Processing action: get_dtmf, User ID: 7, Session data: {"csrf_token":"9e567ecbe14387147011fe1fdd28386c3ac43e919e0423d2bebb7fcb6521a7cf","user_id":7,"username":"ldata"}
[2025-11-05 22:59:17]Starting api.php
[2025-11-05 22:59:17]Database connection successful
[2025-11-05 22:59:17]MagnusBilling initialized successfully
[2025-11-05 22:59:17]Processing action: get_dtmf, User ID: 7, Session data: {"csrf_token":"9e567ecbe14387147011fe1fdd28386c3ac43e919e0423d2bebb7fcb6521a7cf","user_id":7,"username":"ldata"}
[2025-11-05 22:59:17]Fetched 125 DTMF inputs for user_id: 7
[2025-11-05 22:59:27]Starting api.php
[2025-11-05 22:59:27]Database connection successful
[2025-11-05 22:59:27]MagnusBilling initialized successfully
[2025-11-05 22:59:27]Processing action: get_dtmf, User ID: 7, Session data: {"csrf_token":"9e567ecbe14387147011fe1fdd28386c3ac43e919e0423d2bebb7fcb6521a7cf","user_id":7,"username":"ldata"}
[2025-11-05 22:59:27]Fetched 125 DTMF inputs for user_id: 7
[2025-11-05 22:59:37]Starting api.php
[2025-11-05 22:59:37]Database connection successful
[2025-11-05 22:59:37]MagnusBilling initialized successfully
[2025-11-05 22:59:37]Processing action: get_dtmf, User ID: 7, Session data: {"csrf_token":"9e567ecbe14387147011fe1fdd28386c3ac43e919e0423d2bebb7fcb6521a7cf","user_id":7,"username":"ldata"}
[2025-11-05 22:59:37]Fetched 125 DTMF inputs for user_id: 7
[2025-11-05 22:59:47]Starting api.php
[2025-11-05 22:59:47]Database connection successful
[2025-11-05 22:59:47]MagnusBilling initialized successfully
[2025-11-05 22:59:47]Processing action: get_dtmf, User ID: 7, Session data: {"csrf_token":"9e567ecbe14387147011fe1fdd28386c3ac43e919e0423d2bebb7fcb6521a7cf","user_id":7,"username":"ldata"}
[2025-11-05 22:59:47]Get DTMF error: Too few arguments to function Illuminate\Database\Query\Builder::selectRaw(), 0 passed in D:\xampp\htdocs\projects\datacalls_css_adjusted\controller\api.php on line 1235 and at least 1 expected
[2025-11-05 22:59:57]Starting api.php
[2025-11-05 22:59:57]Database connection successful
[2025-11-05 22:59:57]MagnusBilling initialized successfully
[2025-11-05 22:59:57]Processing action: get_dtmf, User ID: 7, Session data: {"csrf_token":"9e567ecbe14387147011fe1fdd28386c3ac43e919e0423d2bebb7fcb6521a7cf","user_id":7,"username":"ldata"}
[2025-11-05 22:59:57]Get DTMF error: SQLSTATE[42000]: Syntax error or access violation: 1064 You have an error in your SQL syntax; check the manual that corresponds to your MariaDB server version for the right syntax to use near 'from `calls` where `user_id` = ? order by `created_at` desc' at line 1 (Connection: default, SQL: select  from `calls` where `user_id` = 7 order by `created_at` desc)
[2025-11-05 23:00:07]Starting api.php
[2025-11-05 23:00:07]Database connection successful
[2025-11-05 23:00:07]MagnusBilling initialized successfully
[2025-11-05 23:00:07]Processing action: get_dtmf, User ID: 7, Session data: {"csrf_token":"9e567ecbe14387147011fe1fdd28386c3ac43e919e0423d2bebb7fcb6521a7cf","user_id":7,"username":"ldata"}
[2025-11-05 23:00:07]Get DTMF error: Illuminate\Database\Query\Builder::selectRaw(): Argument #2 ($bindings) must be of type array, string given, called in D:\xampp\htdocs\projects\datacalls_css_adjusted\controller\api.php on line 1235
[2025-11-05 23:00:27]Starting api.php
[2025-11-05 23:00:27]Database connection successful
[2025-11-05 23:00:27]MagnusBilling initialized successfully
[2025-11-05 23:00:27]Processing action: get_dtmf, User ID: 7, Session data: {"csrf_token":"9e567ecbe14387147011fe1fdd28386c3ac43e919e0423d2bebb7fcb6521a7cf","user_id":7,"username":"ldata"}
[2025-11-05 23:00:27]Get DTMF error: Call to a member function get() on null
[2025-11-05 23:00:37]Starting api.php
[2025-11-05 23:00:37]Database connection successful
[2025-11-05 23:00:37]MagnusBilling initialized successfully
[2025-11-05 23:00:37]Processing action: get_dtmf, User ID: 7, Session data: {"csrf_token":"9e567ecbe14387147011fe1fdd28386c3ac43e919e0423d2bebb7fcb6521a7cf","user_id":7,"username":"ldata"}
[2025-11-05 23:00:37]Fetched 125 DTMF inputs for user_id: 7
[2025-11-05 23:00:47]Starting api.php
[2025-11-05 23:00:47]Database connection successful
[2025-11-05 23:00:47]MagnusBilling initialized successfully
[2025-11-05 23:00:47]Processing action: get_dtmf, User ID: 7, Session data: {"csrf_token":"9e567ecbe14387147011fe1fdd28386c3ac43e919e0423d2bebb7fcb6521a7cf","user_id":7,"username":"ldata"}
[2025-11-05 23:00:47]Fetched 125 DTMF inputs for user_id: 7
[2025-11-05 23:00:57]Starting api.php
[2025-11-05 23:00:57]Database connection successful
[2025-11-05 23:00:57]MagnusBilling initialized successfully
[2025-11-05 23:00:57]Processing action: get_dtmf, User ID: 7, Session data: {"csrf_token":"9e567ecbe14387147011fe1fdd28386c3ac43e919e0423d2bebb7fcb6521a7cf","user_id":7,"username":"ldata"}
[2025-11-05 23:00:57]Fetched 125 DTMF inputs for user_id: 7
[2025-11-05 23:01:07]Starting api.php
[2025-11-05 23:01:07]Database connection successful
[2025-11-05 23:01:07]MagnusBilling initialized successfully
[2025-11-05 23:01:07]Processing action: get_dtmf, User ID: 7, Session data: {"csrf_token":"9e567ecbe14387147011fe1fdd28386c3ac43e919e0423d2bebb7fcb6521a7cf","user_id":7,"username":"ldata"}
[2025-11-05 23:01:07]Fetched 125 DTMF inputs for user_id: 7
[2025-11-05 23:01:17]Starting api.php
[2025-11-05 23:01:17]Database connection successful
[2025-11-05 23:01:17]MagnusBilling initialized successfully
[2025-11-05 23:01:17]Processing action: get_dtmf, User ID: 7, Session data: {"csrf_token":"9e567ecbe14387147011fe1fdd28386c3ac43e919e0423d2bebb7fcb6521a7cf","user_id":7,"username":"ldata"}
[2025-11-05 23:01:17]Fetched 125 DTMF inputs for user_id: 7
[2025-11-05 23:01:27]Starting api.php
[2025-11-05 23:01:27]Database connection successful
[2025-11-05 23:01:27]MagnusBilling initialized successfully
[2025-11-05 23:01:27]Processing action: get_dtmf, User ID: 7, Session data: {"csrf_token":"9e567ecbe14387147011fe1fdd28386c3ac43e919e0423d2bebb7fcb6521a7cf","user_id":7,"username":"ldata"}
[2025-11-05 23:01:27]Fetched 125 DTMF inputs for user_id: 7
[2025-11-05 23:01:37]Starting api.php
[2025-11-05 23:01:37]Database connection successful
[2025-11-05 23:01:37]MagnusBilling initialized successfully
[2025-11-05 23:01:37]Processing action: get_dtmf, User ID: 7, Session data: {"csrf_token":"9e567ecbe14387147011fe1fdd28386c3ac43e919e0423d2bebb7fcb6521a7cf","user_id":7,"username":"ldata"}
[2025-11-05 23:01:37]Fetched 125 DTMF inputs for user_id: 7
[2025-11-05 23:01:38]Starting api.php
[2025-11-05 23:01:38]Database connection successful
[2025-11-05 23:01:38]MagnusBilling initialized successfully
[2025-11-05 23:01:38]Processing action: get_dtmf, User ID: 7, Session data: {"csrf_token":"9e567ecbe14387147011fe1fdd28386c3ac43e919e0423d2bebb7fcb6521a7cf","user_id":7,"username":"ldata"}
[2025-11-05 23:01:38]Fetched 125 DTMF inputs for user_id: 7
[2025-11-05 23:01:48]Starting api.php
[2025-11-05 23:01:48]Database connection successful
[2025-11-05 23:01:48]MagnusBilling initialized successfully
[2025-11-05 23:01:48]Processing action: get_dtmf, User ID: 7, Session data: {"csrf_token":"9e567ecbe14387147011fe1fdd28386c3ac43e919e0423d2bebb7fcb6521a7cf","user_id":7,"username":"ldata"}
[2025-11-05 23:01:49]Fetched 125 DTMF inputs for user_id: 7
[2025-11-05 23:01:58]Starting api.php
[2025-11-05 23:01:58]Database connection successful
[2025-11-05 23:01:58]MagnusBilling initialized successfully
[2025-11-05 23:01:58]Processing action: get_dtmf, User ID: 7, Session data: {"csrf_token":"9e567ecbe14387147011fe1fdd28386c3ac43e919e0423d2bebb7fcb6521a7cf","user_id":7,"username":"ldata"}
[2025-11-05 23:01:59]Fetched 125 DTMF inputs for user_id: 7
[2025-11-05 23:02:08]Starting api.php
[2025-11-05 23:02:08]Database connection successful
[2025-11-05 23:02:08]MagnusBilling initialized successfully
[2025-11-05 23:02:08]Processing action: get_dtmf, User ID: 7, Session data: {"csrf_token":"9e567ecbe14387147011fe1fdd28386c3ac43e919e0423d2bebb7fcb6521a7cf","user_id":7,"username":"ldata"}
[2025-11-05 23:02:08]Fetched 125 DTMF inputs for user_id: 7
[2025-11-05 23:02:18]Starting api.php
[2025-11-05 23:02:18]Database connection successful
[2025-11-05 23:02:18]MagnusBilling initialized successfully
[2025-11-05 23:02:18]Processing action: get_dtmf, User ID: 7, Session data: {"csrf_token":"9e567ecbe14387147011fe1fdd28386c3ac43e919e0423d2bebb7fcb6521a7cf","user_id":7,"username":"ldata"}
[2025-11-05 23:02:18]Fetched 125 DTMF inputs for user_id: 7
[2025-11-05 23:02:28]Starting api.php
[2025-11-05 23:02:28]Database connection successful
[2025-11-05 23:02:28]MagnusBilling initialized successfully
[2025-11-05 23:02:28]Processing action: get_dtmf, User ID: 7, Session data: {"csrf_token":"9e567ecbe14387147011fe1fdd28386c3ac43e919e0423d2bebb7fcb6521a7cf","user_id":7,"username":"ldata"}
[2025-11-05 23:02:28]Fetched 125 DTMF inputs for user_id: 7
[2025-11-05 23:02:38]Starting api.php
[2025-11-05 23:02:38]Database connection successful
[2025-11-05 23:02:38]MagnusBilling initialized successfully
[2025-11-05 23:02:38]Processing action: get_dtmf, User ID: 7, Session data: {"csrf_token":"9e567ecbe14387147011fe1fdd28386c3ac43e919e0423d2bebb7fcb6521a7cf","user_id":7,"username":"ldata"}
[2025-11-05 23:02:38]Fetched 125 DTMF inputs for user_id: 7
[2025-11-05 23:02:48]Starting api.php
[2025-11-05 23:02:48]Database connection successful
[2025-11-05 23:02:48]MagnusBilling initialized successfully
[2025-11-05 23:02:48]Processing action: get_dtmf, User ID: 7, Session data: {"csrf_token":"9e567ecbe14387147011fe1fdd28386c3ac43e919e0423d2bebb7fcb6521a7cf","user_id":7,"username":"ldata"}
[2025-11-05 23:02:48]Fetched 125 DTMF inputs for user_id: 7
[2025-11-05 23:02:58]Starting api.php
[2025-11-05 23:02:58]Database connection successful
[2025-11-05 23:02:58]MagnusBilling initialized successfully
[2025-11-05 23:02:58]Processing action: get_dtmf, User ID: 7, Session data: {"csrf_token":"9e567ecbe14387147011fe1fdd28386c3ac43e919e0423d2bebb7fcb6521a7cf","user_id":7,"username":"ldata"}
[2025-11-05 23:02:58]Fetched 125 DTMF inputs for user_id: 7
[2025-11-05 23:03:08]Starting api.php
[2025-11-05 23:03:08]Database connection successful
[2025-11-05 23:03:08]MagnusBilling initialized successfully
[2025-11-05 23:03:08]Processing action: get_dtmf, User ID: 7, Session data: {"csrf_token":"9e567ecbe14387147011fe1fdd28386c3ac43e919e0423d2bebb7fcb6521a7cf","user_id":7,"username":"ldata"}
[2025-11-05 23:03:08]Fetched 125 DTMF inputs for user_id: 7
[2025-11-05 23:03:18]Starting api.php
[2025-11-05 23:03:18]Database connection successful
[2025-11-05 23:03:18]MagnusBilling initialized successfully
[2025-11-05 23:03:18]Processing action: get_dtmf, User ID: 7, Session data: {"csrf_token":"9e567ecbe14387147011fe1fdd28386c3ac43e919e0423d2bebb7fcb6521a7cf","user_id":7,"username":"ldata"}
[2025-11-05 23:03:18]Fetched 125 DTMF inputs for user_id: 7
[2025-11-05 23:03:28]Starting api.php
[2025-11-05 23:03:29]Database connection successful
[2025-11-05 23:03:29]MagnusBilling initialized successfully
[2025-11-05 23:03:29]Processing action: get_dtmf, User ID: 7, Session data: {"csrf_token":"9e567ecbe14387147011fe1fdd28386c3ac43e919e0423d2bebb7fcb6521a7cf","user_id":7,"username":"ldata"}
[2025-11-05 23:03:29]Fetched 125 DTMF inputs for user_id: 7
[2025-11-05 23:03:29]Starting api.php
[2025-11-05 23:03:29]Database connection successful
[2025-11-05 23:03:29]MagnusBilling initialized successfully
[2025-11-05 23:03:29]Processing action: get_dtmf, User ID: 7, Session data: {"csrf_token":"9e567ecbe14387147011fe1fdd28386c3ac43e919e0423d2bebb7fcb6521a7cf","user_id":7,"username":"ldata"}
[2025-11-05 23:03:29]Fetched 125 DTMF inputs for user_id: 7
[2025-11-05 23:03:39]Starting api.php
[2025-11-05 23:03:39]Database connection successful
[2025-11-05 23:03:39]MagnusBilling initialized successfully
[2025-11-05 23:03:39]Processing action: get_dtmf, User ID: 7, Session data: {"csrf_token":"9e567ecbe14387147011fe1fdd28386c3ac43e919e0423d2bebb7fcb6521a7cf","user_id":7,"username":"ldata"}
[2025-11-05 23:03:39]Fetched 125 DTMF inputs for user_id: 7
[2025-11-05 23:03:49]Starting api.php
[2025-11-05 23:03:49]Database connection successful
[2025-11-05 23:03:49]MagnusBilling initialized successfully
[2025-11-05 23:03:49]Processing action: get_dtmf, User ID: 7, Session data: {"csrf_token":"9e567ecbe14387147011fe1fdd28386c3ac43e919e0423d2bebb7fcb6521a7cf","user_id":7,"username":"ldata"}
[2025-11-05 23:03:49]Fetched 125 DTMF inputs for user_id: 7
[2025-11-05 23:03:59]Starting api.php
[2025-11-05 23:03:59]Database connection successful
[2025-11-05 23:03:59]MagnusBilling initialized successfully
[2025-11-05 23:03:59]Processing action: get_dtmf, User ID: 7, Session data: {"csrf_token":"9e567ecbe14387147011fe1fdd28386c3ac43e919e0423d2bebb7fcb6521a7cf","user_id":7,"username":"ldata"}
[2025-11-05 23:03:59]Fetched 125 DTMF inputs for user_id: 7
[2025-11-05 23:04:09]Starting api.php
[2025-11-05 23:04:09]Database connection successful
[2025-11-05 23:04:09]MagnusBilling initialized successfully
[2025-11-05 23:04:09]Processing action: get_dtmf, User ID: 7, Session data: {"csrf_token":"9e567ecbe14387147011fe1fdd28386c3ac43e919e0423d2bebb7fcb6521a7cf","user_id":7,"username":"ldata"}
[2025-11-05 23:04:09]Fetched 125 DTMF inputs for user_id: 7
[2025-11-05 23:04:19]Starting api.php
[2025-11-05 23:04:19]Database connection successful
[2025-11-05 23:04:19]MagnusBilling initialized successfully
[2025-11-05 23:04:19]Processing action: get_dtmf, User ID: 7, Session data: {"csrf_token":"9e567ecbe14387147011fe1fdd28386c3ac43e919e0423d2bebb7fcb6521a7cf","user_id":7,"username":"ldata"}
[2025-11-05 23:04:19]Fetched 125 DTMF inputs for user_id: 7
[2025-11-05 23:04:29]Starting api.php
[2025-11-05 23:04:29]Database connection successful
[2025-11-05 23:04:29]MagnusBilling initialized successfully
[2025-11-05 23:04:29]Processing action: get_dtmf, User ID: 7, Session data: {"csrf_token":"9e567ecbe14387147011fe1fdd28386c3ac43e919e0423d2bebb7fcb6521a7cf","user_id":7,"username":"ldata"}
[2025-11-05 23:04:29]Fetched 125 DTMF inputs for user_id: 7
[2025-11-05 23:04:39]Starting api.php
[2025-11-05 23:04:39]Database connection successful
[2025-11-05 23:04:39]MagnusBilling initialized successfully
[2025-11-05 23:04:39]Processing action: get_dtmf, User ID: 7, Session data: {"csrf_token":"9e567ecbe14387147011fe1fdd28386c3ac43e919e0423d2bebb7fcb6521a7cf","user_id":7,"username":"ldata"}
[2025-11-05 23:04:39]Fetched 125 DTMF inputs for user_id: 7
[2025-11-05 23:04:49]Starting api.php
[2025-11-05 23:04:49]Database connection successful
[2025-11-05 23:04:49]MagnusBilling initialized successfully
[2025-11-05 23:04:49]Processing action: get_dtmf, User ID: 7, Session data: {"csrf_token":"9e567ecbe14387147011fe1fdd28386c3ac43e919e0423d2bebb7fcb6521a7cf","user_id":7,"username":"ldata"}
[2025-11-05 23:04:49]Fetched 125 DTMF inputs for user_id: 7
[2025-11-05 23:04:56]Starting api.php
[2025-11-05 23:04:56]Database connection successful
[2025-11-05 23:04:56]MagnusBilling initialized successfully
[2025-11-05 23:04:56]Processing action: get_dtmf, User ID: 7, Session data: {"csrf_token":"9e567ecbe14387147011fe1fdd28386c3ac43e919e0423d2bebb7fcb6521a7cf","user_id":7,"username":"ldata"}
[2025-11-05 23:04:56]Fetched 125 DTMF inputs for user_id: 7
[2025-11-05 23:05:06]Starting api.php
[2025-11-05 23:05:06]Database connection successful
[2025-11-05 23:05:06]MagnusBilling initialized successfully
[2025-11-05 23:05:06]Processing action: get_dtmf, User ID: 7, Session data: {"csrf_token":"9e567ecbe14387147011fe1fdd28386c3ac43e919e0423d2bebb7fcb6521a7cf","user_id":7,"username":"ldata"}
[2025-11-05 23:05:06]Fetched 125 DTMF inputs for user_id: 7
[2025-11-05 23:05:16]Starting api.php
[2025-11-05 23:05:16]Database connection successful
[2025-11-05 23:05:16]MagnusBilling initialized successfully
[2025-11-05 23:05:16]Processing action: get_dtmf, User ID: 7, Session data: {"csrf_token":"9e567ecbe14387147011fe1fdd28386c3ac43e919e0423d2bebb7fcb6521a7cf","user_id":7,"username":"ldata"}
[2025-11-05 23:05:17]Fetched 125 DTMF inputs for user_id: 7
[2025-11-05 23:05:26]Starting api.php
[2025-11-05 23:05:26]Database connection successful
[2025-11-05 23:05:26]MagnusBilling initialized successfully
[2025-11-05 23:05:26]Processing action: get_dtmf, User ID: 7, Session data: {"csrf_token":"9e567ecbe14387147011fe1fdd28386c3ac43e919e0423d2bebb7fcb6521a7cf","user_id":7,"username":"ldata"}
[2025-11-05 23:05:26]Fetched 125 DTMF inputs for user_id: 7
[2025-11-05 23:05:32]Starting api.php
[2025-11-05 23:05:32]Database connection successful
[2025-11-05 23:05:32]MagnusBilling initialized successfully
[2025-11-05 23:05:32]Processing action: get_dtmf, User ID: 7, Session data: {"csrf_token":"9e567ecbe14387147011fe1fdd28386c3ac43e919e0423d2bebb7fcb6521a7cf","user_id":7,"username":"ldata"}
[2025-11-05 23:05:32]Fetched 125 DTMF inputs for user_id: 7
[2025-11-05 23:05:42]Starting api.php
[2025-11-05 23:05:42]Database connection successful
[2025-11-05 23:05:42]MagnusBilling initialized successfully
[2025-11-05 23:05:42]Processing action: get_dtmf, User ID: 7, Session data: {"csrf_token":"9e567ecbe14387147011fe1fdd28386c3ac43e919e0423d2bebb7fcb6521a7cf","user_id":7,"username":"ldata"}
[2025-11-05 23:05:42]Fetched 125 DTMF inputs for user_id: 7
[2025-11-05 23:05:52]Starting api.php
[2025-11-05 23:05:52]Database connection successful
[2025-11-05 23:05:52]MagnusBilling initialized successfully
[2025-11-05 23:05:52]Processing action: get_dtmf, User ID: 7, Session data: {"csrf_token":"9e567ecbe14387147011fe1fdd28386c3ac43e919e0423d2bebb7fcb6521a7cf","user_id":7,"username":"ldata"}
[2025-11-05 23:05:52]Fetched 125 DTMF inputs for user_id: 7
[2025-11-05 23:06:02]Starting api.php
[2025-11-05 23:06:02]Database connection successful
[2025-11-05 23:06:02]MagnusBilling initialized successfully
[2025-11-05 23:06:02]Processing action: get_dtmf, User ID: 7, Session data: {"csrf_token":"9e567ecbe14387147011fe1fdd28386c3ac43e919e0423d2bebb7fcb6521a7cf","user_id":7,"username":"ldata"}
[2025-11-05 23:06:02]Fetched 125 DTMF inputs for user_id: 7
[2025-11-05 23:06:12]Starting api.php
[2025-11-05 23:06:12]Database connection successful
[2025-11-05 23:06:12]MagnusBilling initialized successfully
[2025-11-05 23:06:12]Processing action: get_dtmf, User ID: 7, Session data: {"csrf_token":"9e567ecbe14387147011fe1fdd28386c3ac43e919e0423d2bebb7fcb6521a7cf","user_id":7,"username":"ldata"}
[2025-11-05 23:06:12]Fetched 125 DTMF inputs for user_id: 7
[2025-11-05 23:06:22]Starting api.php
[2025-11-05 23:06:22]Database connection successful
[2025-11-05 23:06:22]MagnusBilling initialized successfully
[2025-11-05 23:06:22]Processing action: get_dtmf, User ID: 7, Session data: {"csrf_token":"9e567ecbe14387147011fe1fdd28386c3ac43e919e0423d2bebb7fcb6521a7cf","user_id":7,"username":"ldata"}
[2025-11-05 23:06:22]Fetched 125 DTMF inputs for user_id: 7
[2025-11-05 23:06:32]Starting api.php
[2025-11-05 23:06:32]Database connection successful
[2025-11-05 23:06:32]MagnusBilling initialized successfully
[2025-11-05 23:06:32]Processing action: get_dtmf, User ID: 7, Session data: {"csrf_token":"9e567ecbe14387147011fe1fdd28386c3ac43e919e0423d2bebb7fcb6521a7cf","user_id":7,"username":"ldata"}
[2025-11-05 23:06:32]Fetched 125 DTMF inputs for user_id: 7
[2025-11-05 23:06:42]Starting api.php
[2025-11-05 23:06:42]Database connection successful
[2025-11-05 23:06:42]MagnusBilling initialized successfully
[2025-11-05 23:06:42]Processing action: get_dtmf, User ID: 7, Session data: {"csrf_token":"9e567ecbe14387147011fe1fdd28386c3ac43e919e0423d2bebb7fcb6521a7cf","user_id":7,"username":"ldata"}
[2025-11-05 23:06:42]Fetched 125 DTMF inputs for user_id: 7
[2025-11-05 23:06:52]Starting api.php
[2025-11-05 23:06:52]Database connection successful
[2025-11-05 23:06:52]MagnusBilling initialized successfully
[2025-11-05 23:06:52]Processing action: get_dtmf, User ID: 7, Session data: {"csrf_token":"9e567ecbe14387147011fe1fdd28386c3ac43e919e0423d2bebb7fcb6521a7cf","user_id":7,"username":"ldata"}
[2025-11-05 23:06:52]Fetched 125 DTMF inputs for user_id: 7
[2025-11-05 23:07:02]Starting api.php
[2025-11-05 23:07:02]Database connection successful
[2025-11-05 23:07:02]MagnusBilling initialized successfully
[2025-11-05 23:07:02]Processing action: get_dtmf, User ID: 7, Session data: {"csrf_token":"9e567ecbe14387147011fe1fdd28386c3ac43e919e0423d2bebb7fcb6521a7cf","user_id":7,"username":"ldata"}
[2025-11-05 23:07:02]Fetched 125 DTMF inputs for user_id: 7
[2025-11-05 23:07:12]Starting api.php
[2025-11-05 23:07:12]Database connection successful
[2025-11-05 23:07:12]MagnusBilling initialized successfully
[2025-11-05 23:07:12]Processing action: get_dtmf, User ID: 7, Session data: {"csrf_token":"9e567ecbe14387147011fe1fdd28386c3ac43e919e0423d2bebb7fcb6521a7cf","user_id":7,"username":"ldata"}
[2025-11-05 23:07:12]Fetched 125 DTMF inputs for user_id: 7
[2025-11-05 23:07:22]Starting api.php
[2025-11-05 23:07:22]Database connection successful
[2025-11-05 23:07:22]MagnusBilling initialized successfully
[2025-11-05 23:07:22]Processing action: get_dtmf, User ID: 7, Session data: {"csrf_token":"9e567ecbe14387147011fe1fdd28386c3ac43e919e0423d2bebb7fcb6521a7cf","user_id":7,"username":"ldata"}
[2025-11-05 23:07:22]Fetched 125 DTMF inputs for user_id: 7
[2025-11-05 23:07:32]Starting api.php
[2025-11-05 23:07:32]Database connection successful
[2025-11-05 23:07:32]MagnusBilling initialized successfully
[2025-11-05 23:07:32]Processing action: get_dtmf, User ID: 7, Session data: {"csrf_token":"9e567ecbe14387147011fe1fdd28386c3ac43e919e0423d2bebb7fcb6521a7cf","user_id":7,"username":"ldata"}
[2025-11-05 23:07:32]Fetched 125 DTMF inputs for user_id: 7
[2025-11-05 23:07:42]Starting api.php
[2025-11-05 23:07:42]Database connection successful
[2025-11-05 23:07:42]MagnusBilling initialized successfully
[2025-11-05 23:07:42]Processing action: get_dtmf, User ID: 7, Session data: {"csrf_token":"9e567ecbe14387147011fe1fdd28386c3ac43e919e0423d2bebb7fcb6521a7cf","user_id":7,"username":"ldata"}
[2025-11-05 23:07:42]Fetched 125 DTMF inputs for user_id: 7
[2025-11-05 23:07:52]Starting api.php
[2025-11-05 23:07:52]Database connection successful
[2025-11-05 23:07:52]MagnusBilling initialized successfully
[2025-11-05 23:07:52]Processing action: get_dtmf, User ID: 7, Session data: {"csrf_token":"9e567ecbe14387147011fe1fdd28386c3ac43e919e0423d2bebb7fcb6521a7cf","user_id":7,"username":"ldata"}
[2025-11-05 23:07:52]Fetched 125 DTMF inputs for user_id: 7
[2025-11-05 23:08:02]Starting api.php
[2025-11-05 23:08:02]Database connection successful
[2025-11-05 23:08:02]MagnusBilling initialized successfully
[2025-11-05 23:08:02]Processing action: get_dtmf, User ID: 7, Session data: {"csrf_token":"9e567ecbe14387147011fe1fdd28386c3ac43e919e0423d2bebb7fcb6521a7cf","user_id":7,"username":"ldata"}
[2025-11-05 23:08:02]Fetched 125 DTMF inputs for user_id: 7
[2025-11-05 23:08:12]Starting api.php
[2025-11-05 23:08:12]Database connection successful
[2025-11-05 23:08:12]MagnusBilling initialized successfully
[2025-11-05 23:08:12]Processing action: get_dtmf, User ID: 7, Session data: {"csrf_token":"9e567ecbe14387147011fe1fdd28386c3ac43e919e0423d2bebb7fcb6521a7cf","user_id":7,"username":"ldata"}
[2025-11-05 23:08:12]Fetched 125 DTMF inputs for user_id: 7
[2025-11-05 23:08:22]Starting api.php
[2025-11-05 23:08:22]Database connection successful
[2025-11-05 23:08:22]MagnusBilling initialized successfully
[2025-11-05 23:08:22]Processing action: get_dtmf, User ID: 7, Session data: {"csrf_token":"9e567ecbe14387147011fe1fdd28386c3ac43e919e0423d2bebb7fcb6521a7cf","user_id":7,"username":"ldata"}
[2025-11-05 23:08:22]Fetched 125 DTMF inputs for user_id: 7
[2025-11-05 23:08:32]Starting api.php
[2025-11-05 23:08:32]Database connection successful
[2025-11-05 23:08:32]MagnusBilling initialized successfully
[2025-11-05 23:08:32]Processing action: get_dtmf, User ID: 7, Session data: {"csrf_token":"9e567ecbe14387147011fe1fdd28386c3ac43e919e0423d2bebb7fcb6521a7cf","user_id":7,"username":"ldata"}
[2025-11-05 23:08:32]Fetched 125 DTMF inputs for user_id: 7
[2025-11-05 23:08:42]Starting api.php
[2025-11-05 23:08:42]Database connection successful
[2025-11-05 23:08:42]MagnusBilling initialized successfully
[2025-11-05 23:08:42]Processing action: get_dtmf, User ID: 7, Session data: {"csrf_token":"9e567ecbe14387147011fe1fdd28386c3ac43e919e0423d2bebb7fcb6521a7cf","user_id":7,"username":"ldata"}
[2025-11-05 23:08:42]Fetched 125 DTMF inputs for user_id: 7
[2025-11-05 23:08:52]Starting api.php
[2025-11-05 23:08:52]Database connection successful
[2025-11-05 23:08:52]MagnusBilling initialized successfully
[2025-11-05 23:08:52]Processing action: get_dtmf, User ID: 7, Session data: {"csrf_token":"9e567ecbe14387147011fe1fdd28386c3ac43e919e0423d2bebb7fcb6521a7cf","user_id":7,"username":"ldata"}
[2025-11-05 23:08:52]Fetched 125 DTMF inputs for user_id: 7
[2025-11-05 23:09:02]Starting api.php
[2025-11-05 23:09:02]Database connection successful
[2025-11-05 23:09:02]MagnusBilling initialized successfully
[2025-11-05 23:09:02]Processing action: get_dtmf, User ID: 7, Session data: {"csrf_token":"9e567ecbe14387147011fe1fdd28386c3ac43e919e0423d2bebb7fcb6521a7cf","user_id":7,"username":"ldata"}
[2025-11-05 23:09:02]Fetched 125 DTMF inputs for user_id: 7
[2025-11-05 23:09:12]Starting api.php
[2025-11-05 23:09:12]Database connection successful
[2025-11-05 23:09:12]MagnusBilling initialized successfully
[2025-11-05 23:09:12]Processing action: get_dtmf, User ID: 7, Session data: {"csrf_token":"9e567ecbe14387147011fe1fdd28386c3ac43e919e0423d2bebb7fcb6521a7cf","user_id":7,"username":"ldata"}
[2025-11-05 23:09:12]Fetched 125 DTMF inputs for user_id: 7
[2025-11-05 23:09:22]Starting api.php
[2025-11-05 23:09:22]Database connection successful
[2025-11-05 23:09:22]MagnusBilling initialized successfully
[2025-11-05 23:09:22]Processing action: get_dtmf, User ID: 7, Session data: {"csrf_token":"9e567ecbe14387147011fe1fdd28386c3ac43e919e0423d2bebb7fcb6521a7cf","user_id":7,"username":"ldata"}
[2025-11-05 23:09:22]Fetched 125 DTMF inputs for user_id: 7
[2025-11-05 23:09:32]Starting api.php
[2025-11-05 23:09:32]Database connection successful
[2025-11-05 23:09:32]MagnusBilling initialized successfully
[2025-11-05 23:09:32]Processing action: get_dtmf, User ID: 7, Session data: {"csrf_token":"9e567ecbe14387147011fe1fdd28386c3ac43e919e0423d2bebb7fcb6521a7cf","user_id":7,"username":"ldata"}
[2025-11-05 23:09:32]Fetched 125 DTMF inputs for user_id: 7
[2025-11-05 23:09:43]Starting api.php
[2025-11-05 23:09:43]Database connection successful
[2025-11-05 23:09:43]MagnusBilling initialized successfully
[2025-11-05 23:09:43]Processing action: get_dtmf, User ID: 7, Session data: {"csrf_token":"9e567ecbe14387147011fe1fdd28386c3ac43e919e0423d2bebb7fcb6521a7cf","user_id":7,"username":"ldata"}
[2025-11-05 23:09:43]Fetched 125 DTMF inputs for user_id: 7
[2025-11-05 23:09:53]Starting api.php
[2025-11-05 23:09:53]Database connection successful
[2025-11-05 23:09:53]MagnusBilling initialized successfully
[2025-11-05 23:09:53]Processing action: get_dtmf, User ID: 7, Session data: {"csrf_token":"9e567ecbe14387147011fe1fdd28386c3ac43e919e0423d2bebb7fcb6521a7cf","user_id":7,"username":"ldata"}
[2025-11-05 23:09:53]Fetched 125 DTMF inputs for user_id: 7
[2025-11-05 23:09:57]Starting api.php
[2025-11-05 23:09:57]Database connection successful
[2025-11-05 23:09:57]MagnusBilling initialized successfully
[2025-11-05 23:09:57]Processing action: get_dtmf, User ID: 7, Session data: {"csrf_token":"9e567ecbe14387147011fe1fdd28386c3ac43e919e0423d2bebb7fcb6521a7cf","user_id":7,"username":"ldata"}
[2025-11-05 23:09:57]Fetched 125 DTMF inputs for user_id: 7
[2025-11-05 23:10:07]Starting api.php
[2025-11-05 23:10:07]Database connection successful
[2025-11-05 23:10:07]MagnusBilling initialized successfully
[2025-11-05 23:10:07]Processing action: get_dtmf, User ID: 7, Session data: {"csrf_token":"9e567ecbe14387147011fe1fdd28386c3ac43e919e0423d2bebb7fcb6521a7cf","user_id":7,"username":"ldata"}
[2025-11-05 23:10:07]Fetched 125 DTMF inputs for user_id: 7
[2025-11-05 23:10:17]Starting api.php
[2025-11-05 23:10:17]Database connection successful
[2025-11-05 23:10:17]MagnusBilling initialized successfully
[2025-11-05 23:10:17]Processing action: get_dtmf, User ID: 7, Session data: {"csrf_token":"9e567ecbe14387147011fe1fdd28386c3ac43e919e0423d2bebb7fcb6521a7cf","user_id":7,"username":"ldata"}
[2025-11-05 23:10:17]Fetched 125 DTMF inputs for user_id: 7
[2025-11-05 23:10:27]Starting api.php
[2025-11-05 23:10:27]Database connection successful
[2025-11-05 23:10:27]MagnusBilling initialized successfully
[2025-11-05 23:10:27]Processing action: get_dtmf, User ID: 7, Session data: {"csrf_token":"9e567ecbe14387147011fe1fdd28386c3ac43e919e0423d2bebb7fcb6521a7cf","user_id":7,"username":"ldata"}
[2025-11-05 23:10:27]Fetched 125 DTMF inputs for user_id: 7
[2025-11-05 23:10:37]Starting api.php
[2025-11-05 23:10:37]Database connection successful
[2025-11-05 23:10:37]MagnusBilling initialized successfully
[2025-11-05 23:10:37]Processing action: get_dtmf, User ID: 7, Session data: {"csrf_token":"9e567ecbe14387147011fe1fdd28386c3ac43e919e0423d2bebb7fcb6521a7cf","user_id":7,"username":"ldata"}
[2025-11-05 23:10:37]Fetched 125 DTMF inputs for user_id: 7
[2025-11-05 23:10:47]Starting api.php
[2025-11-05 23:10:47]Database connection successful
[2025-11-05 23:10:47]MagnusBilling initialized successfully
[2025-11-05 23:10:47]Processing action: get_dtmf, User ID: 7, Session data: {"csrf_token":"9e567ecbe14387147011fe1fdd28386c3ac43e919e0423d2bebb7fcb6521a7cf","user_id":7,"username":"ldata"}
[2025-11-05 23:10:47]Fetched 125 DTMF inputs for user_id: 7
[2025-11-05 23:10:57]Starting api.php
[2025-11-05 23:10:57]Database connection successful
[2025-11-05 23:10:57]MagnusBilling initialized successfully
[2025-11-05 23:10:57]Processing action: get_dtmf, User ID: 7, Session data: {"csrf_token":"9e567ecbe14387147011fe1fdd28386c3ac43e919e0423d2bebb7fcb6521a7cf","user_id":7,"username":"ldata"}
[2025-11-05 23:10:57]Fetched 125 DTMF inputs for user_id: 7
[2025-11-05 23:11:07]Starting api.php
[2025-11-05 23:11:07]Database connection successful
[2025-11-05 23:11:07]MagnusBilling initialized successfully
[2025-11-05 23:11:07]Processing action: get_dtmf, User ID: 7, Session data: {"csrf_token":"9e567ecbe14387147011fe1fdd28386c3ac43e919e0423d2bebb7fcb6521a7cf","user_id":7,"username":"ldata"}
[2025-11-05 23:11:07]Fetched 125 DTMF inputs for user_id: 7
[2025-11-05 23:11:17]Starting api.php
[2025-11-05 23:11:17]Database connection successful
[2025-11-05 23:11:17]MagnusBilling initialized successfully
[2025-11-05 23:11:17]Processing action: get_dtmf, User ID: 7, Session data: {"csrf_token":"9e567ecbe14387147011fe1fdd28386c3ac43e919e0423d2bebb7fcb6521a7cf","user_id":7,"username":"ldata"}
[2025-11-05 23:11:17]Fetched 125 DTMF inputs for user_id: 7
[2025-11-05 23:11:22]Starting api.php
[2025-11-05 23:11:22]Database connection successful
[2025-11-05 23:11:22]MagnusBilling initialized successfully
[2025-11-05 23:11:22]Processing action: get_dtmf, User ID: 7, Session data: {"csrf_token":"9e567ecbe14387147011fe1fdd28386c3ac43e919e0423d2bebb7fcb6521a7cf","user_id":7,"username":"ldata"}
[2025-11-05 23:11:22]Fetched 125 DTMF inputs for user_id: 7
[2025-11-05 23:11:32]Starting api.php
[2025-11-05 23:11:32]Database connection successful
[2025-11-05 23:11:32]MagnusBilling initialized successfully
[2025-11-05 23:11:32]Processing action: get_dtmf, User ID: 7, Session data: {"csrf_token":"9e567ecbe14387147011fe1fdd28386c3ac43e919e0423d2bebb7fcb6521a7cf","user_id":7,"username":"ldata"}
[2025-11-05 23:11:32]Fetched 125 DTMF inputs for user_id: 7
[2025-11-05 23:11:42]Starting api.php
[2025-11-05 23:11:42]Database connection successful
[2025-11-05 23:11:42]MagnusBilling initialized successfully
[2025-11-05 23:11:42]Processing action: get_dtmf, User ID: 7, Session data: {"csrf_token":"9e567ecbe14387147011fe1fdd28386c3ac43e919e0423d2bebb7fcb6521a7cf","user_id":7,"username":"ldata"}
[2025-11-05 23:11:42]Fetched 125 DTMF inputs for user_id: 7
[2025-11-05 23:11:52]Starting api.php
[2025-11-05 23:11:52]Database connection successful
[2025-11-05 23:11:52]MagnusBilling initialized successfully
[2025-11-05 23:11:52]Processing action: get_dtmf, User ID: 7, Session data: {"csrf_token":"9e567ecbe14387147011fe1fdd28386c3ac43e919e0423d2bebb7fcb6521a7cf","user_id":7,"username":"ldata"}
[2025-11-05 23:11:52]Fetched 125 DTMF inputs for user_id: 7
[2025-11-05 23:12:02]Starting api.php
[2025-11-05 23:12:02]Database connection successful
[2025-11-05 23:12:02]MagnusBilling initialized successfully
[2025-11-05 23:12:02]Processing action: get_dtmf, User ID: 7, Session data: {"csrf_token":"9e567ecbe14387147011fe1fdd28386c3ac43e919e0423d2bebb7fcb6521a7cf","user_id":7,"username":"ldata"}
[2025-11-05 23:12:02]Fetched 125 DTMF inputs for user_id: 7
[2025-11-05 23:12:12]Starting api.php
[2025-11-05 23:12:12]Database connection successful
[2025-11-05 23:12:12]MagnusBilling initialized successfully
[2025-11-05 23:12:12]Processing action: get_dtmf, User ID: 7, Session data: {"csrf_token":"9e567ecbe14387147011fe1fdd28386c3ac43e919e0423d2bebb7fcb6521a7cf","user_id":7,"username":"ldata"}
[2025-11-05 23:12:12]Fetched 125 DTMF inputs for user_id: 7
[2025-11-05 23:12:22]Starting api.php
[2025-11-05 23:12:22]Database connection successful
[2025-11-05 23:12:22]MagnusBilling initialized successfully
[2025-11-05 23:12:22]Processing action: get_dtmf, User ID: 7, Session data: {"csrf_token":"9e567ecbe14387147011fe1fdd28386c3ac43e919e0423d2bebb7fcb6521a7cf","user_id":7,"username":"ldata"}
[2025-11-05 23:12:22]Fetched 125 DTMF inputs for user_id: 7
[2025-11-07 16:12:19]Starting api.php
[2025-11-07 16:12:19]Database connection successful
[2025-11-07 16:12:19]MagnusBilling initialized successfully
[2025-11-07 16:12:19]Processing action: get_institutions, User ID: 7, Session data: {"csrf_token":"9e567ecbe14387147011fe1fdd28386c3ac43e919e0423d2bebb7fcb6521a7cf","user_id":7,"username":"ldata","magnus_user_id":21}
[2025-11-07 16:12:19]Fetched 1 institutions for user_id: 7
[2025-11-07 16:12:19]Starting api.php
[2025-11-07 16:12:19]Database connection successful
[2025-11-07 16:12:19]MagnusBilling initialized successfully
[2025-11-07 16:12:19]Processing action: get_contacts, User ID: 7, Session data: {"csrf_token":"9e567ecbe14387147011fe1fdd28386c3ac43e919e0423d2bebb7fcb6521a7cf","user_id":7,"username":"ldata","magnus_user_id":21}
[2025-11-07 16:12:19]Fetched 3 contacts for user_id: 7
[2025-11-07 16:12:19]Starting api.php
[2025-11-07 16:12:19]Database connection successful
[2025-11-07 16:12:19]MagnusBilling initialized successfully
[2025-11-07 16:12:19]Processing action: get_merchants, User ID: 7, Session data: {"csrf_token":"9e567ecbe14387147011fe1fdd28386c3ac43e919e0423d2bebb7fcb6521a7cf","user_id":7,"username":"ldata","magnus_user_id":21}
[2025-11-07 16:12:19]Fetched 1 merchants for user_id: 7
[2025-11-07 16:12:19]Starting api.php
[2025-11-07 16:12:19]Database connection successful
[2025-11-07 16:12:19]MagnusBilling initialized successfully
[2025-11-07 16:12:19]Processing action: get_ivr_profiles, User ID: 7, Session data: {"csrf_token":"9e567ecbe14387147011fe1fdd28386c3ac43e919e0423d2bebb7fcb6521a7cf","user_id":7,"username":"ldata","magnus_user_id":21}
[2025-11-07 16:12:19]Fetched 0 IVR profiles for user_id: 7
[2025-11-07 16:13:17]Starting api.php
[2025-11-07 16:13:17]Database connection successful
[2025-11-07 16:13:17]MagnusBilling initialized successfully
[2025-11-07 16:13:17]Processing action: initiate_call, User ID: 7, Session data: {"csrf_token":"9e567ecbe14387147011fe1fdd28386c3ac43e919e0423d2bebb7fcb6521a7cf","user_id":7,"username":"ldata","magnus_user_id":21}
[2025-11-07 16:13:55]CallManager Output: {"success":true,"response":{"success":true,"output":{"success":true,"ami_response":{"response":"Success","actionid":"orig_690dcd63c3ba8","message":"Originate successfully queued"},"channel":"SIP\/2002-0000004d","error":null},"channel":"SIP\/2002-0000004d","cdr_uniqueid":"call_690dcd643ec73"},"error":null}
[2025-11-07 16:13:55]CallManager Output(2): {"success":true,"output":{"success":true,"ami_response":{"response":"Success","actionid":"orig_690dcd63c3ba8","message":"Originate successfully queued"},"channel":"SIP\/2002-0000004d","error":null},"channel":"SIP\/2002-0000004d","cdr_uniqueid":"call_690dcd643ec73"}
[2025-11-07 16:13:55]Initiated call: call_id=294, magnus_call_id=call_690dcd643ec73, customer_number=2002, callback_method=softphone
[2025-11-07 16:13:57]Starting api.php
[2025-11-07 16:13:57]Database connection successful
[2025-11-07 16:13:57]MagnusBilling initialized successfully
[2025-11-07 16:13:57]Processing action: get_call_status, User ID: 7, Session data: {"csrf_token":"9e567ecbe14387147011fe1fdd28386c3ac43e919e0423d2bebb7fcb6521a7cf","user_id":7,"username":"ldata","magnus_user_id":21}
[2025-11-07 16:13:58]Raw Call Stat: {"success":true,"response":{"success":true,"channel":"SIP\/2002-0000004d","status":"ringing","status_detail":"Call is ringing at the destination (not yet answered)","dtmf_input":null,"dtmf_updated_at":null,"dtmf_array":[false]},"error":null}
[2025-11-07 16:13:59]Starting api.php
[2025-11-07 16:13:59]Database connection successful
[2025-11-07 16:13:59]MagnusBilling initialized successfully
[2025-11-07 16:13:59]Processing action: get_call_status, User ID: 7, Session data: {"csrf_token":"9e567ecbe14387147011fe1fdd28386c3ac43e919e0423d2bebb7fcb6521a7cf","user_id":7,"username":"ldata","magnus_user_id":21}
[2025-11-07 16:14:00]Raw Call Stat: {"success":true,"response":{"success":true,"channel":"SIP\/2002-0000004d","status":"up","status_detail":"Call is active and answered - media is flowing","dtmf_input":null,"dtmf_updated_at":null,"dtmf_array":[false]},"error":null}
[2025-11-07 16:14:01]Starting api.php
[2025-11-07 16:14:01]Database connection successful
[2025-11-07 16:14:01]MagnusBilling initialized successfully
[2025-11-07 16:14:01]Processing action: get_call_status, User ID: 7, Session data: {"csrf_token":"9e567ecbe14387147011fe1fdd28386c3ac43e919e0423d2bebb7fcb6521a7cf","user_id":7,"username":"ldata","magnus_user_id":21}
[2025-11-07 16:14:02]Raw Call Stat: {"success":true,"response":{"success":true,"channel":"SIP\/2002-0000004d","status":"up","status_detail":"Call is active and answered - media is flowing","dtmf_input":null,"dtmf_updated_at":null,"dtmf_array":[false]},"error":null}
[2025-11-07 16:14:02]Failed to update DTMF input and Call Status into <calls> table
[2025-11-07 16:14:03]Starting api.php
[2025-11-07 16:14:03]Database connection successful
[2025-11-07 16:14:03]MagnusBilling initialized successfully
[2025-11-07 16:14:03]Processing action: get_call_status, User ID: 7, Session data: {"csrf_token":"9e567ecbe14387147011fe1fdd28386c3ac43e919e0423d2bebb7fcb6521a7cf","user_id":7,"username":"ldata","magnus_user_id":21}
[2025-11-07 16:14:09]Raw Call Stat: {"success":true,"response":{"success":true,"channel":"SIP\/2002-0000004d","status":"up","status_detail":"Call is active and answered - media is flowing","dtmf_input":null,"dtmf_updated_at":null,"dtmf_array":[false]},"error":null}
[2025-11-07 16:14:09]Failed to update DTMF input and Call Status into <calls> table
[2025-11-07 16:14:09]Starting api.php
[2025-11-07 16:14:09]Database connection successful
[2025-11-07 16:14:09]MagnusBilling initialized successfully
[2025-11-07 16:14:09]Processing action: get_call_status, User ID: 7, Session data: {"csrf_token":"9e567ecbe14387147011fe1fdd28386c3ac43e919e0423d2bebb7fcb6521a7cf","user_id":7,"username":"ldata","magnus_user_id":21}
[2025-11-07 16:14:11]Raw Call Stat: {"success":true,"response":{"success":true,"channel":"SIP\/2002-0000004d","status":"up","status_detail":"Call is active and answered - media is flowing","dtmf_input":null,"dtmf_updated_at":null,"dtmf_array":[false]},"error":null}
[2025-11-07 16:14:11]Failed to update DTMF input and Call Status into <calls> table
[2025-11-07 16:14:11]Starting api.php
[2025-11-07 16:14:11]Database connection successful
[2025-11-07 16:14:11]MagnusBilling initialized successfully
[2025-11-07 16:14:11]Processing action: get_call_status, User ID: 7, Session data: {"csrf_token":"9e567ecbe14387147011fe1fdd28386c3ac43e919e0423d2bebb7fcb6521a7cf","user_id":7,"username":"ldata","magnus_user_id":21}
[2025-11-07 16:14:12]Raw Call Stat: {"success":true,"response":{"success":true,"channel":"SIP\/2002-0000004d","status":"up","status_detail":"Call is active and answered - media is flowing","dtmf_input":null,"dtmf_updated_at":null,"dtmf_array":[false]},"error":null}
[2025-11-07 16:14:12]Failed to update DTMF input and Call Status into <calls> table
[2025-11-07 16:14:12]Starting api.php
[2025-11-07 16:14:12]Database connection successful
[2025-11-07 16:14:12]MagnusBilling initialized successfully
[2025-11-07 16:14:12]Processing action: get_call_status, User ID: 7, Session data: {"csrf_token":"9e567ecbe14387147011fe1fdd28386c3ac43e919e0423d2bebb7fcb6521a7cf","user_id":7,"username":"ldata","magnus_user_id":21}
[2025-11-07 16:14:14]Raw Call Stat: {"success":true,"response":{"success":true,"channel":"SIP\/2002-0000004d","status":"up","status_detail":"Call is active and answered - media is flowing","dtmf_input":"2","dtmf_updated_at":"2025-11-07 10:44:10","dtmf_array":{"dtmf_input":"2","updated_at":"2025-11-07 10:44:10"}},"error":null}
[2025-11-07 16:14:14]Starting api.php
[2025-11-07 16:14:14]Database connection successful
[2025-11-07 16:14:14]MagnusBilling initialized successfully
[2025-11-07 16:14:14]Processing action: get_call_status, User ID: 7, Session data: {"csrf_token":"9e567ecbe14387147011fe1fdd28386c3ac43e919e0423d2bebb7fcb6521a7cf","user_id":7,"username":"ldata","magnus_user_id":21}
[2025-11-07 16:14:15]Raw Call Stat: {"success":true,"response":{"success":true,"channel":"SIP\/2002-0000004d","status":"up","status_detail":"Call is active and answered - media is flowing","dtmf_input":"2","dtmf_updated_at":"2025-11-07 10:44:10","dtmf_array":{"dtmf_input":"2","updated_at":"2025-11-07 10:44:10"}},"error":null}
[2025-11-07 16:14:15]Failed to update DTMF input and Call Status into <calls> table
[2025-11-07 16:14:15]Starting api.php
[2025-11-07 16:14:15]Database connection successful
[2025-11-07 16:14:15]MagnusBilling initialized successfully
[2025-11-07 16:14:15]Processing action: get_call_status, User ID: 7, Session data: {"csrf_token":"9e567ecbe14387147011fe1fdd28386c3ac43e919e0423d2bebb7fcb6521a7cf","user_id":7,"username":"ldata","magnus_user_id":21}
[2025-11-07 16:14:17]Raw Call Stat: {"success":true,"response":{"success":true,"channel":"SIP\/2002-0000004d","status":"up","status_detail":"Call is active and answered - media is flowing","dtmf_input":"2","dtmf_updated_at":"2025-11-07 10:44:10","dtmf_array":{"dtmf_input":"2","updated_at":"2025-11-07 10:44:10"}},"error":null}
[2025-11-07 16:14:17]Failed to update DTMF input and Call Status into <calls> table
[2025-11-07 16:14:17]Starting api.php
[2025-11-07 16:14:17]Database connection successful
[2025-11-07 16:14:17]MagnusBilling initialized successfully
[2025-11-07 16:14:17]Processing action: get_call_status, User ID: 7, Session data: {"csrf_token":"9e567ecbe14387147011fe1fdd28386c3ac43e919e0423d2bebb7fcb6521a7cf","user_id":7,"username":"ldata","magnus_user_id":21}
[2025-11-07 16:14:18]Raw Call Stat: {"success":true,"response":{"success":true,"channel":"SIP\/2002-0000004d","status":"up","status_detail":"Call is active and answered - media is flowing","dtmf_input":"2","dtmf_updated_at":"2025-11-07 10:44:10","dtmf_array":{"dtmf_input":"2","updated_at":"2025-11-07 10:44:10"}},"error":null}
[2025-11-07 16:14:18]Failed to update DTMF input and Call Status into <calls> table
[2025-11-07 16:14:18]Starting api.php
[2025-11-07 16:14:18]Database connection successful
[2025-11-07 16:14:18]MagnusBilling initialized successfully
[2025-11-07 16:14:18]Processing action: get_call_status, User ID: 7, Session data: {"csrf_token":"9e567ecbe14387147011fe1fdd28386c3ac43e919e0423d2bebb7fcb6521a7cf","user_id":7,"username":"ldata","magnus_user_id":21}
[2025-11-07 16:14:20]Raw Call Stat: {"success":true,"response":{"success":true,"channel":"SIP\/2002-0000004d","status":"up","status_detail":"Call is active and answered - media is flowing","dtmf_input":"2","dtmf_updated_at":"2025-11-07 10:44:10","dtmf_array":{"dtmf_input":"2","updated_at":"2025-11-07 10:44:10"}},"error":null}
[2025-11-07 16:14:20]Failed to update DTMF input and Call Status into <calls> table
[2025-11-07 16:14:20]Starting api.php
[2025-11-07 16:14:20]Database connection successful
[2025-11-07 16:14:20]MagnusBilling initialized successfully
[2025-11-07 16:14:20]Processing action: get_call_status, User ID: 7, Session data: {"csrf_token":"9e567ecbe14387147011fe1fdd28386c3ac43e919e0423d2bebb7fcb6521a7cf","user_id":7,"username":"ldata","magnus_user_id":21}
[2025-11-07 16:14:21]Raw Call Stat: {"success":true,"response":{"success":true,"channel":"SIP\/2002-0000004d","status":"up","status_detail":"Call is active and answered - media is flowing","dtmf_input":"2","dtmf_updated_at":"2025-11-07 10:44:10","dtmf_array":{"dtmf_input":"2","updated_at":"2025-11-07 10:44:10"}},"error":null}
[2025-11-07 16:14:21]Failed to update DTMF input and Call Status into <calls> table
[2025-11-07 16:14:21]Starting api.php
[2025-11-07 16:14:21]Database connection successful
[2025-11-07 16:14:21]MagnusBilling initialized successfully
[2025-11-07 16:14:21]Processing action: get_call_status, User ID: 7, Session data: {"csrf_token":"9e567ecbe14387147011fe1fdd28386c3ac43e919e0423d2bebb7fcb6521a7cf","user_id":7,"username":"ldata","magnus_user_id":21}
[2025-11-07 16:14:23]Raw Call Stat: {"success":true,"response":{"success":true,"channel":"SIP\/2002-0000004d","status":"up","status_detail":"Call is active and answered - media is flowing","dtmf_input":"2","dtmf_updated_at":"2025-11-07 10:44:10","dtmf_array":{"dtmf_input":"2","updated_at":"2025-11-07 10:44:10"}},"error":null}
[2025-11-07 16:14:23]Failed to update DTMF input and Call Status into <calls> table
[2025-11-07 16:14:23]Starting api.php
[2025-11-07 16:14:23]Database connection successful
[2025-11-07 16:14:23]MagnusBilling initialized successfully
[2025-11-07 16:14:23]Processing action: get_call_status, User ID: 7, Session data: {"csrf_token":"9e567ecbe14387147011fe1fdd28386c3ac43e919e0423d2bebb7fcb6521a7cf","user_id":7,"username":"ldata","magnus_user_id":21}
[2025-11-07 16:14:24]Raw Call Stat: {"success":true,"response":{"success":true,"channel":"SIP\/2002-0000004d","status":"up","status_detail":"Call is active and answered - media is flowing","dtmf_input":"2","dtmf_updated_at":"2025-11-07 10:44:10","dtmf_array":{"dtmf_input":"2","updated_at":"2025-11-07 10:44:10"}},"error":null}
[2025-11-07 16:14:24]Failed to update DTMF input and Call Status into <calls> table
[2025-11-07 16:14:25]Starting api.php
[2025-11-07 16:14:25]Database connection successful
[2025-11-07 16:14:25]MagnusBilling initialized successfully
[2025-11-07 16:14:25]Processing action: get_call_status, User ID: 7, Session data: {"csrf_token":"9e567ecbe14387147011fe1fdd28386c3ac43e919e0423d2bebb7fcb6521a7cf","user_id":7,"username":"ldata","magnus_user_id":21}
[2025-11-07 16:14:26]Raw Call Stat: {"success":true,"response":{"success":true,"channel":"SIP\/2002-0000004d","status":"up","status_detail":"Call is active and answered - media is flowing","dtmf_input":"2","dtmf_updated_at":"2025-11-07 10:44:10","dtmf_array":{"dtmf_input":"2","updated_at":"2025-11-07 10:44:10"}},"error":null}
[2025-11-07 16:14:26]Failed to update DTMF input and Call Status into <calls> table
[2025-11-07 16:14:27]Starting api.php
[2025-11-07 16:14:27]Database connection successful
[2025-11-07 16:14:27]MagnusBilling initialized successfully
[2025-11-07 16:14:27]Processing action: get_call_status, User ID: 7, Session data: {"csrf_token":"9e567ecbe14387147011fe1fdd28386c3ac43e919e0423d2bebb7fcb6521a7cf","user_id":7,"username":"ldata","magnus_user_id":21}
[2025-11-07 16:14:28]Raw Call Stat: {"success":true,"response":{"success":true,"channel":"SIP\/2002-0000004d","status":"up","status_detail":"Call is active and answered - media is flowing","dtmf_input":"2","dtmf_updated_at":"2025-11-07 10:44:10","dtmf_array":{"dtmf_input":"2","updated_at":"2025-11-07 10:44:10"}},"error":null}
[2025-11-07 16:14:28]Failed to update DTMF input and Call Status into <calls> table
[2025-11-07 16:14:29]Starting api.php
[2025-11-07 16:14:29]Database connection successful
[2025-11-07 16:14:29]MagnusBilling initialized successfully
[2025-11-07 16:14:29]Processing action: get_call_status, User ID: 7, Session data: {"csrf_token":"9e567ecbe14387147011fe1fdd28386c3ac43e919e0423d2bebb7fcb6521a7cf","user_id":7,"username":"ldata","magnus_user_id":21}
[2025-11-07 16:14:30]Raw Call Stat: {"success":true,"response":{"success":true,"channel":"SIP\/2002-0000004d","status":"up","status_detail":"Call is active and answered - media is flowing","dtmf_input":"2","dtmf_updated_at":"2025-11-07 10:44:10","dtmf_array":{"dtmf_input":"2","updated_at":"2025-11-07 10:44:10"}},"error":null}
[2025-11-07 16:14:30]Failed to update DTMF input and Call Status into <calls> table
[2025-11-07 16:14:31]Starting api.php
[2025-11-07 16:14:31]Database connection successful
[2025-11-07 16:14:31]MagnusBilling initialized successfully
[2025-11-07 16:14:31]Processing action: get_call_status, User ID: 7, Session data: {"csrf_token":"9e567ecbe14387147011fe1fdd28386c3ac43e919e0423d2bebb7fcb6521a7cf","user_id":7,"username":"ldata","magnus_user_id":21}
[2025-11-07 16:14:32]Raw Call Stat: {"success":true,"response":{"success":true,"channel":"SIP\/2002-0000004d","status":"up","status_detail":"Call is active and answered - media is flowing","dtmf_input":"2","dtmf_updated_at":"2025-11-07 10:44:10","dtmf_array":{"dtmf_input":"2","updated_at":"2025-11-07 10:44:10"}},"error":null}
[2025-11-07 16:14:32]Failed to update DTMF input and Call Status into <calls> table
[2025-11-07 16:14:33]Starting api.php
[2025-11-07 16:14:33]Database connection successful
[2025-11-07 16:14:33]MagnusBilling initialized successfully
[2025-11-07 16:14:33]Processing action: get_call_status, User ID: 7, Session data: {"csrf_token":"9e567ecbe14387147011fe1fdd28386c3ac43e919e0423d2bebb7fcb6521a7cf","user_id":7,"username":"ldata","magnus_user_id":21}
[2025-11-07 16:14:34]Raw Call Stat: {"success":true,"response":{"success":true,"channel":"SIP\/2002-0000004d","status":"up","status_detail":"Call is active and answered - media is flowing","dtmf_input":"2","dtmf_updated_at":"2025-11-07 10:44:10","dtmf_array":{"dtmf_input":"2","updated_at":"2025-11-07 10:44:10"}},"error":null}
[2025-11-07 16:14:34]Failed to update DTMF input and Call Status into <calls> table
[2025-11-07 16:14:35]Starting api.php
[2025-11-07 16:14:35]Database connection successful
[2025-11-07 16:14:35]MagnusBilling initialized successfully
[2025-11-07 16:14:35]Processing action: get_call_status, User ID: 7, Session data: {"csrf_token":"9e567ecbe14387147011fe1fdd28386c3ac43e919e0423d2bebb7fcb6521a7cf","user_id":7,"username":"ldata","magnus_user_id":21}
[2025-11-07 16:14:36]Raw Call Stat: {"success":true,"response":{"success":true,"channel":"SIP\/2002-0000004d","status":"up","status_detail":"Call is active and answered - media is flowing","dtmf_input":"2","dtmf_updated_at":"2025-11-07 10:44:10","dtmf_array":{"dtmf_input":"2","updated_at":"2025-11-07 10:44:10"}},"error":null}
[2025-11-07 16:14:36]Failed to update DTMF input and Call Status into <calls> table
[2025-11-07 16:14:37]Starting api.php
[2025-11-07 16:14:37]Database connection successful
[2025-11-07 16:14:37]MagnusBilling initialized successfully
[2025-11-07 16:14:37]Processing action: get_call_status, User ID: 7, Session data: {"csrf_token":"9e567ecbe14387147011fe1fdd28386c3ac43e919e0423d2bebb7fcb6521a7cf","user_id":7,"username":"ldata","magnus_user_id":21}
[2025-11-07 16:14:38]Raw Call Stat: {"success":true,"response":{"success":true,"channel":"SIP\/2002-0000004d","status":"up","status_detail":"Call is active and answered - media is flowing","dtmf_input":"2","dtmf_updated_at":"2025-11-07 10:44:10","dtmf_array":{"dtmf_input":"2","updated_at":"2025-11-07 10:44:10"}},"error":null}
[2025-11-07 16:14:38]Failed to update DTMF input and Call Status into <calls> table
[2025-11-07 16:14:39]Starting api.php
[2025-11-07 16:14:39]Database connection successful
[2025-11-07 16:14:39]MagnusBilling initialized successfully
[2025-11-07 16:14:39]Processing action: get_call_status, User ID: 7, Session data: {"csrf_token":"9e567ecbe14387147011fe1fdd28386c3ac43e919e0423d2bebb7fcb6521a7cf","user_id":7,"username":"ldata","magnus_user_id":21}
[2025-11-07 16:14:40]Raw Call Stat: {"success":true,"response":{"success":true,"channel":"SIP\/2002-0000004d","status":"up","status_detail":"Call is active and answered - media is flowing","dtmf_input":"2","dtmf_updated_at":"2025-11-07 10:44:10","dtmf_array":{"dtmf_input":"2","updated_at":"2025-11-07 10:44:10"}},"error":null}
[2025-11-07 16:14:40]Failed to update DTMF input and Call Status into <calls> table
[2025-11-07 16:14:41]Starting api.php
[2025-11-07 16:14:41]Database connection successful
[2025-11-07 16:14:41]MagnusBilling initialized successfully
[2025-11-07 16:14:41]Processing action: get_call_status, User ID: 7, Session data: {"csrf_token":"9e567ecbe14387147011fe1fdd28386c3ac43e919e0423d2bebb7fcb6521a7cf","user_id":7,"username":"ldata","magnus_user_id":21}
[2025-11-07 16:14:42]Raw Call Stat: {"success":true,"response":{"success":true,"channel":"SIP\/2002-0000004d","status":"up","status_detail":"Call is active and answered - media is flowing","dtmf_input":"2","dtmf_updated_at":"2025-11-07 10:44:10","dtmf_array":{"dtmf_input":"2","updated_at":"2025-11-07 10:44:10"}},"error":null}
[2025-11-07 16:14:42]Failed to update DTMF input and Call Status into <calls> table
[2025-11-07 16:14:43]Starting api.php
[2025-11-07 16:14:43]Database connection successful
[2025-11-07 16:14:43]MagnusBilling initialized successfully
[2025-11-07 16:14:43]Processing action: get_call_status, User ID: 7, Session data: {"csrf_token":"9e567ecbe14387147011fe1fdd28386c3ac43e919e0423d2bebb7fcb6521a7cf","user_id":7,"username":"ldata","magnus_user_id":21}
[2025-11-07 16:14:44]Raw Call Stat: {"success":true,"response":{"success":true,"channel":"SIP\/2002-0000004d","status":"up","status_detail":"Call is active and answered - media is flowing","dtmf_input":"2","dtmf_updated_at":"2025-11-07 10:44:10","dtmf_array":{"dtmf_input":"2","updated_at":"2025-11-07 10:44:10"}},"error":null}
[2025-11-07 16:14:44]Failed to update DTMF input and Call Status into <calls> table
[2025-11-07 16:14:45]Starting api.php
[2025-11-07 16:14:45]Database connection successful
[2025-11-07 16:14:45]MagnusBilling initialized successfully
[2025-11-07 16:14:45]Processing action: get_call_status, User ID: 7, Session data: {"csrf_token":"9e567ecbe14387147011fe1fdd28386c3ac43e919e0423d2bebb7fcb6521a7cf","user_id":7,"username":"ldata","magnus_user_id":21}
[2025-11-07 16:14:46]Raw Call Stat: {"success":true,"response":{"success":true,"channel":"SIP\/2002-0000004d","status":"up","status_detail":"Call is active and answered - media is flowing","dtmf_input":"2","dtmf_updated_at":"2025-11-07 10:44:10","dtmf_array":{"dtmf_input":"2","updated_at":"2025-11-07 10:44:10"}},"error":null}
[2025-11-07 16:14:46]Failed to update DTMF input and Call Status into <calls> table
[2025-11-07 16:14:47]Starting api.php
[2025-11-07 16:14:47]Database connection successful
[2025-11-07 16:14:47]MagnusBilling initialized successfully
[2025-11-07 16:14:47]Processing action: get_call_status, User ID: 7, Session data: {"csrf_token":"9e567ecbe14387147011fe1fdd28386c3ac43e919e0423d2bebb7fcb6521a7cf","user_id":7,"username":"ldata","magnus_user_id":21}
[2025-11-07 16:14:48]Raw Call Stat: {"success":true,"response":{"success":true,"channel":"SIP\/2002-0000004d","status":"up","status_detail":"Call is active and answered - media is flowing","dtmf_input":"2","dtmf_updated_at":"2025-11-07 10:44:10","dtmf_array":{"dtmf_input":"2","updated_at":"2025-11-07 10:44:10"}},"error":null}
[2025-11-07 16:14:48]Failed to update DTMF input and Call Status into <calls> table
[2025-11-07 16:14:49]Starting api.php
[2025-11-07 16:14:49]Database connection successful
[2025-11-07 16:14:49]MagnusBilling initialized successfully
[2025-11-07 16:14:49]Processing action: get_call_status, User ID: 7, Session data: {"csrf_token":"9e567ecbe14387147011fe1fdd28386c3ac43e919e0423d2bebb7fcb6521a7cf","user_id":7,"username":"ldata","magnus_user_id":21}
[2025-11-07 16:14:50]Raw Call Stat: {"success":true,"response":{"success":true,"channel":"SIP\/2002-0000004d","status":"up","status_detail":"Call is active and answered - media is flowing","dtmf_input":"2","dtmf_updated_at":"2025-11-07 10:44:10","dtmf_array":{"dtmf_input":"2","updated_at":"2025-11-07 10:44:10"}},"error":null}
[2025-11-07 16:14:50]Failed to update DTMF input and Call Status into <calls> table
[2025-11-07 16:14:51]Starting api.php
[2025-11-07 16:14:51]Database connection successful
[2025-11-07 16:14:51]MagnusBilling initialized successfully
[2025-11-07 16:14:51]Processing action: get_call_status, User ID: 7, Session data: {"csrf_token":"9e567ecbe14387147011fe1fdd28386c3ac43e919e0423d2bebb7fcb6521a7cf","user_id":7,"username":"ldata","magnus_user_id":21}
[2025-11-07 16:14:52]Raw Call Stat: {"success":true,"response":{"success":true,"channel":"SIP\/2002-0000004d","status":"up","status_detail":"Call is active and answered - media is flowing","dtmf_input":"2","dtmf_updated_at":"2025-11-07 10:44:10","dtmf_array":{"dtmf_input":"2","updated_at":"2025-11-07 10:44:10"}},"error":null}
[2025-11-07 16:14:52]Failed to update DTMF input and Call Status into <calls> table
[2025-11-07 16:14:53]Starting api.php
[2025-11-07 16:14:53]Database connection successful
[2025-11-07 16:14:53]MagnusBilling initialized successfully
[2025-11-07 16:14:53]Processing action: get_call_status, User ID: 7, Session data: {"csrf_token":"9e567ecbe14387147011fe1fdd28386c3ac43e919e0423d2bebb7fcb6521a7cf","user_id":7,"username":"ldata","magnus_user_id":21}
[2025-11-07 16:14:54]Raw Call Stat: {"success":true,"response":{"success":true,"channel":"SIP\/2002-0000004d","status":"up","status_detail":"Call is active and answered - media is flowing","dtmf_input":"2","dtmf_updated_at":"2025-11-07 10:44:10","dtmf_array":{"dtmf_input":"2","updated_at":"2025-11-07 10:44:10"}},"error":null}
[2025-11-07 16:14:54]Failed to update DTMF input and Call Status into <calls> table
[2025-11-07 16:14:55]Starting api.php
[2025-11-07 16:14:55]Database connection successful
[2025-11-07 16:14:55]MagnusBilling initialized successfully
[2025-11-07 16:14:55]Processing action: get_call_status, User ID: 7, Session data: {"csrf_token":"9e567ecbe14387147011fe1fdd28386c3ac43e919e0423d2bebb7fcb6521a7cf","user_id":7,"username":"ldata","magnus_user_id":21}
[2025-11-07 16:14:56]Raw Call Stat: {"success":true,"response":{"success":true,"channel":"SIP\/2002-0000004d","status":"up","status_detail":"Call is active and answered - media is flowing","dtmf_input":"2","dtmf_updated_at":"2025-11-07 10:44:10","dtmf_array":{"dtmf_input":"2","updated_at":"2025-11-07 10:44:10"}},"error":null}
[2025-11-07 16:14:56]Failed to update DTMF input and Call Status into <calls> table
[2025-11-07 16:14:57]Starting api.php
[2025-11-07 16:14:57]Database connection successful
[2025-11-07 16:14:57]MagnusBilling initialized successfully
[2025-11-07 16:14:57]Processing action: get_call_status, User ID: 7, Session data: {"csrf_token":"9e567ecbe14387147011fe1fdd28386c3ac43e919e0423d2bebb7fcb6521a7cf","user_id":7,"username":"ldata","magnus_user_id":21}
[2025-11-07 16:14:58]Raw Call Stat: {"success":true,"response":{"success":true,"channel":"SIP\/2002-0000004d","status":"up","status_detail":"Call is active and answered - media is flowing","dtmf_input":"2","dtmf_updated_at":"2025-11-07 10:44:10","dtmf_array":{"dtmf_input":"2","updated_at":"2025-11-07 10:44:10"}},"error":null}
[2025-11-07 16:14:58]Failed to update DTMF input and Call Status into <calls> table
[2025-11-07 16:14:59]Starting api.php
[2025-11-07 16:14:59]Database connection successful
[2025-11-07 16:14:59]MagnusBilling initialized successfully
[2025-11-07 16:14:59]Processing action: get_call_status, User ID: 7, Session data: {"csrf_token":"9e567ecbe14387147011fe1fdd28386c3ac43e919e0423d2bebb7fcb6521a7cf","user_id":7,"username":"ldata","magnus_user_id":21}
[2025-11-07 16:15:00]Raw Call Stat: {"success":true,"response":{"success":true,"channel":"SIP\/2002-0000004d","status":"up","status_detail":"Call is active and answered - media is flowing","dtmf_input":"2","dtmf_updated_at":"2025-11-07 10:44:10","dtmf_array":{"dtmf_input":"2","updated_at":"2025-11-07 10:44:10"}},"error":null}
[2025-11-07 16:15:00]Failed to update DTMF input and Call Status into <calls> table
[2025-11-07 16:15:01]Starting api.php
[2025-11-07 16:15:01]Database connection successful
[2025-11-07 16:15:01]MagnusBilling initialized successfully
[2025-11-07 16:15:01]Processing action: get_call_status, User ID: 7, Session data: {"csrf_token":"9e567ecbe14387147011fe1fdd28386c3ac43e919e0423d2bebb7fcb6521a7cf","user_id":7,"username":"ldata","magnus_user_id":21}
[2025-11-07 16:15:02]Raw Call Stat: {"success":true,"response":{"success":true,"channel":"SIP\/2002-0000004d","status":"up","status_detail":"Call is active and answered - media is flowing","dtmf_input":"2","dtmf_updated_at":"2025-11-07 10:44:10","dtmf_array":{"dtmf_input":"2","updated_at":"2025-11-07 10:44:10"}},"error":null}
[2025-11-07 16:15:02]Failed to update DTMF input and Call Status into <calls> table
[2025-11-07 16:15:03]Starting api.php
[2025-11-07 16:15:03]Database connection successful
[2025-11-07 16:15:03]MagnusBilling initialized successfully
[2025-11-07 16:15:03]Processing action: get_call_status, User ID: 7, Session data: {"csrf_token":"9e567ecbe14387147011fe1fdd28386c3ac43e919e0423d2bebb7fcb6521a7cf","user_id":7,"username":"ldata","magnus_user_id":21}
[2025-11-07 16:15:07]Raw Call Stat: {"success":true,"response":{"success":true,"channel":"SIP\/2002-0000004d","status":"up","status_detail":"Call is active and answered - media is flowing","dtmf_input":"2","dtmf_updated_at":"2025-11-07 10:44:10","dtmf_array":{"dtmf_input":"2","updated_at":"2025-11-07 10:44:10"}},"error":null}
[2025-11-07 16:15:07]Failed to update DTMF input and Call Status into <calls> table
[2025-11-07 16:15:07]Starting api.php
[2025-11-07 16:15:07]Database connection successful
[2025-11-07 16:15:07]MagnusBilling initialized successfully
[2025-11-07 16:15:07]Processing action: get_call_status, User ID: 7, Session data: {"csrf_token":"9e567ecbe14387147011fe1fdd28386c3ac43e919e0423d2bebb7fcb6521a7cf","user_id":7,"username":"ldata","magnus_user_id":21}
[2025-11-07 16:15:09]Raw Call Stat: {"success":true,"response":{"success":true,"channel":"SIP\/2002-0000004d","status":"up","status_detail":"Call is active and answered - media is flowing","dtmf_input":"2","dtmf_updated_at":"2025-11-07 10:44:10","dtmf_array":{"dtmf_input":"2","updated_at":"2025-11-07 10:44:10"}},"error":null}
[2025-11-07 16:15:09]Failed to update DTMF input and Call Status into <calls> table
[2025-11-07 16:15:09]Starting api.php
[2025-11-07 16:15:09]Database connection successful
[2025-11-07 16:15:09]MagnusBilling initialized successfully
[2025-11-07 16:15:09]Processing action: get_call_status, User ID: 7, Session data: {"csrf_token":"9e567ecbe14387147011fe1fdd28386c3ac43e919e0423d2bebb7fcb6521a7cf","user_id":7,"username":"ldata","magnus_user_id":21}
[2025-11-07 16:15:10]Raw Call Stat: {"success":true,"response":{"success":true,"channel":"SIP\/2002-0000004d","status":"up","status_detail":"Call is active and answered - media is flowing","dtmf_input":"2","dtmf_updated_at":"2025-11-07 10:44:10","dtmf_array":{"dtmf_input":"2","updated_at":"2025-11-07 10:44:10"}},"error":null}
[2025-11-07 16:15:10]Failed to update DTMF input and Call Status into <calls> table
[2025-11-07 16:15:10]Starting api.php
[2025-11-07 16:15:10]Database connection successful
[2025-11-07 16:15:10]MagnusBilling initialized successfully
[2025-11-07 16:15:10]Processing action: get_call_status, User ID: 7, Session data: {"csrf_token":"9e567ecbe14387147011fe1fdd28386c3ac43e919e0423d2bebb7fcb6521a7cf","user_id":7,"username":"ldata","magnus_user_id":21}
[2025-11-07 16:15:11]Raw Call Stat: {"success":true,"response":{"success":true,"channel":"SIP\/2002-0000004d","status":"up","status_detail":"Call is active and answered - media is flowing","dtmf_input":"2","dtmf_updated_at":"2025-11-07 10:44:10","dtmf_array":{"dtmf_input":"2","updated_at":"2025-11-07 10:44:10"}},"error":null}
[2025-11-07 16:15:11]Failed to update DTMF input and Call Status into <calls> table
[2025-11-07 16:15:11]Starting api.php
[2025-11-07 16:15:11]Database connection successful
[2025-11-07 16:15:11]MagnusBilling initialized successfully
[2025-11-07 16:15:11]Processing action: get_call_status, User ID: 7, Session data: {"csrf_token":"9e567ecbe14387147011fe1fdd28386c3ac43e919e0423d2bebb7fcb6521a7cf","user_id":7,"username":"ldata","magnus_user_id":21}
[2025-11-07 16:15:13]Raw Call Stat: {"success":true,"response":{"success":true,"channel":"SIP\/2002-0000004d","status":"up","status_detail":"Call is active and answered - media is flowing","dtmf_input":"2","dtmf_updated_at":"2025-11-07 10:44:10","dtmf_array":{"dtmf_input":"2","updated_at":"2025-11-07 10:44:10"}},"error":null}
[2025-11-07 16:15:13]Failed to update DTMF input and Call Status into <calls> table
[2025-11-07 16:15:13]Starting api.php
[2025-11-07 16:15:13]Database connection successful
[2025-11-07 16:15:13]MagnusBilling initialized successfully
[2025-11-07 16:15:13]Processing action: get_call_status, User ID: 7, Session data: {"csrf_token":"9e567ecbe14387147011fe1fdd28386c3ac43e919e0423d2bebb7fcb6521a7cf","user_id":7,"username":"ldata","magnus_user_id":21}
[2025-11-07 16:15:14]Raw Call Stat: {"success":true,"response":{"success":true,"channel":"SIP\/2002-0000004d","status":"up","status_detail":"Call is active and answered - media is flowing","dtmf_input":"2","dtmf_updated_at":"2025-11-07 10:44:10","dtmf_array":{"dtmf_input":"2","updated_at":"2025-11-07 10:44:10"}},"error":null}
[2025-11-07 16:15:14]Failed to update DTMF input and Call Status into <calls> table
[2025-11-07 16:15:15]Starting api.php
[2025-11-07 16:15:15]Database connection successful
[2025-11-07 16:15:15]MagnusBilling initialized successfully
[2025-11-07 16:15:15]Processing action: get_call_status, User ID: 7, Session data: {"csrf_token":"9e567ecbe14387147011fe1fdd28386c3ac43e919e0423d2bebb7fcb6521a7cf","user_id":7,"username":"ldata","magnus_user_id":21}
[2025-11-07 16:15:16]Raw Call Stat: {"success":true,"response":{"success":true,"channel":"SIP\/2002-0000004d","status":"up","status_detail":"Call is active and answered - media is flowing","dtmf_input":"2","dtmf_updated_at":"2025-11-07 10:44:10","dtmf_array":{"dtmf_input":"2","updated_at":"2025-11-07 10:44:10"}},"error":null}
[2025-11-07 16:15:16]Failed to update DTMF input and Call Status into <calls> table
[2025-11-07 16:15:17]Starting api.php
[2025-11-07 16:15:17]Database connection successful
[2025-11-07 16:15:17]MagnusBilling initialized successfully
[2025-11-07 16:15:17]Processing action: get_call_status, User ID: 7, Session data: {"csrf_token":"9e567ecbe14387147011fe1fdd28386c3ac43e919e0423d2bebb7fcb6521a7cf","user_id":7,"username":"ldata","magnus_user_id":21}
[2025-11-07 16:15:18]Raw Call Stat: {"success":true,"response":{"success":true,"channel":"SIP\/2002-0000004d","status":"up","status_detail":"Call is active and answered - media is flowing","dtmf_input":"2","dtmf_updated_at":"2025-11-07 10:44:10","dtmf_array":{"dtmf_input":"2","updated_at":"2025-11-07 10:44:10"}},"error":null}
[2025-11-07 16:15:18]Failed to update DTMF input and Call Status into <calls> table
[2025-11-07 16:15:19]Starting api.php
[2025-11-07 16:15:19]Database connection successful
[2025-11-07 16:15:19]MagnusBilling initialized successfully
[2025-11-07 16:15:19]Processing action: get_call_status, User ID: 7, Session data: {"csrf_token":"9e567ecbe14387147011fe1fdd28386c3ac43e919e0423d2bebb7fcb6521a7cf","user_id":7,"username":"ldata","magnus_user_id":21}
[2025-11-07 16:15:20]Raw Call Stat: {"success":true,"response":{"success":true,"channel":"SIP\/2002-0000004d","status":"up","status_detail":"Call is active and answered - media is flowing","dtmf_input":"2","dtmf_updated_at":"2025-11-07 10:44:10","dtmf_array":{"dtmf_input":"2","updated_at":"2025-11-07 10:44:10"}},"error":null}
[2025-11-07 16:15:20]Failed to update DTMF input and Call Status into <calls> table
[2025-11-07 16:15:21]Starting api.php
[2025-11-07 16:15:21]Database connection successful
[2025-11-07 16:15:21]MagnusBilling initialized successfully
[2025-11-07 16:15:21]Processing action: get_call_status, User ID: 7, Session data: {"csrf_token":"9e567ecbe14387147011fe1fdd28386c3ac43e919e0423d2bebb7fcb6521a7cf","user_id":7,"username":"ldata","magnus_user_id":21}
[2025-11-07 16:15:22]Raw Call Stat: {"success":true,"response":{"success":true,"channel":"SIP\/2002-0000004d","status":"up","status_detail":"Call is active and answered - media is flowing","dtmf_input":"2","dtmf_updated_at":"2025-11-07 10:44:10","dtmf_array":{"dtmf_input":"2","updated_at":"2025-11-07 10:44:10"}},"error":null}
[2025-11-07 16:15:22]Failed to update DTMF input and Call Status into <calls> table
[2025-11-07 16:15:23]Starting api.php
[2025-11-07 16:15:23]Database connection successful
[2025-11-07 16:15:23]MagnusBilling initialized successfully
[2025-11-07 16:15:23]Processing action: get_call_status, User ID: 7, Session data: {"csrf_token":"9e567ecbe14387147011fe1fdd28386c3ac43e919e0423d2bebb7fcb6521a7cf","user_id":7,"username":"ldata","magnus_user_id":21}
[2025-11-07 16:15:24]Raw Call Stat: {"success":true,"response":{"success":true,"channel":"SIP\/2002-0000004d","status":"up","status_detail":"Call is active and answered - media is flowing","dtmf_input":"2","dtmf_updated_at":"2025-11-07 10:44:10","dtmf_array":{"dtmf_input":"2","updated_at":"2025-11-07 10:44:10"}},"error":null}
[2025-11-07 16:15:24]Failed to update DTMF input and Call Status into <calls> table
[2025-11-07 16:15:25]Starting api.php
[2025-11-07 16:15:25]Database connection successful
[2025-11-07 16:15:25]MagnusBilling initialized successfully
[2025-11-07 16:15:25]Processing action: get_call_status, User ID: 7, Session data: {"csrf_token":"9e567ecbe14387147011fe1fdd28386c3ac43e919e0423d2bebb7fcb6521a7cf","user_id":7,"username":"ldata","magnus_user_id":21}
[2025-11-07 16:15:26]Raw Call Stat: {"success":true,"response":{"success":true,"channel":"SIP\/2002-0000004d","status":"up","status_detail":"Call is active and answered - media is flowing","dtmf_input":"2","dtmf_updated_at":"2025-11-07 10:44:10","dtmf_array":{"dtmf_input":"2","updated_at":"2025-11-07 10:44:10"}},"error":null}
[2025-11-07 16:15:26]Failed to update DTMF input and Call Status into <calls> table
[2025-11-07 16:15:27]Starting api.php
[2025-11-07 16:15:27]Database connection successful
[2025-11-07 16:15:27]MagnusBilling initialized successfully
[2025-11-07 16:15:27]Processing action: get_call_status, User ID: 7, Session data: {"csrf_token":"9e567ecbe14387147011fe1fdd28386c3ac43e919e0423d2bebb7fcb6521a7cf","user_id":7,"username":"ldata","magnus_user_id":21}
[2025-11-07 16:15:28]Raw Call Stat: {"success":true,"response":{"success":true,"channel":"SIP\/2002-0000004d","status":"up","status_detail":"Call is active and answered - media is flowing","dtmf_input":"2","dtmf_updated_at":"2025-11-07 10:44:10","dtmf_array":{"dtmf_input":"2","updated_at":"2025-11-07 10:44:10"}},"error":null}
[2025-11-07 16:15:28]Failed to update DTMF input and Call Status into <calls> table
[2025-11-07 16:15:29]Starting api.php
[2025-11-07 16:15:29]Database connection successful
[2025-11-07 16:15:29]MagnusBilling initialized successfully
[2025-11-07 16:15:29]Processing action: get_call_status, User ID: 7, Session data: {"csrf_token":"9e567ecbe14387147011fe1fdd28386c3ac43e919e0423d2bebb7fcb6521a7cf","user_id":7,"username":"ldata","magnus_user_id":21}
[2025-11-07 16:15:30]Raw Call Stat: {"success":true,"response":{"success":true,"channel":"SIP\/2002-0000004d","status":"up","status_detail":"Call is active and answered - media is flowing","dtmf_input":"2","dtmf_updated_at":"2025-11-07 10:44:10","dtmf_array":{"dtmf_input":"2","updated_at":"2025-11-07 10:44:10"}},"error":null}
[2025-11-07 16:15:30]Failed to update DTMF input and Call Status into <calls> table
[2025-11-07 16:15:31]Starting api.php
[2025-11-07 16:15:31]Database connection successful
[2025-11-07 16:15:31]MagnusBilling initialized successfully
[2025-11-07 16:15:31]Processing action: get_call_status, User ID: 7, Session data: {"csrf_token":"9e567ecbe14387147011fe1fdd28386c3ac43e919e0423d2bebb7fcb6521a7cf","user_id":7,"username":"ldata","magnus_user_id":21}
[2025-11-07 16:15:32]Raw Call Stat: {"success":true,"response":{"success":true,"channel":"SIP\/2002-0000004d","status":"up","status_detail":"Call is active and answered - media is flowing","dtmf_input":"2","dtmf_updated_at":"2025-11-07 10:44:10","dtmf_array":{"dtmf_input":"2","updated_at":"2025-11-07 10:44:10"}},"error":null}
[2025-11-07 16:15:32]Failed to update DTMF input and Call Status into <calls> table
[2025-11-07 16:15:33]Starting api.php
[2025-11-07 16:15:33]Database connection successful
[2025-11-07 16:15:33]MagnusBilling initialized successfully
[2025-11-07 16:15:33]Processing action: get_call_status, User ID: 7, Session data: {"csrf_token":"9e567ecbe14387147011fe1fdd28386c3ac43e919e0423d2bebb7fcb6521a7cf","user_id":7,"username":"ldata","magnus_user_id":21}
[2025-11-07 16:15:34]Raw Call Stat: {"success":true,"response":{"success":true,"channel":"SIP\/2002-0000004d","status":"up","status_detail":"Call is active and answered - media is flowing","dtmf_input":"2","dtmf_updated_at":"2025-11-07 10:44:10","dtmf_array":{"dtmf_input":"2","updated_at":"2025-11-07 10:44:10"}},"error":null}
[2025-11-07 16:15:34]Failed to update DTMF input and Call Status into <calls> table
[2025-11-07 16:15:35]Starting api.php
[2025-11-07 16:15:35]Database connection successful
[2025-11-07 16:15:35]MagnusBilling initialized successfully
[2025-11-07 16:15:35]Processing action: get_call_status, User ID: 7, Session data: {"csrf_token":"9e567ecbe14387147011fe1fdd28386c3ac43e919e0423d2bebb7fcb6521a7cf","user_id":7,"username":"ldata","magnus_user_id":21}
[2025-11-07 16:15:36]Raw Call Stat: {"success":true,"response":{"success":true,"channel":"SIP\/2002-0000004d","status":"up","status_detail":"Call is active and answered - media is flowing","dtmf_input":"2","dtmf_updated_at":"2025-11-07 10:44:10","dtmf_array":{"dtmf_input":"2","updated_at":"2025-11-07 10:44:10"}},"error":null}
[2025-11-07 16:15:36]Failed to update DTMF input and Call Status into <calls> table
[2025-11-07 16:15:37]Starting api.php
[2025-11-07 16:15:37]Database connection successful
[2025-11-07 16:15:37]MagnusBilling initialized successfully
[2025-11-07 16:15:37]Processing action: get_call_status, User ID: 7, Session data: {"csrf_token":"9e567ecbe14387147011fe1fdd28386c3ac43e919e0423d2bebb7fcb6521a7cf","user_id":7,"username":"ldata","magnus_user_id":21}
[2025-11-07 16:15:38]Raw Call Stat: {"success":true,"response":{"success":true,"channel":"SIP\/2002-0000004d","status":"up","status_detail":"Call is active and answered - media is flowing","dtmf_input":"2","dtmf_updated_at":"2025-11-07 10:44:10","dtmf_array":{"dtmf_input":"2","updated_at":"2025-11-07 10:44:10"}},"error":null}
[2025-11-07 16:15:38]Failed to update DTMF input and Call Status into <calls> table
[2025-11-07 16:15:39]Starting api.php
[2025-11-07 16:15:39]Database connection successful
[2025-11-07 16:15:39]MagnusBilling initialized successfully
[2025-11-07 16:15:39]Processing action: get_call_status, User ID: 7, Session data: {"csrf_token":"9e567ecbe14387147011fe1fdd28386c3ac43e919e0423d2bebb7fcb6521a7cf","user_id":7,"username":"ldata","magnus_user_id":21}
[2025-11-07 16:15:40]Raw Call Stat: {"success":true,"response":{"success":true,"channel":"SIP\/2002-0000004d","status":"up","status_detail":"Call is active and answered - media is flowing","dtmf_input":"2","dtmf_updated_at":"2025-11-07 10:44:10","dtmf_array":{"dtmf_input":"2","updated_at":"2025-11-07 10:44:10"}},"error":null}
[2025-11-07 16:15:40]Failed to update DTMF input and Call Status into <calls> table
[2025-11-07 16:15:41]Starting api.php
[2025-11-07 16:15:41]Database connection successful
[2025-11-07 16:15:41]MagnusBilling initialized successfully
[2025-11-07 16:15:41]Processing action: get_call_status, User ID: 7, Session data: {"csrf_token":"9e567ecbe14387147011fe1fdd28386c3ac43e919e0423d2bebb7fcb6521a7cf","user_id":7,"username":"ldata","magnus_user_id":21}
[2025-11-07 16:15:42]Raw Call Stat: {"success":true,"response":{"success":true,"channel":"SIP\/2002-0000004d","status":"up","status_detail":"Call is active and answered - media is flowing","dtmf_input":"2","dtmf_updated_at":"2025-11-07 10:44:10","dtmf_array":{"dtmf_input":"2","updated_at":"2025-11-07 10:44:10"}},"error":null}
[2025-11-07 16:15:42]Failed to update DTMF input and Call Status into <calls> table
[2025-11-07 16:15:43]Starting api.php
[2025-11-07 16:15:43]Database connection successful
[2025-11-07 16:15:43]MagnusBilling initialized successfully
[2025-11-07 16:15:43]Processing action: get_call_status, User ID: 7, Session data: {"csrf_token":"9e567ecbe14387147011fe1fdd28386c3ac43e919e0423d2bebb7fcb6521a7cf","user_id":7,"username":"ldata","magnus_user_id":21}
[2025-11-07 16:15:44]Raw Call Stat: {"success":true,"response":{"success":true,"channel":"SIP\/2002-0000004d","status":"up","status_detail":"Call is active and answered - media is flowing","dtmf_input":"2","dtmf_updated_at":"2025-11-07 10:44:10","dtmf_array":{"dtmf_input":"2","updated_at":"2025-11-07 10:44:10"}},"error":null}
[2025-11-07 16:15:44]Failed to update DTMF input and Call Status into <calls> table
[2025-11-07 16:15:45]Starting api.php
[2025-11-07 16:15:45]Database connection successful
[2025-11-07 16:15:45]MagnusBilling initialized successfully
[2025-11-07 16:15:45]Processing action: get_call_status, User ID: 7, Session data: {"csrf_token":"9e567ecbe14387147011fe1fdd28386c3ac43e919e0423d2bebb7fcb6521a7cf","user_id":7,"username":"ldata","magnus_user_id":21}
[2025-11-07 16:15:46]Raw Call Stat: {"success":true,"response":{"success":true,"channel":"SIP\/2002-0000004d","status":"up","status_detail":"Call is active and answered - media is flowing","dtmf_input":"2","dtmf_updated_at":"2025-11-07 10:44:10","dtmf_array":{"dtmf_input":"2","updated_at":"2025-11-07 10:44:10"}},"error":null}
[2025-11-07 16:15:46]Failed to update DTMF input and Call Status into <calls> table
[2025-11-07 16:15:47]Starting api.php
[2025-11-07 16:15:47]Database connection successful
[2025-11-07 16:15:47]MagnusBilling initialized successfully
[2025-11-07 16:15:47]Processing action: get_call_status, User ID: 7, Session data: {"csrf_token":"9e567ecbe14387147011fe1fdd28386c3ac43e919e0423d2bebb7fcb6521a7cf","user_id":7,"username":"ldata","magnus_user_id":21}
[2025-11-07 16:15:48]Raw Call Stat: {"success":true,"response":{"success":true,"channel":"SIP\/2002-0000004d","status":"up","status_detail":"Call is active and answered - media is flowing","dtmf_input":"2","dtmf_updated_at":"2025-11-07 10:44:10","dtmf_array":{"dtmf_input":"2","updated_at":"2025-11-07 10:44:10"}},"error":null}
[2025-11-07 16:15:48]Failed to update DTMF input and Call Status into <calls> table
[2025-11-07 16:15:49]Starting api.php
[2025-11-07 16:15:49]Database connection successful
[2025-11-07 16:15:49]MagnusBilling initialized successfully
[2025-11-07 16:15:49]Processing action: get_call_status, User ID: 7, Session data: {"csrf_token":"9e567ecbe14387147011fe1fdd28386c3ac43e919e0423d2bebb7fcb6521a7cf","user_id":7,"username":"ldata","magnus_user_id":21}
[2025-11-07 16:15:50]Raw Call Stat: {"success":true,"response":{"success":true,"channel":"SIP\/2002-0000004d","status":"up","status_detail":"Call is active and answered - media is flowing","dtmf_input":"2","dtmf_updated_at":"2025-11-07 10:44:10","dtmf_array":{"dtmf_input":"2","updated_at":"2025-11-07 10:44:10"}},"error":null}
[2025-11-07 16:15:50]Failed to update DTMF input and Call Status into <calls> table
[2025-11-07 16:15:51]Starting api.php
[2025-11-07 16:15:51]Database connection successful
[2025-11-07 16:15:51]MagnusBilling initialized successfully
[2025-11-07 16:15:51]Processing action: get_call_status, User ID: 7, Session data: {"csrf_token":"9e567ecbe14387147011fe1fdd28386c3ac43e919e0423d2bebb7fcb6521a7cf","user_id":7,"username":"ldata","magnus_user_id":21}
[2025-11-07 16:15:52]Raw Call Stat: {"success":true,"response":{"success":true,"channel":"SIP\/2002-0000004d","status":"up","status_detail":"Call is active and answered - media is flowing","dtmf_input":"2","dtmf_updated_at":"2025-11-07 10:44:10","dtmf_array":{"dtmf_input":"2","updated_at":"2025-11-07 10:44:10"}},"error":null}
[2025-11-07 16:15:52]Failed to update DTMF input and Call Status into <calls> table
[2025-11-07 16:15:53]Starting api.php
[2025-11-07 16:15:53]Database connection successful
[2025-11-07 16:15:53]MagnusBilling initialized successfully
[2025-11-07 16:15:53]Processing action: get_call_status, User ID: 7, Session data: {"csrf_token":"9e567ecbe14387147011fe1fdd28386c3ac43e919e0423d2bebb7fcb6521a7cf","user_id":7,"username":"ldata","magnus_user_id":21}
[2025-11-07 16:15:54]Raw Call Stat: {"success":true,"response":{"success":true,"channel":"SIP\/2002-0000004d","status":"up","status_detail":"Call is active and answered - media is flowing","dtmf_input":"2","dtmf_updated_at":"2025-11-07 10:44:10","dtmf_array":{"dtmf_input":"2","updated_at":"2025-11-07 10:44:10"}},"error":null}
[2025-11-07 16:15:54]Failed to update DTMF input and Call Status into <calls> table
[2025-11-07 16:15:55]Starting api.php
[2025-11-07 16:15:55]Database connection successful
[2025-11-07 16:15:55]MagnusBilling initialized successfully
[2025-11-07 16:15:55]Processing action: get_call_status, User ID: 7, Session data: {"csrf_token":"9e567ecbe14387147011fe1fdd28386c3ac43e919e0423d2bebb7fcb6521a7cf","user_id":7,"username":"ldata","magnus_user_id":21}
[2025-11-07 16:15:56]Raw Call Stat: {"success":true,"response":{"success":true,"channel":"SIP\/2002-0000004d","status":"up","status_detail":"Call is active and answered - media is flowing","dtmf_input":"2","dtmf_updated_at":"2025-11-07 10:44:10","dtmf_array":{"dtmf_input":"2","updated_at":"2025-11-07 10:44:10"}},"error":null}
[2025-11-07 16:15:56]Failed to update DTMF input and Call Status into <calls> table
[2025-11-07 16:15:57]Starting api.php
[2025-11-07 16:15:57]Database connection successful
[2025-11-07 16:15:57]MagnusBilling initialized successfully
[2025-11-07 16:15:57]Processing action: get_call_status, User ID: 7, Session data: {"csrf_token":"9e567ecbe14387147011fe1fdd28386c3ac43e919e0423d2bebb7fcb6521a7cf","user_id":7,"username":"ldata","magnus_user_id":21}
[2025-11-07 16:15:58]Raw Call Stat: {"success":true,"response":{"success":true,"channel":"SIP\/2002-0000004d","status":"ended","status_detail":"Channel no longer exists","dtmf_input":"2","dtmf_updated_at":"2025-11-07 10:44:10","dtmf_array":{"dtmf_input":"2","updated_at":"2025-11-07 10:44:10"}},"error":null}
[2025-11-07 16:16:20]Starting api.php
[2025-11-07 16:16:21]Database connection successful
[2025-11-07 16:16:21]MagnusBilling initialized successfully
[2025-11-07 16:16:21]Processing action: end_call, User ID: 7, Session data: {"csrf_token":"9e567ecbe14387147011fe1fdd28386c3ac43e919e0423d2bebb7fcb6521a7cf","user_id":7,"username":"ldata","magnus_user_id":21}
[2025-11-07 16:16:23]CallManager Output: {"success":true,"response":{"success":true,"output":"No such channel"},"error":null}
[2025-11-07 16:16:23]Ended call: call_id=294, callChannel=SIP/2002-0000004d, CDR Uniqueid=call_690dcd643ec73
[2025-11-07 16:16:24]Starting api.php
[2025-11-07 16:16:24]Database connection successful
[2025-11-07 16:16:24]MagnusBilling initialized successfully
[2025-11-07 16:16:24]Processing action: end_call, User ID: 7, Session data: {"csrf_token":"9e567ecbe14387147011fe1fdd28386c3ac43e919e0423d2bebb7fcb6521a7cf","user_id":7,"username":"ldata","magnus_user_id":21}
[2025-11-07 16:16:26]CallManager Output: {"success":true,"response":{"success":true,"output":"No such channel"},"error":null}
[2025-11-07 16:16:26]Ended call: call_id=293, callChannel=SIP/2002-0000004b, CDR Uniqueid=call_690b8601ecdee
